season,contractInfo,contractYear,id,salary,conference
2022,2022 UFA,1,0000,,0
2022,2022 TToff,1,11675,42,0
2022,2022 UFA,1,13230,1.30,0
2022,2022 ERFA,1,14185,0.97,0
2022,2022 UFA,1,12181,1.30,0
2022,2020 2.04,2,14840,1.71,0
2022,2020 1.10,2,14799,2.99,0
2022,2022 UFA,1,13753,1.30,0
2022,2022 R/F,2,13730,0.90,0
2022,2022 UFA,1,13246,0.90,0
2022,2022 oEXT,3,13208,7.21,0
2022,2021 EXT,5,13589,18.60,0
2022,2022 iEXT,5,14167,11.23,0
2022,2021 UFA,1,11222,16.50,0
2022,2022 iEXT,3,14153,4.80,0
2022,2022 3.09,4,15712,1.08,0
2022,2022 3.03,4,15858,1.18,0
2022,2022 UDFA,2,15903,0.77,0
2022,2020 EXT,3,13671,12.18,0
2022,2022 UFA,1,10814,1.30,0
2022,2022 R/F,2,13268,0.90,0
2022,2022 3.15,4,15911,1,0
2022,2019 EXT,1,12218,8.66,0
2022,2022 UFA,1,13759,0.90,0
2022,2022 5.05,3,15829,0.85,0
2022,2021 3.07,2,15301,1.12,0
2022,2022 4.17,3,15777,0.86,0
2022,2022 R/F,2,12083,0.90,0
2022,2022 UFA,1,13263,1.30,0
2022,2022 UFA,3,13251,6,0
2022,2020 EXT,2,13706,3.16,0
2022,2021 EXT,4,13604,10.79,0
2022,2021 3.04,3,15357,1.17,0
2022,2021 3.21,2,15409,0.98,0
2022,2021 UFA,1,13201,1.65,0
2022,2022 FRFA,3,12075,5.56,0
2022,2022 R/F,2,14217,0.90,0
2022,2020 UFA,1,14983,0.97,0
2022,2021 2.01,3,15293,1.90,0
2022,2022 UFA,3,13737,3.30,0
2022,2022 UFA,1,11679,1.80,0
2022,2022 3.01,4,15758,1.23,0
2022,2021 UFA,1,12718,5.50,0
2022,2022 UFA,1,15873,0.90,0
2022,2022 iEXT,4,14801,2.67,0
2022,2022 ERFA,1,13775,0.97,0
2022,2022 R/F,2,14933,0.90,0
2022,2022 UFA,1,15973,0.90,0
2022,2022 UFA,1,15904,1,0
2022,2021 2.13,3,15355,1.32,0
2022,2022 4.08,4,15861,0.90,0
2022,2022 5.16,4,15854,0.83,0
2022,2022 B/R,2,12686,15,0
2022,2019 1.04,1,14147,6.17,0
2022,2022 UFA,1,13418,0.90,0
2022,2021 UFA,0,14843,,0
2022,2022 UFA,1,13256,3,0
2022,2020 EXT,2,12650,7.26,0
2022,2020 UFA,1,12750,1.69,0
2022,2021 UFA,1,5848,16.50,0
2022,2022 2.12,4,15835,1.37,0
2022,2022 R/F,1,12616,0.90,0
2022,2020 3.06,2,14892,1.13,0
2022,2019 1.15+,1,14104,2.82,0
2022,2022 ERFA,1,12817,0.99,0
2022,2020 2.10,2,14897,1.42,0
2022,2021 3.11,3,15292,1.07,0
2022,2019 2.03^,1,14105,2.54,0
2022,2021 4.15,3,15356,0.90,0
2022,2022 UDFA,2,15872,0.77,0
2022,2022 R/F,2,14875,0.90,0
2022,2020 EXT,3,12688,13.60,0
2022,2022 1.07,4,15752,3.89,0
2022,2019 2.08^,1,14171,2.54,0
2022,2020 1.02,2,14777,7.45,0
2022,2019 1.08,1,14170,4.22,0
2022,2021 B/R,2,12752,3.30,0
2022,2022 R/F,2,15418,0.90,0
2022,2022 UDFA,2,15887,0.77,0
2022,2022 UFA,1,9051,1.30,0
2022,2022 SRFA,2,12779,3.99,0
2022,2019 2.01,1,14112,2.61,0
2022,2021 UDFA,2,15380,0.80,0
2022,2022 ERFA,1,13718,0.99,0
2022,2021 EXT,2,11644,10.92,0
2022,2022 UFA,1,12394,1.30,0
2022,2022 R/F,2,13703,0.90,0
2022,2022 UFA,1,15432,0.90,0
2022,2021 2.07,3,15258,1.54,0
2022,2022 UDFA,2,15870,0.77,0
2022,2022 UDFA,3,15723,0.77,0
2022,2022 UFA,1,13668,1.30,0
2022,2021 1.03,3,15281,5.95,0
2022,2022 4.02,4,15831,0.94,0
2022,2020 3.10,2,14927,1.09,0
2022,2021 EXT,3,13681,2.64,0
2022,2021 EXT,3,13610,12.36,0
2022,2022 2.11,4,15837,1.40,0
2022,2021 3.20,2,15364,0.98,0
2022,2021 UFA,1,13322,3.52,0
2022,2022 UFA,1,15826,0.90,0
2022,2022 UFA,1,12280,1.40,0
2022,2021 UFA,2,12739,4.84,0
2022,2020 2.15,2,14841,1.28,0
2022,2022 UFA,1,15878,0.90,0
2022,2018 FRFA,1,11706,4.53,0
2022,2022 UFA,1,10308,1.60,0
2022,2022 ERFA,1,14630,0.99,0
2022,2022 UFA,1,12250,0.90,0
2022,2022 UFA,1,12754,0.90,0
2022,2021 2.03,3,15290,1.76,0
2022,2021 2.06,3,15352,1.58,0
2022,2022 ERFA,1,13675,0.99,0
2022,2020 EXT,2,13146,10.56,0
2022,2022 4.14,4,15860,0.88,0
2022,2021 EXT,2,13128,20.98,0
2022,2022 2.02,4,15715,1.89,0
2022,2022 UFA,1,13844,0.90,0
2022,2021 B/R,1,11674,12.10,0
2022,2022 UFA,1,12175,16.70,0
2022,2022 2.10,4,15691,1.44,0
2022,2020 SRFA,1,10700,20.93,0
2022,2022 UFA,1,10762,1.30,0
2022,2019 6.13^,1,14225,2.54,0
2022,2022 5.09,4,15839,0.84,0
2022,2021 B/R,2,12184,4.95,0
2022,2022 ERFA,1,15001,0.99,0
2022,2022 UFA,1,14815,0.90,0
2022,2022 UFA,1,10313,1.50,0
2022,2022 UFA,1,14935,0.90,0
2022,2021 UDFA,2,15321,0.80,0
2022,2022 UFA,1,13592,1.40,0
2022,2022 UFA,1,13688,1.30,0
2022,2022 UFA,1,10768,3,0
2022,2022 UFA,2,13710,1.40,0
2022,2020 EXT,3,13153,8.25,0
2022,2022 UFA,1,10816,2.40,0
2022,2022 oEXT,6,14845,2.72,0
2022,2021 1.15,3,15373,2.09,0
2022,2022 2.15,4,15817,1.28,0
2022,2022 UFA,1,13479,0.90,0
2022,2022 4.07,4,15746,0.91,0
2022,2021 5.11,2,15396,0.86,0
2022,2022 2.09,4,15821,1.48,0
2022,2022 iEXT,3,14907,1.85,0
2022,2022 UFA,1,15979,0.90,0
2022,2021 TToff,2,13782,3.30,0
2022,2021 RRFA,1,12349,2.31,0
2022,2022 UFA,2,12186,25,0
2022,2020 6.08,2,14903,0.89,0
2022,2020 2.07,2,14805,1.54,0
2022,2022 UFA,1,13763,1.30,0
2022,2020 1.07,2,14800,3.94,0
2022,2019 EXT,1,11757,10.22,0
2022,2022 UFA,1,14108,1.30,0
2022,2022 1.12,4,15755,2.59,0
2022,2022 5.01,3,15779,0.86,0
2022,2022 UFA,2,13281,2.10,0
2022,2021 UFA,1,12630,3.74,0
2022,2020 5.04,1,14921,0.94,0
2022,2022 3.20,3,15797,0.96,0
2022,2022 UFA,1,14315,1.40,0
2022,2022 UFA,1,9825,0.90,0
2022,2021 UFA,2,12234,2.42,0
2022,2020 3.09,2,14847,1.10,0
2022,2022 3.04,4,15851,1.16,0
2022,2021 EXT,1,13726,2.72,0
2022,2022 UFA,1,13697,3.10,0
2022,2021 SRFA,1,13850,3.74,0
2022,2022 UFA,1,14222,1.30,0
2022,2022 UFA,1,14322,1.30,0
2022,2020 1.04,2,14803,5.58,0
2022,2021 UFA,0,14401,0.99,0
2022,2022 UFA,1,15250,1.30,0
2022,2022 UFA,1,13404,27.90,0
2022,2022 R/F,2,13806,0.90,0
2022,2019 EXT,2,12625,10.78,0
2022,2022 UFA,1,14303,0.90,0
2022,2022 UFA,1,15862,0.90,0
2022,2022 UDFA,2,15813,0.77,0
2022,2021 B/R,2,13189,5.50,0
2022,2022 UFA,1,14879,1.30,0
2022,2022 UFA,1,14270,1.30,0
2022,2022 UFA,1,11247,10,0
2022,2021 3.13,3,15302,1.04,0
2022,2021 1.06,3,15253,4.09,0
2022,2022 UFA,1,11671,23.50,0
2022,2022 UFA,2,13699,1.40,0
2022,2021 UFA,2,13236,2.20,0
2022,2022 UDFA,3,15780,0.77,0
2022,2019 2.02^,1,14137,2.54,0
2022,2021 1.07,3,15238,3.70,0
2022,2021 EXT,2,13713,5.85,0
2022,2021 SRFA,1,12734,3.74,0
2022,2022 UFA,1,8851,0.90,0
2022,2022 4.10,4,15713,0.89,0
2022,2022 UFA,1,13339,0.90,0
2022,2022 UFA,1,13933,0.90,0
2022,2022 UFA,1,13134,1.50,0
2022,2022 UFA,1,15437,1.30,0
2022,2021 UFA,1,13129,5.61,0
2022,2022 UFA,2,12217,1.40,0
2022,2021 EXT,2,15032,1.74,0
2022,2022 UFA,1,13085,0.90,0
2022,2022 UFA,1,13837,0.90,0
2022,2021 3.03,3,15331,1.19,0
2022,2022 UFA,1,12714,0.90,0
2022,2022 iEXT,3,14904,1.38,0
2022,2021 EXT,2,13809,2.98,0
2022,2022 UFA,1,14237,0.90,0
2022,2021 4.06,3,15255,0.94,0
2022,2022 UFA,3,13646,9.50,0
2022,2022 UFA,1,9694,1.30,0
2022,2022 5.06,4,15833,0.85,0
2022,2022 R/F,2,14224,0.90,0
2022,2022 UFA,1,11760,2.90,0
2022,2020 EXT,2,13198,9.85,0
2022,2021 EXT,3,14149,2.16,0
2022,2022 UFA,1,14244,0.90,0
2022,2022 iEXT,3,14926,2.43,0
2022,2021 EXT,1,13672,8.34,0
2022,2020 2.13,2,14852,1.32,0
2022,2022 UFA,1,14489,1.30,0
2022,2022 UFA,1,15499,1.30,0
2022,2022 UFA,1,10789,0.90,0
2022,2022 oEXT,2,14962,2,0
2022,2022 UFA,1,14652,0.90,0
2022,2021 B/R,3,13317,4.40,0
2022,2020 EXT,3,13163,33.79,0
2022,2020 EXT,3,13674,3.37,0
2022,2019 EXT,2,12611,5.45,0
2022,2022 ERFA,1,12278,0.97,0
2022,2022 B/R,1,13277,5.50,0
2022,2022 UFA,1,11239,1.30,0
2022,2022 5.20,2,15852,0.82,0
2022,2022 UFA,1,9826,0.90,0
2022,2022 UFA,1,15429,0.90,0
2022,2022 UFA,1,14405,1,0
2022,2022 UFA,1,15419,1,0
2022,2021 2.12,3,15381,1.35,0
2022,2022 UFA,1,15782,0.90,0
2022,2022 UFA,1,15337,0.90,0
2022,2022 oEXT,2,13746,3.80,0
2022,2022 ERFA,1,14882,0.99,0
2022,2022 iEXT,3,14247,2.04,0
2022,2021 R/F,1,12215,0.99,0
2022,2022 UFA,1,15543,0.90,0
2022,2020 2.12,2,14878,1.34,0
2022,2022 RRFA,3,12828,3,0
2022,2022 UFA,1,10457,0.90,0
2022,2022 1.01,4,15708,8.76,0
2022,2022 3.12,4,15812,1.04,0
2022,2022 UFA,1,14930,0.90,0
2022,2022 1.16,4,15834,2.07,0
2022,2020 3.13,2,14837,1.06,0
2022,2022 UFA,1,15469,0.90,0
2022,2019 1.16,1,14113,2.70,0
2022,2020 SRFA,1,12764,4.24,0
2022,2022 UFA,1,11359,0.90,0
2022,2022 UFA,3,13204,3.10,0
2022,2022 3.05,4,15823,1.14,0
2022,2019 2.16^,1,14075,2.54,0
2022,2021 1.05,3,15254,4.59,0
2022,2021 SRFA,1,11872,3.74,0
2022,2022 UFA,1,14213,0.90,0
2022,2022 B/R,1,14101,1.40,0
2022,2022 UFA,1,14821,1.30,0
2022,2022 UFA,1,14954,0.90,0
2022,2022 UFA,1,13771,0.90,0
2022,2022 UFA,1,12476,0.90,0
2022,2022 UFA,1,10945,1.30,0
2022,2019 2.05^,1,14087,2.54,0
2022,2021 EXT,3,13284,3.29,0
2022,2020 EXT,1,12626,17.66,0
2022,2020 FRFA,1,12676,5.57,0
2022,2020 1.14,2,14779,2.27,0
2022,2021 5.15,3,15271,0.86,0
2022,2021 UFA,1,10266,3.85,0
2022,2022 SRFA,1,12287,3.99,0
2022,2021 UFA,1,12678,5.17,0
2022,2020 1.15,2,14835,2.15,0
2022,2022 oEXT,6,14940,4.78,0
2022,2022 UFA,1,13742,1.30,0
2022,2022 4.01,4,15836,0.95,0
2022,2022 UFA,1,13424,1.30,0
2022,2022 iEXT,2,12801,36.87,0
2022,2022 UFA,1,13871,1.30,0
2022,2022 UFA,1,13414,1.30,0
2022,2022 R/F,2,13622,0.90,0
2022,2022 UFA,1,15183,0.90,0
2022,2022 R/F,2,15441,0.90,0
2022,2022 iEXT,4,14138,10.22,0
2022,2022 UFA,1,14849,0.90,0
2022,2022 UFA,1,15565,1,0
2022,2019 5.03^,1,14260,3.99,0
2022,2021 3.12,3,15366,1.06,0
2022,2022 UFA,1,13289,0.90,0
2022,2022 R/F,2,14182,0.90,0
2022,2021 UFA,1,12677,3.41,0
2022,2021 UFA,1,11232,29.70,0
2022,2021 3.10,3,15361,1.08,0
2022,2022 UFA,1,15928,0.90,0
2022,2022 UFA,1,10277,0.90,0
2022,2020 EXT,2,12742,4.75,0
2022,2022 4.15,4,15693,0.87,0
2022,2021 4.04,3,15261,0.95,0
2022,2021 EXT,2,13684,6.69,0
2022,2021 UDFA,2,15452,0.80,0
2022,2020 SRFA,1,13223,3.99,0
2022,2020 FRFA,2,13138,5.57,0
2022,2019 EXT,2,12221,15.71,0
2022,2022 UFA,1,14789,0.90,0
2022,2022 R/F,2,13680,0.90,0
2022,2020 3.07,2,14783,1.12,0
2022,2022 1.11,4,15805,2.77,0
2022,2022 UFA,1,11382,1.30,0
2022,2021 UFA,1,12987,1.43,0
2022,2022 UDFA,2,15734,0.77,0
2022,2022 UFA,1,12702,3.30,0
2022,2022 R/F,2,13226,0.90,0
2022,2022 UDFA,3,15899,0.77,0
2022,2022 UFA,1,15016,0.90,0
2022,2022 UFA,1,15277,0.90,0
2022,2022 UFA,1,13738,0.90,0
2022,2022 4.13,4,15811,0.88,0
2022,2022 R/F,2,13229,0.90,0
2022,2021 RRFA,3,13917,5.50,0
2022,2022 UFA,1,9861,0.90,0
2022,2021 EXT,4,13593,17.08,0
2022,2022 UFA,1,14252,0.90,0
2022,2022 UFA,1,15549,0.90,0
2022,2019 1.02,1,14073,8.12,0
2022,2021 EXT,3,13714,6.92,0
2022,2022 B/R,2,12305,6,0
2022,2022 UFA,1,13722,0.90,0
2022,2020 1.08,2,14836,3.55,0
2022,2020 3.01,2,14858,1.22,0
2022,2022 UFA,1,13288,0.90,0
2022,2022 UFA,1,14860,0.90,0
2022,2020 1.05,2,14833,4.92,0
2022,2022 UFA,2,13702,1.40,0
2022,2022 RRFA,2,12700,2.43,0
2022,2019 2.12^,1,14208,2.54,0
2022,2022 UFA,1,14924,0.90,0
2022,2022 2.05,4,15809,1.68,0
2022,2022 UFA,1,13274,1.30,0
2022,2022 UFA,1,14861,1.40,0
2022,2022 UDFA,2,15912,0.77,0
2022,2022 ERFA,1,13764,0.97,0
2022,2022 UFA,1,14095,0.90,0
2022,2021 UFA,1,13848,1.43,0
2022,2020 EXT,3,13319,19.57,0
2022,2022 iEXT,4,14910,2.19,0
2022,2022 UFA,1,10753,1.30,0
2022,2021 UFA,2,12741,6.60,0
2022,2021 EXT,3,13332,2.50,0
2022,2022 UFA,1,11793,0.90,0
2022,2019 2.14,1,14059,1.78,0
2022,2022 UFA,1,12745,3,0
2022,2019 5.11,1,14164,0.85,0
2022,2021 4.07,2,15404,0.94,0
2022,2022 UFA,1,15881,0.90,0
2022,2022 UFA,1,12988,0.90,0
2022,2022 B/R,1,10271,3,0
2022,2022 UFA,1,13748,1.40,0
2022,2021 1.14,3,15241,2.20,0
2022,2022 5.26,2,15868,0.82,0
2022,2022 UFA,1,10738,0.90,0
2022,2022 UFA,2,13606,1.40,0
2022,2022 5.21,4,15863,0.82,0
2022,2022 4.08,4,15767,0.92,0
2022,2022 UFA,1,13176,1.40,0
2022,2021 4.09,3,15330,0.92,0
2022,2021 B/R,1,10292,6.05,0
2022,2022 UFA,1,13898,0.90,0
2022,2022 UFA,1,15383,0.90,0
2022,2022 5.02,4,15871,0.86,0
2022,2022 UFA,1,9904,0.90,0
2022,2022 SRFA,2,13810,3.99,0
2022,2021 SRFA,1,12795,3.74,0
2022,2022 iEXT,3,13132,11.33,0
2022,2022 2.07,4,15808,1.57,0
2022,2022 ERFA,1,12720,0.99,0
2022,2020 TToff,1,11244,29.04,0
2022,2022 UFA,1,14807,0.90,0
2022,2022 B/R,1,12239,6.70,0
2022,2022 UFA,1,13232,1,0
2022,2020 2.11,2,14899,1.38,0
2022,2021 EXT,3,13633,12.95,0
2022,2022 ERFA,1,11772,0.99,0
2022,2019 EXT,2,13299,8.97,0
2022,2020 4.07,2,14867,0.98,0
2022,2022 UFA,1,15727,2.10,0
2022,2022 SRFA,3,14143,3.99,0
2022,2022 UFA,1,16016,0.90,0
2022,2022 UFA,1,15795,0.90,0
2022,2022 UFA,1,13403,0.90,0
2022,2020 EXT,1,13164,10.75,0
2022,2020 1.06,2,14832,4.37,0
2022,2021 1.02,3,15240,6.93,0
2022,2022 NEFT,1,13700,18.52,0
2022,2022 B/R,2,11680,7,0
2022,2022 SRFA,2,13224,3.99,0
2022,2019 EXT,2,11769,5.95,0
2022,2019 3.10^,1,14159,2.54,0
2022,2021 1.01,3,15237,8.20,0
2022,2022 R/F,2,13202,0.90,0
2022,2022 UFA,1,12687,1.30,0
2022,2021 EXT,2,13632,3.94,0
2022,2022 5.10,4,15818,0.84,0
2022,2022 UFA,1,7578,0.90,0
2022,2022 UFA,1,15445,0.90,0
2022,2021 EXT,3,13733,15.49,0
2022,2022 UDFA,3,15798,0.77,0
2022,2022 1.14,4,15822,2.29,0
2022,2021 EXT,3,12187,11.04,0
2022,2022 1.04,4,15751,5.50,0
2022,2022 ERFA,1,14268,0.99,0
2022,2020 3.05,2,14782,1.14,0
2022,2022 UFA,1,14179,1.30,0
2022,2022 UFA,1,12791,1.30,0
2022,2022 oEXT,2,13952,2.35,0
2022,2020 EXT,1,11721,12.75,0
2022,2022 UFA,1,14900,1,0
2022,2022 4.12,4,15853,0.88,0
2022,2020 EXT,4,13116,26.97,0
2022,2022 5.25,4,15867,0.82,0
2022,2022 UFA,1,14985,0.90,0
2022,2022 R/F,2,12141,0.90,0
2022,2021 2.04,3,15308,1.69,0
2022,2022 UFA,1,15972,0.90,0
2022,2022 UFA,1,11313,1.40,0
2022,2022 UFA,1,15876,0.90,0
2022,2022 UDFA,3,15820,0.77,0
2022,2019 3.15^,1,14223,2.54,0
2022,2020 UFA,1,13252,2.66,0
2022,2021 EXT,4,13590,7.01,0
2022,2022 3.06,4,15794,1.13,0
2022,2019 EXT,1,13130,21.82,0
2022,2022 UFA,1,12311,0.90,0
2022,2022 UFA,1,9846,1.30,0
2022,2022 UFA,1,15849,1.30,0
2022,2022 5.11,2,15845,0.84,0
2022,2022 5.18,3,15890,0.83,0
2022,2022 UFA,1,13313,1.40,0
2022,2020 3.15,2,14908,1.04,0
2022,2022 R/F,2,11761,0.90,0
2022,2022 iEXT,3,14109,8.68,0
2022,2022 UFA,1,11017,0.90,0
2022,2021 5.12,3,15368,0.86,0
2022,2022 iEXT,5,14102,9.10,0
2022,2022 2.16,4,15759,1.25,0
2022,2022 SRFA,1,14127,3.99,0
2022,2020 SRFA,1,13307,3.99,0
2022,2021 EXT,2,10267,2.30,0
2022,2021 EXT,2,15252,7.28,0
2022,2022 UFA,1,14846,0.90,0
2022,2022 UFA,1,14067,0.90,0
2022,2021 5.01,2,15263,0.88,0
2022,2022 UDFA,3,15909,0.77,0
2022,2019 EXT,3,13131,2.56,0
2022,2021 2.11,3,15365,1.39,0
2022,2021 5.02,3,15402,0.88,0
2022,2019 1.07+,1,14071,4.57,0
2022,2020 UDFA,1,14974,0.84,0
2022,2022 UFA,1,12773,0.90,0
2022,2022 UFA,3,13635,24.60,0
2022,2021 1.13,3,15288,2.33,0
2022,2021 UFA,2,13470,3.30,0
2022,2021 1.16,3,15283,1.99,0
2022,2022 1.09,4,15766,3.24,0
2022,2022 UFA,1,13270,0.90,0
2022,2022 UFA,1,14239,1.30,0
2022,2022 UFA,1,13426,0.90,0
2022,2022 UFA,1,13998,1.30,0
2022,2020 B/R*,1,11728,10.12,0
2022,2020 2.14,2,14798,1.30,0
2022,2022 ERFA,1,12447,0.99,0
2022,2022 iEXT,4,15830,1.58,0
2022,2021 R/F,1,14180,0.99,0
2022,2020 2.01,2,14889,1.94,0
2022,2019 1.01+,1,14056,9.62,0
2022,2022 UFA,1,11390,1,0
2022,2022 UFA,1,12437,0.90,0
2022,2022 UFA,1,14028,1.30,0
2022,2022 UFA,1,12291,0.90,0
2022,2019 SRFA,1,12756,3.33,0
2022,2022 UFA,1,13777,0.90,0
2022,2022 UFA,1,13192,6.20,0
2022,2022 UFA,2,13704,2.50,0
2022,2021 4.18,2,15386,0.89,0
2022,2021 UDFA,2,15393,0.80,0
2022,2022 oEXT,2,13265,4.48,0
2022,2022 3.18,4,15807,0.98,0
2022,2021 3.01,3,15385,1.22,0
2022,2021 EXT,3,14218,4.20,0
2022,2022 UFA,1,15889,0.90,0
2022,2022 UFA,1,13685,1,0
2022,2022 R/F,2,14902,0.90,0
2022,2022 UFA,1,12948,1.30,0
2022,2022 1.08,4,15754,3.54,0
2022,2022 iEXT,3,14158,3.51,0
2022,2022 ERFA,1,13813,0.97,0
2022,2021 3.16,3,15382,1.01,0
2022,2022 UFA,1,12782,1.30,0
2022,2022 UFA,3,14977,2.40,0
2022,2022 UFA,1,15802,0.90,0
2022,2021 2.15,3,15378,1.26,0
2022,2022 UFA,1,14414,1.40,0
2022,2021 2.08,3,15351,1.50,0
2022,2022 5.03,3,15749,0.86,0
2022,2021 3.08,3,15319,1.10,0
2022,2021 SRFA,3,12176,3.74,0
2022,2021 1.12,3,15350,2.48,0
2022,2022 UFA,1,13488,0.90,0
2022,2022 4.16,4,15855,0.87,0
2022,2022 ERFA,1,13377,0.99,0
2022,2022 UFA,1,11225,8.70,0
2022,2021 2.10,3,15345,1.42,0
2022,2022 UFA,1,13723,3.60,0
2022,2022 UFA,1,13608,9.70,0
2022,2020 4.11,2,14857,0.97,0
2022,2022 UFA,1,13133,1.40,0
2022,2021 3.17,2,15400,1.00,0
2022,2021 UFA,2,12197,2.20,0
2022,2022 RRFA,1,12238,3,0
2022,2021 UFA,3,12245,1.43,0
2022,2022 R/F,2,10260,0.90,0
2022,2022 5.14,4,15901,0.83,0
2022,2022 UFA,4,13693,2.40,0
2022,2021 2.09,3,15349,1.45,0
2022,2022 1.13,4,15762,2.43,0
2022,2022 1.05,4,15692,4.85,0
2022,2022 2.01,4,15768,1.97,0
2022,2022 2.06,4,15717,1.62,0
2022,2022 UFA,1,9833,0.90,0
2022,2022 3.11,4,15850,1.05,0
2022,2020 2.03,2,14842,1.78,0
2022,2021 1.04,3,15329,5.19,0
2022,2022 FRFA,3,14085,5.56,0
2022,2021 EXT,2,11317,6.71,0
2022,2022 UFA,1,8930,0.90,0
2022,2019 4.13,1,14210,1.03,0
2022,2021 EXT,5,12620,22.94,0
2022,2022 UFA,1,12126,0.90,0
2022,2022 UFA,1,15698,1.30,0
2022,2020 2.02,2,14896,1.85,0
2022,2018 ORFA,1,12711,4.25,0
2022,2021 B/R,2,12735,1.43,0
2022,2019 4.15^,1,14186,2.54,0
2022,2022 UFA,1,13066,0.90,0
2022,2022 UFA,3,12802,1.60,0
2022,2020 1.16,2,14839,2.04,0
2022,2021 UFA,1,13245,5.83,0
2022,2022 UFA,1,13774,1.30,0
2022,2022 R/F,2,12698,0.90,0
2022,2022 UFA,1,14384,1.30,0
2022,2022 UFA,3,13717,3,0
2022,2022 UFA,1,14123,17.60,0
2022,2022 UFA,1,14727,0.90,0
2022,2022 UFA,1,13168,0.90,0
2022,2022 2.08,4,15697,1.52,0
2022,2021 B/R,3,13629,22.55,0
2022,2022 UFA,1,13434,0.90,0
2022,2022 UFA,1,12697,0.90,0
2022,2022 SRFA,2,11678,14,0
2022,2022 3.17,3,15716,0.98,0
2022,2022 UFA,1,12785,1.30,0
2022,2022 UDFA,2,15907,0.77,0
2022,2020 6.16,2,14813,0.89,0
2022,2022 3.19,4,15757,0.97,0
2022,2019 EXT,2,7836,18.25,0
2022,2021 2.16,3,15297,1.24,0
2022,2022 UDFA,3,15914,0.77,0
2022,2022 4.03,3,15763,0.94,0
2022,2021 3.02,3,15346,1.20,0
2022,2022 UFA,1,13124,0.90,0
2022,2022 UFA,1,9099,0.90,0
2022,2022 UFA,1,15408,0.90,0
2022,2021 4.23,2,15384,0.88,0
2022,2019 EXT,1,13157,4.00,0
2022,2022 iEXT,2,14136,22.26,0
2022,2022 iEXT,2,15975,1.51,0
2022,2022 R/F,2,13832,0.90,0
2022,2019 1.06,1,14079,5.00,0
2022,2022 5.27,3,15810,0.82,0
2022,2022 UFA,1,14215,0.90,0
2022,2019 3.08^,1,14197,2.54,0
2022,2021 EXT,3,13772,5.40,0
2022,2022 UFA,1,14302,1.30,0
2022,2021 2.02,3,15257,1.83,0
2022,2022 UFA,1,16080,0.90,0
2022,2022 4.04,4,15761,0.93,0
2022,2020 2.08,2,14838,1.49,0
2022,2021 EXT,2,13839,3.47,0
2022,2020 1.13,2,14887,2.41,0
2022,2019 3.07^,1,14163,3.99,0
2022,2021 SRFA,2,12767,3.74,0
2022,2022 iEXT,2,14080,2.87,0
2022,2022 UFA,1,14412,0.90,0
2022,2022 UFA,1,15491,0.90,0
2022,2022 UFA,1,14122,1.40,0
2022,2022 UFA,1,14141,1.30,0
2022,2021 1.10,3,15282,2.85,0
2022,2021 5.07,2,15411,0.87,0
2022,2022 UFA,1,11150,1.40,0
2022,2021 UFA,1,10783,3.30,0
2022,2021 UFA,0,10294,0.99,0
2022,2022 UFA,2,12270,2.10,0
2022,2022 UFA,3,13696,9.60,0
2022,2022 UFA,1,13645,0.90,0
2022,2020 UFA,1,12301,1.69,0
2022,2018 FRFA,1,13156,5.85,0
2022,2022 UFA,1,15007,0.90,0
2022,2022 UFA,1,13676,0.90,0
2022,2022 UFA,2,14956,1.50,0
2022,2022 UFA,1,14072,0.90,0
2022,2022 3.07,4,15709,1.11,0
2022,2021 3.09,3,15287,1.09,0
2022,2022 UFA,1,13637,1.30,0
2022,2021 B/R,1,9431,18.81,0
2022,2021 4.21,3,15430,0.88,0
2022,2021 4.10,3,15259,0.92,0
2022,2022 RRFA,2,13298,2.43,0
2022,2022 4.11,4,15832,0.89,0
2022,2021 5.08,3,15377,0.87,0
2022,2022 UFA,1,16011,1.30,0
2022,2022 5.13,4,15884,0.83,0
2022,2022 4.05,3,15733,0.92,0
2022,2022 UFA,1,9686,0.90,0
2022,2022 UFA,1,9815,0.90,0
2022,2021 3.05,3,15362,1.14,0
2022,2022 UFA,1,13276,0.90,0
2022,2022 oEXT,3,13630,14.05,0
2022,2022 UFA,1,12378,0.90,0
2022,2022 UFA,1,13690,3,0
2022,2022 iEXT,4,14148,4.26,0
2022,2020 1.11,2,14797,2.76,0
2022,2020 1.03,2,14778,6.40,0
2022,2022 B/R,2,10697,5,0
2022,2022 UFA,1,15173,1.30,0
2022,2022 UFA,1,15856,0.90,0
2022,2020 4.05,2,14923,0.99,0
2022,2020 1.01,2,14802,8.76,0
2022,2020 5.14,2,14918,0.91,0
2022,2022 1.15,4,15806,2.17,0
2022,2022 iEXT,2,11938,12.10,0
2022,2022 UDFA,3,15814,0.77,0
2022,2022 SRFA,2,11647,3.99,0
2022,2022 SRFA,2,12652,13.50,0
2022,2022 ERFA,1,14518,0.99,0
2022,2022 B/R,4,12231,5.50,0
2022,2022 UFA,1,15699,0.90,0
2022,2022 UFA,1,14207,1.30,0
2022,2022 3.16,3,15787,0.99,0
2022,2019 3.09^,1,14161,2.54,0
2022,2022 3.08,2,15824,1.09,0
2022,2022 3.02,4,15788,1.20,0
2022,2021 UFA,2,13260,2.20,0
2022,2021 2.05,3,15289,1.64,0
2022,2022 B/R,3,13427,3.50,0
2022,2022 ERFA,1,15051,0.99,0
2022,2022 R/F,2,14235,0.90,0
2022,2020 4.10,2,14870,0.97,0
2022,2022 R/F,2,13115,0.90,0
2022,2021 3.14,3,15379,1.03,0
2022,2022 NEFT,1,10976,3.24,0
2022,2021 3.15,3,15376,1.02,0
2022,2022 UFA,1,14675,0.90,0
2022,2022 UFA,1,14925,1.40,0
2022,2022 UFA,1,12317,0.90,0
2022,2021 RRFA,2,13793,3.30,0
2022,2022 UFA,2,14249,2.50,0
2022,2022 UFA,1,13727,0.90,0
2022,2020 2.06,2,14810,1.58,0
2022,2021 EXT,2,13692,2.05,0
2022,2020 UFA,1,12762,2.42,0
2022,2022 UDFA,2,16003,0.77,0
2022,2021 1.09,3,15284,3.09,0
2022,2022 UFA,2,10775,10,0
2022,2022 UFA,1,15668,1.10,0
2022,2022 1.03,4,15711,6.32,0
2022,2022 UFA,1,13306,1.40,0
2022,2022 R/F,2,14948,0.90,0
2022,2022 2.14,4,15846,1.31,0
2022,2020 SRFA,1,13747,3.99,0
2022,2022 2.04,4,15815,1.74,0
2022,2021 EXT,1,12263,14.04,0
2022,2022 UFA,1,13920,1.30,0
2022,2022 UFA,1,13707,0.90,0
2022,2022 UFA,1,12744,0.90,0
2022,2022 UFA,1,11768,0.90,0
2022,2021 EXT,4,13743,5.57,0
2022,2022 iEXT,2,15742,2.77,0
2022,2022 UFA,1,14971,0.90,0
2022,2022 UFA,3,13631,1.50,0
2022,2022 UFA,1,14992,1.30,0
2022,2022 UFA,1,11670,1.40,0
2022,2022 1.10,4,15789,2.99,0
2022,2019 EXT,3,13113,11.08,0
2022,2022 UFA,1,15950,1.40,0
2022,2022 FRFA,3,10272,5.56,0
2022,2021 EXT,4,13214,18.34,0
2022,2022 R/F,2,14269,0.90,0
2022,2022 ERFA,1,11985,0.99,0
2022,2019 EXT,2,12610,11.66,0
2022,2021 2.14,3,15387,1.30,0
2022,2022 UFA,1,15109,1.40,0
2022,2022 iEXT,3,14168,6.32,0
2022,2022 UFA,2,13762,3.60,0
2022,2022 UFA,1,13598,1.30,0
2022,2022 3.14,3,15721,1.02,0
2022,2022 UFA,1,13249,1.40,0
2022,2022 3.10,4,15714,1.06,0
2022,2022 UFA,3,13760,5,0
2022,2022 iEXT,4,14162,12.27,0
2022,2022 UFA,1,13959,0.90,0
2022,2022 UFA,1,12979,0.90,0
2022,2022 UDFA,2,15791,0.77,0
2022,2021 UFA,1,13139,1.43,0
2022,2022 1.06,4,15756,4.32,0
2022,2021 1.11,3,15256,2.65,0
2022,2022 UDFA,3,15710,0.77,0
2022,2022 TToff,3,12225,11.40,0
2022,2022 oEXT,4,13253,1.94,0
2022,2021 EXT,3,13154,11.48,0
2022,2022 UFA,1,15391,0.90,0
2022,2022 ERFA,1,14221,0.99,0
2022,2019 1.10,1,14157,3.66,0
2022,2022 5.07,4,15857,0.84,0
2022,2022 2.03,4,15694,1.81,0
2022,2022 UFA,1,14283,0.90,0
2022,2022 1.02,4,15753,7.38,0
2022,2022 UFA,1,14017,1.30,0
2022,2020 3.03,2,14928,1.19,0
2022,2022 UFA,1,15422,1,0
2022,2021 B/R,3,10703,24.20,0
2022,2021 1.08,3,15239,3.37,0
2022,2020 4.15,2,14909,0.95,0
2022,2022 SRFA,3,12140,3.99,0
2022,2022 R/F,2,13296,0.90,0
2022,2022 UFA,1,14947,0.90,0
2022,2022 UFA,1,9940,0.90,0
2022,2022 3.13,4,15840,1.03,0
2022,2021 UFA,3,11228,16.06,0
2022,2021 R/F,1,13325,0.99,0
2022,2022 UDFA,2,15894,0.77,0
2022,2022 UFA,2,13212,2,0
2022,2022 UDFA,2,15864,0.77,0
2022,2022 UFA,1,16010,0.90,0
2022,2022 2.13,4,15819,1.34,0
2022,2022 5.23,4,15882,0.82,0
2022,2020 1.09,2,14877,3.25,0
2022,2022 R/F,1,14592,0.90,0
2022,2022 UFA,1,15696,0.90,0
2022,2022 UFA,1,10868,0.90,0
2022,2022 UFA,1,0000,,1
2022,2019 2.16^,1,14184,2.54,1
2022,2020 EXT,2,11675,25.73,1
2022,2021 EXT,2,13230,9.02,1
2022,2022 SRFA,1,14185,3.99,1
2022,2021 UDFA,2,15394,0.80,1
2022,2021 UFA,2,12181,3.08,1
2022,2020 2.04,2,14840,1.71,1
2022,2020 1.14,2,14799,2.27,1
2022,2022 iEXT,2,13753,3.26,1
2022,2022 UFA,1,13730,2.20,1
2022,2019 EXT,1,12233,1.67,1
2022,2020 EXT,2,13208,5.80,1
2022,2021 EXT,4,13589,19.31,1
2022,2019 1.05,1,14167,5.53,1
2022,2019 EXT,1,11222,10.19,1
2022,2019 3.08^,1,14153,2.54,1
2022,2022 3.15,4,15712,1,1
2022,2022 UFA,2,12308,2.20,1
2022,2022 3.03,4,15858,1.18,1
2022,2022 UFA,1,13671,26.80,1
2022,2022 UFA,1,10814,1.30,1
2022,2022 UFA,1,13268,1.30,1
2022,2022 4.10,4,15911,0.90,1
2022,2019 3.05,1,14107,1.53,1
2022,2022 4.22,1,15879,0.85,1
2022,2020 FRFA,2,12218,8.47,1
2022,2022 UFA,2,13759,1.30,1
2022,2022 SRFA,3,12083,3.99,1
2022,2022 UFA,2,13263,1.40,1
2022,2022 UFA,1,13980,0.90,1
2022,2022 R/F,2,14256,0.90,1
2022,2021 UFA,1,13251,7.15,1
2022,2022 UFA,2,13706,3.60,1
2022,2022 oEXT,3,13604,11.38,1
2022,2021 3.05,3,15357,1.14,1
2022,2021 4.12,3,15409,0.89,1
2022,2021 EXT,3,12075,8.57,1
2022,2022 R/F,2,14217,0.90,1
2022,2021 3.11,3,15348,1.07,1
2022,2022 UFA,1,14983,0.90,1
2022,2021 1.14,3,15293,2.20,1
2022,2022 UFA,4,13737,4.60,1
2022,2019 EXT,2,11679,9.60,1
2022,2022 3.04,4,15758,1.16,1
2022,2020 UFA,1,12718,6.29,1
2022,2022 UDFA,1,15873,0.77,1
2022,2022 ERFA,1,13775,0.97,1
2022,2022 UDFA,1,15869,0.77,1
2022,2022 UFA,1,14933,1.30,1
2022,2022 UFA,1,16018,0.90,1
2022,2022 R/F,2,14912,0.90,1
2022,2022 UFA,1,13869,0.90,1
2022,2021 2.12,3,15355,1.35,1
2022,2022 4.20,1,15861,0.86,1
2022,2022 5.05,4,15854,0.84,1
2022,2022 UFA,3,12686,9.80,1
2022,2022 iEXT,4,14147,18.49,1
2022,2022 ERFA,1,13418,0.99,1
2022,2021 R/F,1,13256,0.99,1
2022,2022 B/R,1,12650,5.60,1
2022,2022 oEXT,2,12750,2.60,1
2022,2022 FRFA,1,5848,17.82,1
2022,2022 UFA,1,12110,2.40,1
2022,2022 2.15,4,15835,1.28,1
2022,2020 3.15,2,14892,1.04,1
2022,2022 iEXT,5,14104,15.79,1
2022,2020 2.09,2,14897,1.45,1
2022,2021 UFA,1,13304,6.82,1
2022,2021 SRFA,1,14105,3.74,1
2022,2022 UFA,1,13172,1.30,1
2022,2021 3.21,3,15356,0.98,1
2022,2022 UFA,1,15872,1.30,1
2022,2020 6.05,2,14875,0.91,1
2022,2022 UFA,1,15177,0.90,1
2022,2021 UFA,3,12688,11.22,1
2022,2022 UFA,1,10862,0.90,1
2022,2022 1.04,4,15752,5.50,1
2022,2022 iEXT,4,14171,5.76,1
2022,2020 1.01,2,14777,8.76,1
2022,2019 1.13,1,14170,3.09,1
2022,2022 UFA,1,13354,0.90,1
2022,2022 UFA,1,12752,6.30,1
2022,2022 UFA,1,10653,0.90,1
2022,2022 UFA,1,15418,0.90,1
2022,2022 UFA,1,12464,0.90,1
2022,2021 EXT,2,15034,4.00,1
2022,2022 UFA,1,15887,0.90,1
2022,2022 UFA,1,9051,2.50,1
2022,2022 FRFA,3,12779,5.56,1
2022,2019 2.01,1,14112,2.61,1
2022,2021 5.01,2,15380,0.87,1
2022,2022 UFA,1,13718,1.40,1
2022,2021 RRFA,1,11644,5.50,1
2022,2022 UFA,1,12394,0.90,1
2022,2022 UFA,3,13703,1.60,1
2022,2022 R/F,2,15432,0.90,1
2022,2021 2.08,3,15258,1.50,1
2022,2019 5.08,1,14251,0.88,1
2022,2022 ORFA3,1,13668,3.20,1
2022,2021 1.03,3,15281,5.95,1
2022,2022 4.08,3,15831,0.91,1
2022,2022 UDFA,1,15965,0.77,1
2022,2020 2.15,2,14927,1.28,1
2022,2022 UFA,2,13681,5.30,1
2022,2021 EXT,2,13610,11.08,1
2022,2022 2.13,4,15837,1.34,1
2022,2021 4.03,1,15364,0.92,1
2022,2022 RRFA,1,13322,2.43,1
2022,2022 UFA,1,15826,1,1
2022,2022 UFA,1,12280,0.90,1
2022,2021 EXT,3,12739,3.49,1
2022,2020 2.10,2,14841,1.42,1
2022,2022 UDFA,3,15878,0.77,1
2022,2022 UFA,1,11706,2.50,1
2022,2022 UFA,1,10308,1.70,1
2022,2021 R/F,1,14630,0.99,1
2022,2019 2.08,1,14155,2.08,1
2022,2021 3.09,3,15290,1.09,1
2022,2021 2.05,3,15352,1.64,1
2022,2022 UFA,1,13675,0.90,1
2022,2020 EXT,1,13146,7.66,1
2022,2022 4.23,4,15860,0.85,1
2022,2022 iEXT,2,13128,21.10,1
2022,2022 2.03,4,15715,1.81,1
2022,2022 UFA,1,13844,0.90,1
2022,2021 B/R,2,11674,10.34,1
2022,2022 B/R,3,12175,13.70,1
2022,2021 UDFA,2,15484,0.80,1
2022,2022 3.02,3,15691,1.20,1
2022,2022 UFA,2,10700,12,1
2022,2022 B/R,1,10762,1.40,1
2022,2022 SFRA,2,14225,3.99,1
2022,2021 B/R,3,12184,2.75,1
2022,2022 UFA,1,13216,6.10,1
2022,2022 ERFA,1,15001,0.97,1
2022,2022 UFA,1,10313,3.10,1
2022,2022 R/F,1,14935,0.90,1
2022,2022 UFA,1,13592,0.90,1
2022,2022 UFA,1,13688,1.30,1
2022,2021 UFA,1,10768,8.25,1
2022,2021 TToff,2,13710,4.07,1
2022,2021 UFA,1,13153,5.50,1
2022,2022 UFA,1,10816,4.20,1
2022,2020 UDFA,1,14845,0.84,1
2022,2021 1.16,3,15373,1.99,1
2022,2022 2.11,4,15817,1.40,1
2022,2022 UFA,1,13479,0.90,1
2022,2020 5.11,2,14898,0.92,1
2022,2020 3.14,2,14943,1.04,1
2022,2022 4.04,1,15746,0.94,1
2022,2021 5.06,3,15396,0.87,1
2022,2022 UFA,1,14219,1.30,1
2022,2022 2.02,4,15821,1.89,1
2022,2020 3.06,1,14907,1.13,1
2022,2021 EXT,3,13782,3.08,1
2022,2021 UFA,1,12349,1.43,1
2022,2022 UFA,2,12186,25,1
2022,2020 6.04,2,14903,0.91,1
2022,2020 2.16,2,14805,1.24,1
2022,2022 UFA,1,13763,0.90,1
2022,2022 UFA,1,12842,0.90,1
2022,2020 1.08,2,14800,3.55,1
2022,2022 iEXT,2,11757,11.49,1
2022,2022 2.05,4,15755,1.68,1
2022,2022 4.18,4,15779,0.86,1
2022,2022 UFA,2,13281,1.40,1
2022,2021 UFA,2,12630,2.75,1
2022,2020 3.11,1,14921,1.08,1
2022,2022 4.05,4,15797,0.93,1
2022,2022 UFA,1,9825,0.90,1
2022,2020 SRFA,1,12234,3.99,1
2022,2020 4.11,2,14847,0.97,1
2022,2022 2.14,4,15851,1.31,1
2022,2022 UFA,1,15748,0.90,1
2022,2022 UFA,1,13294,0.90,1
2022,2021 FRFA,2,13726,5.28,1
2022,2022 UFA,1,13716,0.90,1
2022,2022 UFA,1,13697,6.20,1
2022,2020 4.01,1,14844,1.01,1
2022,2021 UFA,2,13850,1.98,1
2022,2022 UFA,1,14222,1.40,1
2022,2022 oEXT,2,14322,3.69,1
2022,2020 1.04,2,14803,5.58,1
2022,2021 B/R,1,13404,13.31,1
2022,2022 4.16,4,15847,0.87,1
2022,2022 UFA,1,13806,0.90,1
2022,2019 EXT,1,12625,10.80,1
2022,2022 UFA,1,11789,0.90,1
2022,2022 5.16,4,15862,0.82,1
2022,2021 UFA,2,13189,1.43,1
2022,2022 UFA,1,14879,0.90,1
2022,2022 UFA,1,14270,1,1
2022,2022 UFA,1,11247,1,1
2022,2021 1.12,3,15253,2.48,1
2022,2022 UFA,1,11671,23,1
2022,2022 UFA,1,13699,1.30,1
2022,2019 EXT,2,13236,2.88,1
2022,2022 UFA,1,12860,0.90,1
2022,2019 2.05^,1,14137,2.54,1
2022,2021 4.07,3,15360,0.90,1
2022,2022 ERFA,1,13798,0.99,1
2022,2021 5.07,3,15303,0.86,1
2022,2019 1.16,1,14151,2.70,1
2022,2021 1.02,3,15238,6.93,1
2022,2022 UFA,1,15431,0.90,1
2022,2022 UFA,2,13713,6,1
2022,2022 SRFA,2,12734,3.99,1
2022,2022 UFA,1,10699,1.40,1
2022,2022 UFA,1,8851,1,1
2022,2022 4.13,4,15713,0.88,1
2022,2022 UFA,1,13339,0.90,1
2022,2021 EXT,3,13933,2.13,1
2022,2022 UFA,1,13134,0.90,1
2022,2022 UFA,1,15437,0.90,1
2022,2021 UFA,1,13129,1.87,1
2022,2021 UFA,2,12217,2.20,1
2022,2022 ERFA,1,15032,0.97,1
2022,2022 UFA,1,13085,0.90,1
2022,2022 iEXT,3,13837,5.06,1
2022,2021 2.11,3,15331,1.39,1
2022,2022 UFA,2,14991,3.70,1
2022,2022 UFA,1,12714,1.30,1
2022,2022 UFA,1,14904,0.90,1
2022,2021 SRFA,1,13809,3.74,1
2022,2022 UFA,1,14237,1.40,1
2022,2021 4.01,3,15255,0.92,1
2022,2021 EXT,3,13646,4.22,1
2022,2022 UFA,1,9694,0.90,1
2022,2022 UFA,1,13888,0.90,1
2022,2022 3.17,3,15833,0.98,1
2022,2022 ERFA,1,14224,0.97,1
2022,2022 SRFA,1,11760,3.99,1
2022,2020 EXT,4,13198,9.38,1
2022,2022 iEXT,4,14149,6.07,1
2022,2021 R/F,1,14244,0.99,1
2022,2020 2.08,2,14926,1.49,1
2022,2022 UFA,3,13672,6.60,1
2022,2020 2.12,2,14852,1.34,1
2022,2022 5.11,4,15957,0.83,1
2022,2022 ERFA,1,15499,0.99,1
2022,2022 UFA,1,10789,0.90,1
2022,2022 UFA,1,11010,0.90,1
2022,2022 R/F,2,14962,0.90,1
2022,2021 UFA,1,13317,1.43,1
2022,2022 B/R,4,13163,17,1
2022,2021 EXT,3,13674,8.34,1
2022,2019 EXT,2,12611,5.48,1
2022,2021 R/F,1,12278,0.99,1
2022,2022 B/R,1,13277,4.80,1
2022,2022 UFA,1,11239,0.90,1
2022,2022 5.10,4,15852,0.83,1
2022,2022 UFA,1,9826,1.40,1
2022,2022 UFA,1,15429,0.90,1
2022,2022 UFA,1,14405,0.90,1
2022,2021 UDFA,2,15419,0.80,1
2022,2021 3.02,3,15381,1.20,1
2022,2022 4.17,4,15782,0.87,1
2022,2022 UFA,1,15337,0.90,1
2022,2022 UFA,1,10261,1.40,1
2022,2022 UFA,1,13746,1.30,1
2022,2022 oEXT,3,14882,4.35,1
2022,2021 UFA,2,14247,2.20,1
2022,2022 UFA,1,12215,1.40,1
2022,2022 UFA,1,13273,0.90,1
2022,2020 2.14,2,14878,1.30,1
2022,2022 R/F,2,10457,0.90,1
2022,2022 1.01,4,15708,8.76,1
2022,2022 3.19,4,15812,0.97,1
2022,2022 UFA,1,14930,0.90,1
2022,2022 1.12,4,15834,2.59,1
2022,2020 4.12,1,14837,0.96,1
2022,2022 UFA,1,15469,0.90,1
2022,2019 1.09,1,14113,3.94,1
2022,2021 EXT,1,12764,6.24,1
2022,2022 UFA,1,11359,0.90,1
2022,2022 UFA,3,13204,1.40,1
2022,2022 3.13,4,15823,1.03,1
2022,2019 3.01^,1,14075,2.54,1
2022,2021 1.05,3,15254,4.59,1
2022,2021 B/R,1,11872,4.62,1
2022,2022 UFA,1,14213,0.90,1
2022,2019 1.03,1,14101,7.02,1
2022,2022 5.02,3,15720,0.84,1
2022,2022 UFA,1,14954,0.90,1
2022,2022 UFA,1,12476,1.40,1
2022,2022 UFA,1,10945,0.90,1
2022,2022 UFA,1,14905,0.90,1
2022,2021 UFA,1,13284,2.42,1
2022,2021 UFA,1,12626,29.70,1
2022,2021 B/R,2,12676,7.70,1
2022,2020 2.03,2,14779,1.78,1
2022,2021 4.20,2,15271,0.87,1
2022,2022 SRFA,1,10266,9.62,1
2022,2020 UFA,1,12287,2.42,1
2022,2022 UFA,2,12678,2.30,1
2022,2020 1.15,2,14835,2.15,1
2022,2020 UDFA,1,14940,0.84,1
2022,2022 ERFA,1,13742,0.99,1
2022,2022 3.11,4,15836,1.05,1
2022,2022 UFA,1,14086,0.90,1
2022,2022 UFA,1,13424,1.30,1
2022,2021 B/R,1,12801,33.00,1
2022,2021 UFA,2,13414,2.31,1
2022,2021 UFA,1,13622,2.31,1
2022,2022 UFA,1,15441,1.30,1
2022,2022 iEXT,2,14138,8.76,1
2022,2022 UFA,1,14849,0.90,1
2022,2021 UFA,1,14260,1.43,1
2022,2021 3.06,3,15366,1.13,1
2022,2022 UFA,1,13289,1.40,1
2022,2022 R/F,1,14182,0.90,1
2022,2022 UFA,1,13228,0.90,1
2022,2020 FRFA,1,12677,5.57,1
2022,2022 FRFA,1,11232,21.50,1
2022,2021 3.17,3,15361,1.00,1
2022,2022 UFA,1,15928,1.40,1
2022,2022 UFA,1,10277,1.40,1
2022,2021 EXT,2,12742,5.28,1
2022,2022 2.16,4,15693,1.25,1
2022,2021 4.10,3,15261,0.89,1
2022,2021 EXT,3,13684,6.19,1
2022,2021 5.12,3,15452,0.86,1
2022,2022 UFA,2,13223,3.60,1
2022,2020 EXT,1,13138,19.79,1
2022,2021 B/R,2,12221,11.55,1
2022,2022 UFA,1,14789,1.40,1
2022,2022 R/F,1,13680,0.90,1
2022,2020 4.04,2,14783,1.00,1
2022,2022 1.10,4,15805,2.99,1
2022,2022 UFA,1,11382,1.30,1
2022,2021 UFA,1,12987,1.43,1
2022,2022 5.18,4,15734,0.82,1
2022,2022 R/F,2,12797,0.90,1
2022,2022 UFA,3,12702,2.60,1
2022,2022 UFA,1,15016,0.90,1
2022,2021 B/R,2,13738,2.31,1
2022,2022 4.14,2,15811,0.88,1
2022,2021 UFA,1,13229,2.86,1
2022,2022 FRFA,1,13917,5.56,1
2022,2021 UFA,1,9861,1.43,1
2022,2021 EXT,3,13593,9.21,1
2022,2022 UFA,1,14252,0.90,1
2022,2022 UFA,1,15549,0.90,1
2022,2019 1.02,1,14073,8.12,1
2022,2021 EXT,4,13714,4.86,1
2022,2021 EXT,2,12305,4.73,1
2022,2020 1.11,2,14836,2.76,1
2022,2020 3.09,2,14858,1.10,1
2022,2022 UFA,1,13288,1.30,1
2022,2022 UFA,1,14860,0.90,1
2022,2020 1.03,2,14833,6.40,1
2022,2022 UFA,3,13702,1.40,1
2022,2022 UFA,2,12700,2.30,1
2022,2022 UFA,1,14331,1.30,1
2022,2019 3.02^,1,14208,2.54,1
2022,2020 6.11,2,14924,0.89,1
2022,2022 1.13,4,15809,2.43,1
2022,2021 B/R,2,13274,5.61,1
2022,2022 UFA,1,14861,1.30,1
2022,2022 UFA,1,13764,1.50,1
2022,2020 4.13,2,14864,0.96,1
2022,2022 UFA,2,13848,1.80,1
2022,2021 EXT,1,13319,18.61,1
2022,2022 UFA,1,14910,1.80,1
2022,2021 R/F,1,12268,0.99,1
2022,2020 UFA,1,10753,6.78,1
2022,2021 B/R,2,12741,8.03,1
2022,2022 ERFA,1,13332,0.99,1
2022,2022 UFA,1,11793,0.90,1
2022,2019 3.10,1,14059,1.41,1
2022,2020 FRFA,1,12745,8.47,1
2022,2022 UFA,2,14164,2.50,1
2022,2021 4.06,3,15404,0.91,1
2022,2022 UFA,1,15881,0.90,1
2022,2022 UFA,1,12988,0.90,1
2022,2022 UFA,1,10271,1.60,1
2022,2021 1.11,3,15241,2.65,1
2022,2022 UFA,1,15868,0.90,1
2022,2022 UFA,1,10738,1.60,1
2022,2022 UFA,1,13606,3,1
2022,2022 4.06,4,15863,0.92,1
2022,2022 4.01,3,15767,0.96,1
2022,2022 UFA,1,13176,1.40,1
2022,2022 UFA,1,10292,7.50,1
2022,2022 UDFA,3,15871,0.77,1
2022,2022 UFA,1,13810,4.20,1
2022,2022 UFA,1,11742,0.90,1
2022,2021 EXT,3,12795,4.25,1
2022,2020 EXT,1,13132,22.48,1
2022,2022 1.15,4,15808,2.17,1
2022,2022 ERFA,1,12720,0.99,1
2022,2021 EXT,1,11244,23.09,1
2022,2022 TT,1,12239,13.09,1
2022,2021 R/F,1,13232,0.99,1
2022,2020 2.11,2,14899,1.38,1
2022,2022 iEXT,3,13633,16.55,1
2022,2022 UFA,1,11772,3.50,1
2022,2021 EXT,2,13299,23.24,1
2022,2020 4.08,2,14867,0.98,1
2022,2022 UFA,1,15727,1.30,1
2022,2021 R/F,1,14143,0.99,1
2022,2022 UFA,1,16016,0.90,1
2022,2022 UFA,1,13403,1.40,1
2022,2021 UFA,2,13164,8.80,1
2022,2020 1.07,2,14832,3.94,1
2022,2021 1.08,3,15240,3.37,1
2022,2021 UFA,3,13700,7.70,1
2022,2021 UFA,2,11680,7.81,1
2022,2021 B/R,1,11769,9.24,1
2022,2019 3.06^,1,14159,2.54,1
2022,2021 1.01,3,15237,8.20,1
2022,2020 UFA,1,13202,1.57,1
2022,2022 UFA,1,13632,8.60,1
2022,2022 5.17,1,15818,0.82,1
2022,2022 UFA,1,7578,0.90,1
2022,2022 UFA,3,13733,15.10,1
2022,2020 3.13,2,14932,1.06,1
2022,2022 UDFA,3,15798,0.77,1
2022,2022 1.14,4,15822,2.29,1
2022,2019 2.12,1,14057,1.86,1
2022,2021 UFA,2,12187,9.90,1
2022,2022 1.02,4,15751,7.38,1
2022,2022 R/F,2,14211,0.90,1
2022,2022 UFA,2,14268,5.20,1
2022,2020 3.08,2,14782,1.11,1
2022,2022 UFA,1,14179,1.30,1
2022,2022 UFA,1,12791,0.90,1
2022,2022 R/F,2,13952,0.90,1
2022,2021 TToff,2,11721,16.50,1
2022,2022 UFA,1,13767,1.30,1
2022,2022 UFA,1,14900,0.90,1
2022,2022 4.02,4,15853,0.95,1
2022,2022 UFA,1,13909,0.90,1
2022,2020 EXT,4,13116,26.95,1
2022,2022 UDFA,1,15867,0.77,1
2022,2022 UFA,1,14985,0.90,1
2022,2022 UFA,2,12141,2.30,1
2022,2021 2.04,3,15308,1.69,1
2022,2022 UFA,1,15972,0.90,1
2022,2022 UFA,1,11313,5.20,1
2022,2022 UDFA,2,15876,0.77,1
2022,2022 UDFA,3,15820,0.77,1
2022,2022 iEXT,4,14223,3.02,1
2022,2021 UFA,2,13252,3.85,1
2022,2022 UFA,3,13590,2.40,1
2022,2022 3.07,4,15794,1.11,1
2022,2022 UFA,1,13130,23,1
2022,2022 UFA,1,9846,0.90,1
2022,2022 UFA,1,9899,0.90,1
2022,2022 5.09,4,15849,0.83,1
2022,2022 4.09,4,15845,0.90,1
2022,2022 UDFA,2,15890,0.77,1
2022,2022 R/F,2,13313,0.90,1
2022,2020 3.04,1,14908,1.17,1
2022,2022 UFA,1,11761,0.90,1
2022,2022 UFA,1,14717,0.90,1
2022,2019 3.16^,1,14109,2.54,1
2022,2022 UFA,1,11017,0.90,1
2022,2022 UFA,1,11947,0.90,1
2022,2021 5.13,2,15390,0.86,1
2022,2021 5.11,3,15368,0.86,1
2022,2019 1.11,1,14102,3.45,1
2022,2022 3.08,4,15759,1.09,1
2022,2022 UFA,1,14127,3.20,1
2022,2022 B/R,1,13607,1.40,1
2022,2021 UFA,2,13307,3.41,1
2022,2022 UFA,2,10267,3.50,1
2022,2021 3.23,1,15252,0.96,1
2022,2022 UFA,1,14067,0.90,1
2022,2021 5.10,2,15263,0.86,1
2022,2022 UFA,1,15909,1.40,1
2022,2020 EXT,3,13131,9.29,1
2022,2021 3.04,3,15365,1.17,1
2022,2022 R/F,2,15402,0.90,1
2022,2019 1.15,1,14071,2.82,1
2022,2020 UDFA,1,14974,0.84,1
2022,2022 UFA,1,12773,1.40,1
2022,2021 EXT,2,13635,16.20,1
2022,2021 1.15,3,15288,2.09,1
2022,2021 EXT,3,13470,4.52,1
2022,2021 2.03,3,15283,1.76,1
2022,2022 1.11,4,15766,2.77,1
2022,2022 UFA,1,13270,0.90,1
2022,2022 UFA,1,14239,0.90,1
2022,2022 UFA,1,13426,1.40,1
2022,2022 UFA,1,9596,0.90,1
2022,2022 UFA,1,13998,0.90,1
2022,2022 UFA,1,11728,5.50,1
2022,2020 3.03,2,14798,1.19,1
2022,2022 UFA,1,12447,1.40,1
2022,2022 4.15,4,15830,0.88,1
2022,2019 4.09^,1,14180,3.99,1
2022,2020 1.16,2,14889,2.04,1
2022,2019 1.01+,1,14056,9.62,1
2022,2022 UFA,1,11390,0.90,1
2022,2022 UFA,1,12437,0.90,1
2022,2022 UFA,1,12736,0.90,1
2022,2022 UFA,1,14028,0.90,1
2022,2022 UFA,1,12291,0.90,1
2022,2021 4.11,3,15375,0.89,1
2022,2022 UFA,1,12756,1.40,1
2022,2022 UFA,1,13777,0.90,1
2022,2021 UFA,1,13192,1.43,1
2022,2022 UFA,1,13704,1.30,1
2022,2021 3.24,2,15386,0.96,1
2022,2022 UFA,1,15393,2.30,1
2022,2020 UFA,1,12691,3.87,1
2022,2022 UDFA,2,15898,0.77,1
2022,2021 UFA,1,13265,2.42,1
2022,2022 3.05,4,15807,1.14,1
2022,2021 2.15,3,15385,1.26,1
2022,2019 5.02^,1,14218,2.54,1
2022,2022 UFA,1,15889,0.90,1
2022,2022 R/F,2,13685,0.90,1
2022,2020 4.06,2,14902,0.99,1
2022,2022 1.06,4,15754,4.32,1
2022,2022 iEXT,3,14158,3.27,1
2022,2022 FRFA,2,13813,5.56,1
2022,2022 UFA,1,12782,1.30,1
2022,2022 R/F,2,14977,0.90,1
2022,2021 3.14,3,15388,1.03,1
2022,2022 UDFA,3,15802,0.77,1
2022,2021 2.10,3,15378,1.42,1
2022,2022 UFA,1,14414,0.90,1
2022,2021 2.09,3,15351,1.45,1
2022,2022 UDFA,1,15749,0.77,1
2022,2021 3.15,1,15319,1.02,1
2022,2022 R/F,2,14341,0.90,1
2022,2021 B/R,1,12176,9.90,1
2022,2021 1.13,3,15350,2.33,1
2022,2022 3.16,4,15855,0.99,1
2022,2022 UFA,2,13377,3.30,1
2022,2022 ERFA,1,11225,0.99,1
2022,2021 2.07,3,15345,1.54,1
2022,2021 EXT,2,13723,6.81,1
2022,2022 UFA,1,13608,2.50,1
2022,2021 EXT,2,14857,2.63,1
2022,2022 UFA,1,13231,3.10,1
2022,2022 UFA,1,13133,0.90,1
2022,2022 ERFA,1,12238,0.99,1
2022,2022 R/F,2,12245,0.90,1
2022,2022 UFA,1,10260,0.90,1
2022,2022 5.20,4,15901,0.82,1
2022,2022 R/F,2,13693,0.90,1
2022,2021 2.06,3,15349,1.58,1
2022,2020 UFA,2,12229,1.81,1
2022,2022 R/F,1,12343,0.90,1
2022,2022 2.01,4,15762,1.97,1
2022,2022 2.04,4,15692,1.74,1
2022,2022 2.10,4,15768,1.44,1
2022,2022 3.06,3,15717,1.13,1
2022,2022 UFA,1,9833,0.90,1
2022,2022 UFA,1,13719,0.90,1
2022,2022 3.18,4,15850,0.98,1
2022,2020 2.05,2,14842,1.65,1
2022,2021 1.04,3,15329,5.19,1
2022,2022 UFA,2,14085,5,1
2022,2022 UFA,1,11317,6.60,1
2022,2019 3.14,1,14210,1.31,1
2022,2021 EXT,6,12620,27.95,1
2022,2022 UFA,1,12126,1.40,1
2022,2022 UFA,1,15698,1.30,1
2022,2020 1.10,2,14896,2.99,1
2022,2022 SRFA,3,12711,3.99,1
2022,2022 UFA,1,12735,0.90,1
2022,2019 5.07^,1,14186,2.54,1
2022,2022 UFA,1,13066,0.90,1
2022,2022 UFA,1,12802,2.50,1
2022,2022 FRFA,1,13245,5.56,1
2022,2022 ERFA,1,13774,0.99,1
2022,2021 EXT,1,12698,2.25,1
2022,2022 UFA,3,13717,2.90,1
2022,2019 5.14^,1,14123,2.54,1
2022,2022 UFA,1,13168,0.90,1
2022,2022 UFA,1,15399,0.90,1
2022,2022 3.01,4,15697,1.23,1
2022,2022 UFA,4,13629,10,1
2022,2022 UFA,1,12831,0.90,1
2022,2022 UFA,1,13434,0.90,1
2022,2022 UFA,1,12697,0.90,1
2022,2019 FRFA,1,11678,11.29,1
2022,2022 4.24,4,15716,0.85,1
2022,2022 iEXT,4,15907,2.30,1
2022,2022 UFA,3,14813,3.20,1
2022,2022 3.12,4,15757,1.04,1
2022,2019 EXT,1,7836,18.62,1
2022,2021 3.03,3,15297,1.19,1
2022,2022 UDFA,3,15914,0.77,1
2022,2022 4.12,1,15763,0.89,1
2022,2021 2.16,3,15346,1.24,1
2022,2022 5.19,4,15796,0.82,1
2022,2021 EXT,2,11316,5.00,1
2022,2022 UFA,1,14065,1.40,1
2022,2021 3.22,1,15384,0.97,1
2022,2021 UFA,1,13157,5.50,1
2022,2019 1.14+,1,14136,2.94,1
2022,2022 UFA,1,15975,1.30,1
2022,2019 1.06,1,14079,5.00,1
2022,2022 5.04,1,15810,0.84,1
2022,2022 UFA,1,11945,0.90,1
2022,2022 UFA,1,14215,0.90,1
2022,2019 3.03^,1,14197,2.54,1
2022,2022 UFA,1,12768,0.90,1
2022,2022 SRFA,2,13772,3.99,1
2022,2022 UFA,1,14302,0.90,1
2022,2022 UFA,1,16080,1.30,1
2022,2022 4.21,4,15761,0.86,1
2022,2020 2.07,2,14838,1.54,1
2022,2022 UFA,2,13839,1.40,1
2022,2022 UFA,1,14110,0.90,1
2022,2020 1.13,2,14887,2.41,1
2022,2019 3.04^,1,14163,3.99,1
2022,2022 UFA,2,12767,6.10,1
2022,2019 2.10,1,14080,1.96,1
2022,2022 UFA,2,14412,1.40,1
2022,2020 UFA,1,11348,1.69,1
2022,2022 UFA,1,14122,0.90,1
2022,2021 1.07,3,15282,3.70,1
2022,2022 UFA,1,11150,1.30,1
2022,2022 UFA,1,10783,6,1
2022,2022 UFA,1,12701,0.90,1
2022,2021 UFA,2,13193,2.20,1
2022,2022 UFA,2,12270,2.10,1
2022,2022 UFA,1,13696,15,1
2022,2022 SRFA,1,12301,3.99,1
2022,2022 UFA,1,13156,16.70,1
2022,2022 UFA,1,13267,1.40,1
2022,2022 UFA,2,14956,1.70,1
2022,2022 2.07,4,15709,1.57,1
2022,2021 UDFA,2,15392,0.80,1
2022,2021 3.01,3,15287,1.22,1
2022,2022 UFA,1,13637,0.90,1
2022,2020 SRFA,1,9431,13.92,1
2022,2022 ERFA,1,15430,0.99,1
2022,2021 3.13,3,15259,1.04,1
2022,2022 UFA,1,13298,0.90,1
2022,2022 4.03,4,15832,0.94,1
2022,2022 UFA,1,15377,1.40,1
2022,2022 UFA,1,15541,0.90,1
2022,2022 UFA,1,16011,0.90,1
2022,2022 5.15,4,15884,0.82,1
2022,2022 5.07,4,15733,0.83,1
2022,2022 UFA,1,9686,0.90,1
2022,2021 3.25,3,15362,0.95,1
2022,2022 UFA,1,13276,0.90,1
2022,2022 B/R,2,13630,11,1
2022,2021 UFA,1,13690,2.75,1
2022,2022 iEXT,3,14148,4.15,1
2022,2020 1.12,2,14797,2.56,1
2022,2020 1.02,2,14778,7.45,1
2022,2021 FRFA,1,10697,5.28,1
2022,2022 UFA,1,15173,0.90,1
2022,2022 UDFA,3,15856,0.77,1
2022,2022 R/F,1,14923,0.90,1
2022,2020 1.06,2,14802,4.37,1
2022,2022 UDFA,1,15859,0.77,1
2022,2020 5.12,2,14918,0.92,1
2022,2022 1.09,4,15806,3.24,1
2022,2022 UFA,1,11938,16.60,1
2022,2022 UFA,1,11647,2.50,1
2022,2022 B/R,3,12652,12.40,1
2022,2022 ERFA,1,14518,0.99,1
2022,2019 UFA,1,12231,2.93,1
2022,2022 4.19,4,15787,0.86,1
2022,2022 3.14,3,15824,1.02,1
2022,2022 3.09,4,15788,1.08,1
2022,2021 UFA,2,13260,4.40,1
2022,2021 2.01,3,15289,1.90,1
2022,2022 R/F,,15492,0.90,1
2022,2022 SFRA,1,13427,3.99,1
2022,2022 5.14,4,15841,0.82,1
2022,2022 UFA,1,14235,1.30,1
2022,2022 UFA,1,14870,0.90,1
2022,2022 R/F,2,13115,0.90,1
2022,2021 2.13,3,15379,1.32,1
2022,2020 UFA,3,10976,1.69,1
2022,2021 3.08,2,15376,1.10,1
2022,2022 UFA,1,14675,0.90,1
2022,2022 iEXT,3,14925,2.07,1
2022,2022 SRFA,1,13793,3.99,1
2022,2021 R/F,1,14249,0.99,1
2022,2022 UFA,1,13727,0.90,1
2022,2020 2.02,2,14810,1.85,1
2022,2021 EXT,3,13692,1.57,1
2022,2021 1.10,3,15284,2.85,1
2022,2022 UFA,3,10775,6,1
2022,2022 UFA,1,15668,0.90,1
2022,2022 1.03,4,15711,6.32,1
2022,2020 UFA,2,13306,6.05,1
2022,2022 R/F,2,14948,0.90,1
2022,2022 2.12,4,15846,1.37,1
2022,2022 UFA,1,13747,1,1
2022,2022 1.16,4,15815,2.07,1
2022,2022 UFA,1,13711,0.90,1
2022,2022 UFA,1,12263,13.10,1
2022,2021 R/F,1,13920,0.99,1
2022,2021 EXT,2,13707,2.78,1
2022,2022 UFA,1,12744,0.90,1
2022,2022 UFA,1,11768,0.90,1
2022,2021 EXT,2,13743,5.36,1
2022,2022 UFA,1,15742,0.90,1
2022,2022 UFA,1,14971,1.10,1
2022,2022 R/F,2,13631,0.90,1
2022,2022 UFA,1,14992,0.90,1
2022,2022 1.08,4,15789,3.54,1
2022,2020 EXT,4,13113,16.48,1
2022,2022 UFA,1,15950,0.90,1
2022,2022 UFA,1,10272,3.50,1
2022,2021 B/R,4,13214,19.25,1
2022,2022 UFA,1,11985,1.40,1
2022,2021 5.16,3,15347,0.86,1
2022,2022 UFA,1,12610,0.90,1
2022,2021 2.14,3,15387,1.30,1
2022,2022 UFA,1,15109,0.90,1
2022,2022 iEXT,3,14168,5.40,1
2022,2022 UFA,2,13762,5.50,1
2022,2022 UFA,1,13598,0.90,1
2022,2022 2.08,4,15721,1.52,1
2022,2022 R/F,2,13249,0.90,1
2022,2022 3.10,4,15714,1.06,1
2022,2022 UFA,2,13760,4.20,1
2022,2019 2.13^,1,14162,3.99,1
2022,2019 EXT*,3,11886,1.47,1
2022,2022 UFA,1,13959,0.90,1
2022,2022 UFA,1,12979,0.90,1
2022,2022 oEXT,2,13139,2.81,1
2022,2022 1.05,4,15756,4.85,1
2022,2021 1.09,3,15256,3.09,1
2022,2022 5.13,4,15710,0.83,1
2022,2021 UFA,1,12225,7.70,1
2022,2021 EXT,3,13253,1.94,1
2022,2022 UFA,2,13154,19.50,1
2022,2021 4.14,1,15391,0.88,1
2022,2022 ERFA,1,14221,0.99,1
2022,2019 1.07,1,14157,4.57,1
2022,2022 4.07,2,15857,0.92,1
2022,2022 2.06,4,15694,1.62,1
2022,2022 UFA,1,14283,1.30,1
2022,2022 1.07,4,15753,3.89,1
2022,2022 UFA,1,14017,1.70,1
2022,2020 3.01,2,14928,1.22,1
2022,2022 R/F,1,15422,0.90,1
2022,2022 UFA,2,10703,22.10,1
2022,2021 1.06,3,15239,4.09,1
2022,2020 3.07,2,14909,1.12,1
2022,2021 UFA,2,12140,3.19,1
2022,2022 UFA,1,13296,1.30,1
2022,2022 UFA,1,14227,0.90,1
2022,2020 UFA,1,14947,1.57,1
2022,2022 5.01,4,15840,0.84,1
2022,2021 EXT,2,11228,14.52,1
2022,2019 ORFAN,1,13325,2.27,1
2022,2022 UDFA,1,15894,0.77,1
2022,2022 UFA,2,13212,2.20,1
2022,2022 UDFA,2,15864,0.77,1
2022,2022 UFA,1,15626,1.30,1
2022,2022 UFA,1,16010,0.90,1
2022,2022 2.09,4,15819,1.48,1
2022,2022 5.08,3,15882,0.83,1
2022,2020 1.05,2,14877,4.92,1
2022,2022 UFA,1,14592,0.90,1
2022,2022 4.11,4,15696,0.89,1
2022,2022 UFA,1,10868,0.90,1
