season,contractInfo,contractYear,id,salary,conference
2025,2025 UFA,1,0000,,0
2025,2023 2.02,2,16167,2.21,0
2025,2023 UFA,1,11675,27.23,0
2025,2025 UFA,1,16014,1.90,0
2025,2023 1.08,2,16186,4.07,0
2025,2025 ERFA,1,15394,1.09,0
2025,2023 iEXT,4,14840,20.57,0
2025,2025 ERFA,1,14590,1.09,0
2025,2025 UFA,1,17154,1,0
2025,2025 R/F,2,16012,1,0
2025,2024 5.20,3,16645,0.98,0
2025,2024 3.16,3,16596,1.14,0
2025,2025 UFA,1,13208,12.60,0
2025,2021 EXT,2,13589,24.76,0
2025,2025 UFA,1,11222,1.80,0
2025,2025 UFA,1,17061,1.20,0
2025,2025 oEXT,2,14153,14.69,0
2025,2022 3.09,1,15712,1.44,0
2025,2025 UDFA,3,17130,0.90,0
2025,2025 UFA,1,15858,1,0
2025,2023 1.11,2,16223,3.21,0
2025,2025 UFA,1,13671,12.50,0
2025,2023 3.03,2,16257,1.43,0
2025,2025 ORFA4,1,13268,3.41,0
2025,2025 UFA,1,12218,1,0
2025,2025 UFA,1,13759,1.80,0
2025,2024 4.10,3,16671,1.03,0
2025,2025 3.08,4,17108,1.25,0
2025,2025 iEXT,6,16414,2.86,0
2025,2025 UFA,1,13263,1,0
2025,2025 3.19,4,17073,1.10,0
2025,2025 UFA,1,14256,1,0
2025,2024 B/R,2,13251,2.97,0
2025,2023 5.18,2,16330,1.04,0
2025,2021 EXT,1,13604,14.37,0
2025,2025 UFA,2,15357,12.45,0
2025,2025 UFA,1,16723,1.90,0
2025,2025 UFA,1,15409,1,0
2025,2025 4.01,4,17128,1.07,0
2025,2025 UDFA,3,17231,0.90,0
2025,2025 UFA,3,14217,4.50,0
2025,2024 iEXT,4,15293,4.55,0
2025,2025 UFA,1,16846,1,0
2025,2025 NEFT,1,13737,8.87,0
2025,2023 3.14,2,16245,1.24,0
2025,2024 ERFA,1,14893,1.10,0
2025,2025 2.04,4,17078,1.98,0
2025,2025 UFA,1,15875,1.80,0
2025,2025 UFA,1,15913,1,0
2025,2024 1.16,3,16594,2.24,0
2025,2023 5.08,2,16264,1.06,0
2025,2025 ERFA,1,15869,1.09,0
2025,2025 UFA,1,16733,1,0
2025,2025 UFA,1,16799,1.80,0
2025,2025 UFA,1,17261,1,0
2025,2025 UFA,1,16164,1.80,0
2025,2024 3.12,3,16700,1.20,0
2025,2025 UFA,1,17209,2.10,0
2025,2025 UFA,1,14933,1,0
2025,2025 UFA,1,15904,1.80,0
2025,2025 UFA,1,16018,1,0
2025,2025 3.03,4,17069,1.35,0
2025,2025 UFA,2,15355,6.75,0
2025,2025 UDFA,3,17076,0.90,0
2025,2024 iEXT,3,15861,5.39,0
2025,2024 4.19,3,16734,1.00,0
2025,2025 UFA,1,17220,1,0
2025,2024 UFA,1,12686,5.43,0
2025,2023 UFA,3,14147,19.36,0
2025,2025 UFA,2,11936,1.90,0
2025,2025 UFA,1,13418,1.90,0
2025,2025 UFA,1,16193,3.50,0
2025,2024 1.07,3,16641,4.02,0
2025,2025 5.23,4,17179,0.93,0
2025,2023 4.02,2,16244,1.18,0
2025,2023 3.01,2,16256,1.47,0
2025,2025 UFA,1,16794,1,0
2025,2022 2.12^,1,15835,3.41,0
2025,2025 UFA,1,12616,1,0
2025,2024 1.14,3,16597,2.46,0
2025,2023 iEXT,2,14892,6.96,0
2025,2025 5.13,4,17058,0.94,0
2025,2024 oEXT,2,14104,33.28,0
2025,2023 3.17,2,16181,1.21,0
2025,2024 UFA,3,14897,21.51,0
2025,2023 5.10,2,16281,1.06,0
2025,2023 UFA,1,14105,11.98,0
2025,2025 R/F,2,13172,1,0
2025,2025 UFA,1,14358,10,0
2025,2025 R/F,2,16736,1,0
2025,2025 UFA,1,17295,1,0
2025,2025 ERFA,1,15872,1.10,0
2025,2025 3.21,4,17082,1.08,0
2025,2025 UDFA,3,17185,0.90,0
2025,2025 NEFT,1,12688,19.75,0
2025,2024 3.13,3,16677,1.18,0
2025,2025 UFA,1,16705,1,0
2025,2025 UDFA,3,17161,0.90,0
2025,2025 2.01,4,17070,2.23,0
2025,2025 UFA,1,17214,1,0
2025,2025 UFA,1,15752,1,0
2025,2024 B/R,2,14171,10.89,0
2025,2023 iEXT,3,14777,24.52,0
2025,2025 UFA,1,14170,1.80,0
2025,2025 UFA,1,13354,1,0
2025,2025 UFA,1,13448,3.60,0
2025,2025 UFA,2,12752,3.80,0
2025,2025 UFA,2,15418,5.70,0
2025,2025 UFA,1,17165,1,0
2025,2025 RRFA,1,9051,7,0
2025,2023 1.14,2,16239,2.66,0
2025,2025 2.05,4,17123,1.91,0
2025,2025 UFA,1,15380,1,0
2025,2025 1.09,4,17112,3.61,0
2025,2025 UDFA,3,17124,0.90,0
2025,2023 1.12,2,16233,3.00,0
2025,2025 UFA,1,17348,1,0
2025,2025 RRFA,1,14251,10,0
2025,2025 UFA,1,14888,1.20,0
2025,2023 2.01,2,16169,2.31,0
2025,2025 iEXT,5,15281,40.64,0
2025,2022 4.02,1,15831,1.24,0
2025,2024 UFA,1,14927,2.09,0
2025,2025 UFA,1,17269,1,0
2025,2025 UFA,1,13681,9.20,0
2025,2025 UFA,1,15364,1,0
2025,2024 UFA,2,12739,4.75,0
2025,2024 iEXT,5,16809,4.64,0
2025,2025 UFA,2,14630,1.86,0
2025,2024 1.11,3,16617,2.93,0
2025,2025 4.04,4,17148,1.04,0
2025,2025 UFA,1,17303,1,0
2025,2025 UFA,1,12754,1.80,0
2025,2025 NEFT,1,15290,42.24,0
2025,2025 oEXT,2,15352,2.64,0
2025,2024 2.07,3,16665,1.75,0
2025,2025 UFA,1,16295,1,0
2025,2025 UFA,1,13146,3.60,0
2025,2022 4.14,1,15860,1.18,0
2025,2025 iEXT,2,15715,12.48,0
2025,2024 2.15,3,16696,1.44,0
2025,2025 iEXT,4,15484,6.31,0
2025,2024 3.03,3,16593,1.35,0
2025,2024 UFA,1,10700,15.68,0
2025,2024 5.10,3,16640,0.98,0
2025,2025 UDFA,3,17241,0.90,0
2025,2024 iEXT,4,14225,24.24,0
2025,2025 UDFA,3,17256,0.90,0
2025,2024 R/F,1,15839,1.10,0
2025,2024 oEXT,3,15001,2.62,0
2025,2025 UFA,1,10313,2.10,0
2025,2024 1.09,3,16581,3.38,0
2025,2025 iEXT,3,13592,22.71,0
2025,2025 2.02,4,17032,2.14,0
2025,2024 SRFA,1,10768,5.38,0
2025,2025 UFA,1,13710,1.80,0
2025,2024 UFA,2,10816,3.07,0
2025,2025 UFA,1,16752,1.10,0
2025,2025 iEXT,4,15817,13.96,0
2025,2024 4.05,3,16603,1.07,0
2025,2025 UFA,1,16767,1,0
2025,2025 ERFA,1,14943,1.10,0
2025,2024 3.17,3,16675,1.13,0
2025,2024 oEXT,1,15396,2.05,0
2025,2025 UFA,1,14219,1.80,0
2025,2022 2.09^,1,15821,5.35,0
2025,2023 3.15,2,16204,1.23,0
2025,2024 iEXT,2,14907,2.71,0
2025,2025 UFA,1,16385,2,0
2025,2023 UDFA,1,16314,0.98,0
2025,2023 5.03,2,16265,1.07,0
2025,2023 UDFA,1,16278,0.98,0
2025,2025 UFA,3,15979,1.86,0
2025,2024 UFA,2,12186,22.77,0
2025,2025 UFA,1,17171,1,0
2025,2025 SRFA,2,14800,6.77,0
2025,2024 R/F,1,14472,1.10,0
2025,2025 UFA,1,16657,1.90,0
2025,2025 UFA,1,14108,1,0
2025,2024 iEXT,5,15779,4.82,0
2025,2025 UFA,1,16342,1.80,0
2025,2025 UFA,1,13281,1,0
2025,2025 UFA,1,14823,1.80,0
2025,2023 2.08,2,16187,1.80,0
2025,2025 UFA,1,16786,1,0
2025,2023 SRFA,2,14921,5.20,0
2025,2022 3.04,1,15851,1.55,0
2025,2025 UFA,1,16663,1.80,0
2025,2023 UFA,2,13697,3.09,0
2025,2024 SRFA,1,14322,5.38,0
2025,2025 1.14,4,17081,2.58,0
2025,2025 UFA,1,13404,1,0
2025,2025 RRFA,3,13806,7,0
2025,2025 UFA,1,13303,1,0
2025,2024 4.23,3,16654,1.00,0
2025,2024 oEXT,3,14303,3.08,0
2025,2025 2.15,4,17144,1.46,0
2025,2024 oEXT,2,13189,10.45,0
2025,2024 ORFA4,3,14879,3.43,0
2025,2025 UFA,1,11247,1.10,0
2025,2025 UFA,2,15253,6.65,0
2025,2025 5.07,4,17056,0.95,0
2025,2025 iEXT,4,11671,33.85,0
2025,2025 UFA,1,17034,3.70,0
2025,2025 3.07,4,17135,1.26,0
2025,2025 UFA,1,12860,1.80,0
2025,2025 3.02,4,17103,1.37,0
2025,2025 UFA,1,14137,2,0
2025,2025 UFA,1,17191,1,0
2025,2025 5.08,4,17097,0.95,0
2025,2025 ERFA,1,15799,1.09,0
2025,2025 2.11,4,17107,1.60,0
2025,2025 UFA,1,14151,1,0
2025,2024 iEXT,5,15238,9.74,0
2025,2024 3.04,3,16694,1.33,0
2025,2025 UFA,1,17277,1,0
2025,2025 ERFA,1,13713,1.10,0
2025,2025 R/F,2,9064,1,0
2025,2025 UFA,1,15866,1,0
2025,2025 UFA,1,16778,1.80,0
2025,2023 1.10,2,16190,3.45,0
2025,2025 R/F,2,8851,1,0
2025,2025 UFA,1,16253,3.50,0
2025,2022 4.10,1,15713,1.19,0
2025,2025 UFA,1,13933,6.50,0
2025,2025 ERFA,1,12217,1.10,0
2025,2025 UFA,1,15032,1.90,0
2025,2024 3.02,3,16619,1.38,0
2025,2024 UFA,2,13837,10.00,0
2025,2024 iEXT,2,15331,4.12,0
2025,2025 4.19,4,17037,0.97,0
2025,2025 5.10,4,17099,0.95,0
2025,2025 UFA,1,15255,2,0
2025,2025 UFA,1,13888,1,0
2025,2025 UFA,1,15833,1,0
2025,2025 UFA,2,14224,7.22,0
2025,2025 UFA,1,11760,1,0
2025,2024 UFA,2,13198,17.82,0
2025,2024 iEXT,2,14149,3.00,0
2025,2025 UFA,1,13672,1.10,0
2025,2023 1.03,2,16162,7.21,0
2025,2025 4.17,4,17060,0.98,0
2025,2025 5.21,4,17155,0.94,0
2025,2025 UFA,1,14982,1.90,0
2025,2023 B/R,1,13163,26.62,0
2025,2025 UFA,1,13674,8,0
2025,2024 UFA,3,12611,18.70,0
2025,2025 1.13,4,17075,2.72,0
2025,2023 4.15,2,16251,1.10,0
2025,2025 UFA,1,13347,1,0
2025,2025 5.09,4,17059,0.95,0
2025,2025 1.16,4,17121,2.33,0
2025,2023 iEXT,2,14405,9.12,0
2025,2025 3.14,4,17138,1.15,0
2025,2024 4.03,2,16667,1.08,0
2025,2025 ERFA,1,15337,1.10,0
2025,2025 2.16,4,17120,1.43,0
2025,2025 UFA,1,16702,1,0
2025,2023 UFA,1,14882,1.81,0
2025,2025 UFA,2,14247,5.51,0
2025,2025 4.06,4,17141,1.03,0
2025,2025 iEXT,4,15708,10.27,0
2025,2025 iEXT,5,16235,2.83,0
2025,2025 UFA,1,15812,1,0
2025,2025 iEXT,4,15834,7.68,0
2025,2025 1.02,4,17044,8.23,0
2025,2025 UFA,1,12764,5.30,0
2025,2025 2.08,4,17137,1.74,0
2025,2025 UFA,1,17221,1,0
2025,2025 UFA,1,15254,1.10,0
2025,2025 UFA,1,11872,1,0
2025,2025 2.03,4,17072,2.05,0
2025,2024 1.01,3,16614,8.79,0
2025,2025 UFA,1,16227,1.90,0
2025,2025 1.15,4,17068,2.45,0
2025,2025 iEXT,3,14954,3.14,0
2025,2025 UDFA,3,17105,0.90,0
2025,2025 1.06,4,17043,4.80,0
2025,2024 oEXT,3,13284,5.45,0
2025,2023 3.13,2,16280,1.25,0
2025,2025 NEFT,1,12626,26.48,0
2025,2025 oEXT,1,12676,6.35,0
2025,2023 iEXT,4,14779,15.14,0
2025,2025 oEXT,1,16303,3.20,0
2025,2025 UFA,2,10266,12.35,0
2025,2025 R/F,2,16460,1,0
2025,2025 UFA,1,16727,1,0
2025,2023 UFA,1,12678,6.53,0
2025,2025 1.12,4,17083,2.90,0
2025,2023 iEXT,3,14835,17.35,0
2025,2022 oEXT,3,14940,6.37,0
2025,2023 SRFA,1,13742,5.20,0
2025,2022 4.01,1,15836,1.25,0
2025,2025 UFA,1,12801,5,0
2025,2022 iEXT,2,14167,14.95,0
2025,2022 iEXT,1,14138,13.60,0
2025,2025 UFA,1,14849,1,0
2025,2024 B/R,3,15366,6.64,0
2025,2025 UFA,1,13289,1.90,0
2025,2025 UFA,1,14182,5.80,0
2025,2024 UFA,1,11232,16.72,0
2025,2025 UFA,1,15361,3,0
2025,2025 UFA,1,17234,1,0
2025,2025 4.10,4,17098,1.01,0
2025,2025 5.04,4,17036,0.96,0
2025,2025 oEXT,1,15261,8.68,0
2025,2024 SRFA,2,15452,5.38,0
2025,2025 UFA,1,15121,1,0
2025,2024 iEXT,1,13223,2.32,0
2025,2025 UFA,4,16712,2.55,0
2025,2025 R/F,2,13138,1,0
2025,2025 UFA,2,12221,9.50,0
2025,2025 5.02,4,17064,0.96,0
2025,2025 1.03,4,17074,7.03,0
2025,2025 UFA,1,14789,1,0
2025,2024 iEXT,5,14783,23.52,0
2025,2025 iEXT,5,15805,9.80,0
2025,2025 UFA,1,16207,1,0
2025,2024 4.06,3,16598,1.06,0
2025,2025 R/F,2,16711,1,0
2025,2025 UFA,1,13226,1,0
2025,2021 EXT,1,13593,22.74,0
2025,2025 R/F,1,14252,1,0
2025,2024 UFA,1,14073,18.81,0
2025,2024 B/R,2,13714,5.15,0
2025,2025 4.05,4,17055,1.04,0
2025,2025 UFA,1,17201,1,0
2025,2025 UFA,1,12305,1.10,0
2025,2025 1.01,4,17042,9.82,0
2025,2024 NEFToff,3,14836,41.25,0
2025,2025 UFA,1,11327,1,0
2025,2024 4.15,2,16662,1.02,0
2025,2025 ERFA,1,14860,1.10,0
2025,2025 UFA,1,16957,1,0
2025,2025 ORFA1,4,14833,8.80,0
2025,2025 iEXT,3,16246,2.23,0
2025,2022 2.05,1,15809,2.24,0
2025,2025 iEXT,4,14861,7.37,0
2025,2025 1.11,4,17048,3.10,0
2025,2025 iEXT,5,17079,4.11,0
2025,2024 3.14,3,16649,1.17,0
2025,2025 UFA,1,14095,1.80,0
2025,2025 5.05,4,17127,0.96,0
2025,2023 1.09,2,16188,3.73,0
2025,2025 B/R,1,13319,10.50,0
2025,2024 UFA,1,14910,3.25,0
2025,2025 UFA,2,12741,5.13,0
2025,2025 UFA,1,14059,6,0
2025,2023 oEXT,2,14164,3.38,0
2025,2023 iEXT,3,15404,3.41,0
2025,2025 UFA,1,15241,1.80,0
2025,2025 UFA,1,15868,2.10,0
2025,2022 5.21,1,15863,1.09,0
2025,2025 R/F,2,10292,1,0
2025,2025 UFA,1,16773,1,0
2025,2022 5.02^,1,15871,5.35,0
2025,2025 UFA,1,13810,1,0
2025,2025 1.07,4,17051,4.32,0
2025,2025 UFA,2,13132,15.20,0
2025,2023 2.09,2,16254,1.75,0
2025,2025 iEXT,5,15808,3.55,0
2025,2025 UFA,1,11244,9.20,0
2025,2025 UFA,1,16316,1,0
2025,2023 1.07,2,16213,4.47,0
2025,2024 4.17,3,16676,1.01,0
2025,2024 R/F,1,14899,1.10,0
2025,2025 UFA,1,13633,1.20,0
2025,2025 UDFA,3,17173,0.90,0
2025,2024 UFA,2,13299,24.75,0
2025,2025 B/R,2,14867,5.23,0
2025,2025 UFA,1,15727,1,0
2025,2025 3.12,4,17125,1.18,0
2025,2025 UFA,1,16722,1.90,0
2025,2023 4.04,2,16222,1.17,0
2025,2025 UFA,1,13164,1.80,0
2025,2023 1.13,2,16214,2.82,0
2025,2025 UFA,1,15923,3.50,0
2025,2024 NEFToff,3,14832,37.73,0
2025,2025 UDFA,3,17205,0.90,0
2025,2025 R/F,2,16013,1,0
2025,2024 B/R,2,13700,9.90,0
2025,2025 UDFA,3,17184,0.90,0
2025,2025 UFA,1,17229,1,0
2025,2025 UDFA,3,17267,0.90,0
2025,2024 5.07,3,16672,0.99,0
2025,2024 2.01,3,16651,2.15,0
2025,2025 UFA,1,16787,2,0
2025,2025 R/F,2,11769,1,0
2025,2023 UFA,2,14159,14.40,0
2025,2024 iEXT,4,15237,17.13,0
2025,2025 UFA,1,13632,1.80,0
2025,2024 2.02,3,16639,2.07,0
2025,2025 UFA,1,15445,4,0
2025,2025 UDFA,3,17035,0.90,0
2025,2025 UFA,1,13227,1.90,0
2025,2024 iEXT,5,15798,3.87,0
2025,2025 UFA,1,16680,1.10,0
2025,2025 UFA,1,16707,1,0
2025,2022 1.14,1,15822,3.05,0
2025,2024 3.06,3,16604,1.29,0
2025,2025 UFA,1,12187,5,0
2025,2025 iEXT,5,15751,17.41,0
2025,2025 UDFA,3,17222,0.90,0
2025,2023 iEXT,2,14782,10.48,0
2025,2024 iEXT,2,14179,7.22,0
2025,2025 1.08,4,17104,3.93,0
2025,2025 UFA,2,13952,5.13,0
2025,2025 UFA,2,11721,3.71,0
2025,2025 B/R,2,14900,9.50,0
2025,2025 4.18,4,17063,0.97,0
2025,2023 oEXT,4,13116,37.71,0
2025,2025 UFA,1,14985,1,0
2025,2025 UFA,1,12141,1,0
2025,2025 3.20,3,17053,1.09,0
2025,2025 UFA,1,13802,1,0
2025,2025 UFA,1,17368,1,0
2025,2025 4.03,4,17159,1.05,0
2025,2023 2.11,2,16263,1.67,0
2025,2025 UFA,2,15972,7.60,0
2025,2024 1.08,3,16580,3.67,0
2025,2023 1.15,2,16212,2.53,0
2025,2021 EXT,1,13590,9.33,0
2025,2022 3.06^,1,15794,5.35,0
2025,2025 B/R,1,13130,25,0
2025,2025 iEXT,5,16635,3.72,0
2025,2024 1.06,3,16584,4.43,0
2025,2023 iEXT,1,15895,1.81,0
2025,2024 1.12,3,16627,2.75,0
2025,2023 3.18,2,16252,1.20,0
2025,2025 UFA,1,15473,1,0
2025,2024 oEXT,2,15845,3.19,0
2025,2025 UFA,1,15890,1,0
2025,2025 UFA,1,16300,3,0
2025,2025 R/F,2,15702,1,0
2025,2024 oEXT,2,14908,4.31,0
2025,2024 5.13,3,16670,0.98,0
2025,2025 UFA,1,14717,1.80,0
2025,2025 B/R,3,14109,34.11,0
2025,2024 3.09,3,16628,1.24,0
2025,2025 1.04,4,17071,6.11,0
2025,2025 UFA,1,16145,1,0
2025,2025 UFA,1,17339,1.80,0
2025,2024 iEXT,3,15390,1.87,0
2025,2025 UFA,1,15368,1,0
2025,2022 iEXT,2,14102,12.11,0
2025,2025 UFA,1,15759,1,0
2025,2023 iEXT,1,14995,7.18,0
2025,2025 UFA,1,16843,1,0
2025,2024 iEXT,1,14127,9.12,0
2025,2025 UFA,1,17239,1,0
2025,2023 2.03,2,16171,2.13,0
2025,2025 3.17,4,17033,1.12,0
2025,2023 2.12,2,16189,1.64,0
2025,2024 2.04,3,16626,1.91,0
2025,2024 RRFA,2,16178,5.50,0
2025,2024 3.21,3,16690,1.10,0
2025,2025 UFA,1,13131,1.80,0
2025,2025 UFA,1,15365,8.70,0
2025,2025 UFA,1,15402,1,0
2025,2025 UDFA,3,17066,0.90,0
2025,2024 UFA,1,14071,11.50,0
2025,2025 SRFA,2,14974,8.25,0
2025,2025 UFA,2,13635,20.24,0
2025,2025 UFA,1,15288,2,0
2025,2025 UFA,1,13470,4.30,0
2025,2025 UDFA,3,17186,0.90,0
2025,2024 iEXT,1,11728,4.25,0
2025,2025 ERFA,1,16279,1.10,0
2025,2025 4.09,4,17153,1.01,0
2025,2025 UDFA,3,17254,0.90,0
2025,2025 ORFA4,1,14180,3.50,0
2025,2024 2.06,3,16689,1.80,0
2025,2023 3.11,2,16224,1.29,0
2025,2025 R/F,2,12772,1,0
2025,2024 UFA,1,14889,3.14,0
2025,2025 oEXT,3,14056,22.18,0
2025,2023 2.10,2,16215,1.71,0
2025,2024 UDFA,2,16725,0.94,0
2025,2025 UFA,1,12437,1,0
2025,2024 1.03,3,16615,6.38,0
2025,2023 3.10,2,16211,1.30,0
2025,2025 UFA,1,15786,1,0
2025,2025 4.08,4,17046,1.02,0
2025,2024 3.01,3,16692,1.40,0
2025,2024 2.12,3,16582,1.54,0
2025,2025 ERFA,1,14669,1.10,0
2025,2025 UFA,1,13192,8.90,0
2025,2025 3.04,4,17080,1.33,0
2025,2025 3.01,4,17136,1.40,0
2025,2025 UDFA,3,17152,0.90,0
2025,2024 3.08,3,16679,1.25,0
2025,2024 UFA,2,13704,3.76,0
2025,2024 oEXT,3,15393,2.00,0
2025,2024 1.04,3,16616,5.58,0
2025,2025 R/F,2,16369,1,0
2025,2025 oEXT,3,15385,2.20,0
2025,2025 UFA,1,16572,2.10,0
2025,2025 UFA,2,14218,5.89,0
2025,2023 oEXT,4,15889,4.51,0
2025,2025 UFA,1,16077,1.90,0
2025,2025 UFA,1,17150,1.10,0
2025,2025 iEXT,6,15754,6.66,0
2025,2025 UDFA,3,17206,0.90,0
2025,2025 UFA,3,14158,6.48,0
2025,2023 SRFA,1,13813,14.52,0
2025,2025 UFA,1,12782,2.10,0
2025,2024 3.15,2,16691,1.16,0
2025,2025 UFA,1,15388,1,0
2025,2025 UFA,1,15802,1.80,0
2025,2024 iEXT,2,16283,4.70,0
2025,2025 UFA,1,15378,1,0
2025,2025 B/R,4,15351,5.95,0
2025,2023 UDFA,1,16383,0.98,0
2025,2025 SRFA,2,15749,5.35,0
2025,2025 UFA,1,15319,5.50,0
2025,2025 UFA,1,14871,1,0
2025,2025 UDFA,3,17163,0.90,0
2025,2024 iEXT,4,15350,9.02,0
2025,2025 UFA,1,15369,1,0
2025,2025 4.11,4,17212,1,0
2025,2024 iEXT,3,15345,3.71,0
2025,2023 SRFA,2,13723,7.26,0
2025,2025 3.05,4,17115,1.30,0
2025,2024 1.15,3,16622,2.34,0
2025,2024 1.13,3,16583,2.60,0
2025,2024 UDFA,2,16703,0.94,0
2025,2022 UFA,1,13693,3.19,0
2025,2025 UFA,2,15349,8.55,0
2025,2022 1.13,1,15762,3.23,0
2025,2022 1.05,1,15692,6.45,0
2025,2022 2.01,1,15768,2.63,0
2025,2022 2.06,1,15717,2.16,0
2025,2025 UFA,1,15124,1,0
2025,2025 UFA,1,13719,1.10,0
2025,2025 UFA,1,12323,1,0
2025,2022 3.11^,1,15850,3.41,0
2025,2023 iEXT,3,14842,7.62,0
2025,2024 iEXT,5,15329,8.54,0
2025,2025 UFA,2,14085,7.41,0
2025,2025 UFA,1,17361,1,0
2025,2025 UFA,1,16240,1,0
2025,2025 UFA,1,17156,1,0
2025,2025 UFA,1,11317,1,0
2025,2025 UFA,1,14210,6.60,0
2025,2021 EXT,2,12620,30.53,0
2025,2024 iEXT,1,15698,30.55,0
2025,2024 oEXT,2,14896,7.93,0
2025,2025 R/F,1,12711,1,0
2025,2025 UDFA,3,17166,0.90,0
2025,2025 UDFA,3,17181,0.90,0
2025,2025 UFA,1,16927,1,0
2025,2025 UFA,1,13774,1.80,0
2025,2025 R/F,2,12698,1,0
2025,2023 2.13,2,16184,1.59,0
2025,2025 UFA,1,16887,1,0
2025,2025 iEXT,4,16681,1.86,0
2025,2025 UFA,1,13717,3,0
2025,2025 UFA,1,17142,1,0
2025,2023 2.04,2,16194,2.05,0
2025,2023 1.01,2,16152,9.94,0
2025,2025 UFA,1,13629,2.40,0
2025,2025 UFA,1,17187,1,0
2025,2025 UFA,1,7394,1,0
2025,2025 UFA,1,15089,1,0
2025,2025 UFA,1,17204,1.90,0
2025,2025 UFA,1,14957,1.90,0
2025,2025 UFA,2,12697,7.60,0
2025,2023 1.02,2,16161,8.38,0
2025,2025 SRFA,4,15716,5.35,0
2025,2024 2.16,3,16655,1.42,0
2025,2025 UFA,1,15622,1,0
2025,2024 3.11,3,16660,1.21,0
2025,2025 UFA,1,12785,1,0
2025,2025 UFA,1,16298,1,0
2025,2022 3.19,1,15757,1.30,0
2025,2025 UFA,1,7836,10,0
2025,2025 UFA,1,14997,2.60,0
2025,2025 UFA,1,16174,1,0
2025,2024 iEXT,2,15346,11.52,0
2025,2025 3.16,4,17086,1.13,0
2025,2025 UFA,1,15076,1,0
2025,2025 UFA,1,13595,2,0
2025,2024 4.07,3,16698,1.06,0
2025,2025 3.18,4,17047,1.11,0
2025,2025 ORFA2,2,14136,14.08,0
2025,2025 UFA,1,13431,1,0
2025,2024 3.10,2,16643,1.22,0
2025,2025 4.02,4,17031,1.06,0
2025,2025 4.12,4,17139,1,0
2025,2025 UDFA,3,17167,0.90,0
2025,2025 UDFA,3,17116,0.90,0
2025,2024 iEXT,5,16221,3.73,0
2025,2024 iEXT,2,13772,7.44,0
2025,2025 2.06,4,17147,1.85,0
2025,2025 UFA,1,13791,1,0
2025,2025 UFA,1,14302,1,0
2025,2025 4.13,4,17119,0.99,0
2025,2025 oEXT,3,16080,5.42,0
2025,2025 iEXT,4,15761,7.25,0
2025,2025 UFA,1,13744,1.10,0
2025,2025 ERFA,1,15428,1.10,0
2025,2024 5.08,2,16601,0.99,0
2025,2025 3.09,4,17039,1.23,0
2025,2025 RRFA,3,13839,15,0
2025,2025 iEXT,3,14163,18.57,0
2025,2025 UFA,1,17178,1,0
2025,2025 UFA,1,17312,1,0
2025,2023 3.12,2,16234,1.28,0
2025,2024 oEXT,1,14412,7.59,0
2025,2024 2.10,3,16644,1.62,0
2025,2025 2.09,4,17045,1.69,0
2025,2025 UFA,1,15446,1.90,0
2025,2025 UFA,1,14122,5.90,0
2025,2025 UFA,1,16682,1,0
2025,2025 UFA,1,14600,1.80,0
2025,2025 UDFA,3,17175,0.90,0
2025,2025 5.15,4,17049,0.94,0
2025,2024 iEXT,4,15282,18.66,0
2025,2025 B/R,2,11150,7.60,0
2025,2024 R/F,1,10783,1.10,0
2025,2025 ERFA,1,13193,1.09,0
2025,2023 3.04,2,16228,1.41,0
2025,2025 B/R,3,13696,9,0
2025,2024 4.14,3,16708,1.02,0
2025,2023 1.06,2,16185,4.95,0
2025,2025 UFA,1,13156,1.80,0
2025,2025 UFA,1,15515,1,0
2025,2023 3.07,2,16165,1.34,0
2025,2025 oEXT,3,16870,1.87,0
2025,2025 ERFA,1,13987,1.09,0
2025,2024 iEXT,4,15287,34.24,0
2025,2024 SRFA,2,9431,12.89,0
2025,2025 3.06,4,17132,1.28,0
2025,2025 UFA,1,15259,1.90,0
2025,2023 UDFA,1,16267,0.98,0
2025,2025 SRFA,2,13298,5.35,0
2025,2025 UDFA,3,17118,0.90,0
2025,2025 3.15,3,17114,1.14,0
2025,2025 UFA,2,16729,3.04,0
2025,2025 oEXT,2,16344,1.85,0
2025,2025 UFA,1,15832,1.80,0
2025,2025 UFA,1,15003,1.80,0
2025,2025 UFA,1,15884,1.80,0
2025,2025 UFA,1,17169,1,0
2025,2024 5.12,3,16642,0.98,0
2025,2025 iEXT,4,16269,4.18,0
2025,2023 1.04,2,16150,6.27,0
2025,2025 UFA,1,15362,1.80,0
2025,2024 iEXT,1,13630,20.33,0
2025,2025 iEXT,3,13690,3.98,0
2025,2025 oEXT,4,14148,7.67,0
2025,2024 3.19,3,16693,1.12,0
2025,2024 UFA,2,14797,11.88,0
2025,2025 B/R,5,14778,13.60,0
2025,2025 UFA,1,15856,2.80,0
2025,2024 iEXT,2,14802,17.60,0
2025,2025 2.13,4,17106,1.52,0
2025,2024 4.12,3,16724,1.03,0
2025,2025 UFA,1,16717,1,0
2025,2025 3.10,4,17157,1.21,0
2025,2025 UFA,1,14918,1,0
2025,2022 1.15,1,15806,2.89,0
2025,2024 1.10,3,16618,3.14,0
2025,2025 UFA,1,17143,1.10,0
2025,2025 UFA,1,16450,1.90,0
2025,2025 UFA,1,13199,1.90,0
2025,2023 UFA,1,14518,2.73,0
2025,2025 UFA,1,12231,1,0
2025,2025 UFA,1,14207,1.90,0
2025,2025 5.17,4,17087,0.94,0
2025,2025 UFA,1,15787,1,0
2025,2023 3.08,2,16191,1.33,0
2025,2025 UFA,1,16236,1,0
2025,2025 UFA,1,15358,1.80,0
2025,2022 3.02,1,15788,1.59,0
2025,2025 UFA,1,15051,1,0
2025,2024 4.16,3,16747,1.01,0
2025,2025 UFA,1,17202,1,0
2025,2025 UFA,1,14235,1.80,0
2025,2025 UFA,1,16166,1,0
2025,2025 UFA,1,16287,1.80,0
2025,2025 UFA,1,17149,1.80,0
2025,2025 iEXT,5,16266,3.19,0
2025,2025 iEXT,3,16268,3.16,0
2025,2024 2.05,3,16650,1.86,0
2025,2023 UDFA,1,16282,0.98,0
2025,2025 5.01,4,17151,0.97,0
2025,2025 2.10,4,17052,1.64,0
2025,2025 UFA,1,17160,1.80,0
2025,2024 UFA,1,14249,7.50,0
2025,2023 3.02,2,16230,1.45,0
2025,2025 UFA,1,11723,5.40,0
2025,2024 UFA,2,13692,2.97,0
2025,2025 UFA,1,16788,1.80,0
2025,2024 2.03,3,16653,1.99,0
2025,2025 UFA,1,16757,1.80,0
2025,2025 oEXT,5,15284,14.87,0
2025,2025 UFA,2,10775,4.37,0
2025,2025 UFA,1,15668,1,0
2025,2022 1.03,1,15711,8.42,0
2025,2025 UFA,1,17174,1,0
2025,2025 UFA,1,17353,1.10,0
2025,2025 2.12,4,17122,1.56,0
2025,2025 iEXT,3,15846,5.18,0
2025,2022 2.04^,1,15815,5.35,0
2025,2024 4.02,3,16704,1.09,0
2025,2025 UFA,1,12263,1.90,0
2025,2025 1.05,4,17030,5.38,0
2025,2025 UFA,1,13920,1,0
2025,2025 UFA,1,12744,1,0
2025,2025 UFA,1,11768,1,0
2025,2021 EXT,1,13743,7.41,0
2025,2025 iEXT,2,15742,9.08,0
2025,2025 1.10,4,17102,3.33,0
2025,2024 5.04,3,16684,0.99,0
2025,2025 UFA,1,16192,1.90,0
2025,2025 UDFA,3,17192,0.90,0
2025,2022 1.10,1,15789,3.98,0
2025,2025 UFA,1,15950,1,0
2025,2025 iEXT,6,13214,23.05,0
2025,2025 3.13,4,17131,1.17,0
2025,2025 UFA,1,11985,1.80,0
2025,2025 UFA,1,15387,1.80,0
2025,2025 UDFA,3,17177,0.90,0
2025,2025 iEXT,4,15081,5.12,0
2025,2025 UFA,1,16452,1,0
2025,2025 UFA,1,14168,2.60,0
2025,2023 4.09,2,16262,1.12,0
2025,2025 ORFA3,2,15721,3.41,0
2025,2024 oEXT,5,16195,3.40,0
2025,2025 UFA,1,16673,1.80,0
2025,2022 iEXT,1,14162,16.34,0
2025,2024 1.02,3,16579,7.41,0
2025,2025 UFA,3,16719,4.59,0
2025,2025 R/F,2,16274,1,0
2025,2022 1.06,1,15756,5.75,0
2025,2025 UFA,1,15256,5.50,0
2025,2025 2.07,4,17134,1.79,0
2025,2025 FRFA,4,15710,7.46,0
2025,2024 B/R,1,12225,11.50,0
2025,2024 UFA,2,15391,4.55,0
2025,2025 2.14,4,17113,1.49,0
2025,2025 UFA,2,14221,5.23,0
2025,2023 UFA,3,14157,12.78,0
2025,2025 UFA,1,15857,1,0
2025,2025 4.15,4,17096,0.98,0
2025,2025 4.14,4,17146,0.99,0
2025,2025 UFA,1,15694,1,0
2025,2024 R/F,1,14283,1.10,0
2025,2025 ERFA,1,16432,1.10,0
2025,2025 UFA,1,13447,1.80,0
2025,2025 iEXT,5,15753,10.50,0
2025,2025 R/F,2,14169,1,0
2025,2023 4.14,1,16206,1.10,0
2025,2024 3.18,3,16716,1.13,0
2025,2024 2.09,3,16629,1.65,0
2025,2025 UFA,1,10703,10.10,0
2025,2023 2.06,2,16226,1.91,0
2025,2024 UFA,3,14909,14.03,0
2025,2025 UFA,1,14328,1,0
2025,2025 UFA,1,12140,1.50,0
2025,2025 5.16,4,17145,0.94,0
2025,2025 ERFA,1,16346,1.10,0
2025,2023 4.08,2,16241,1.13,0
2025,2024 UFA,2,14947,3.56,0
2025,2025 UFA,1,16294,6.60,0
2025,2025 ERFA,1,13325,1.10,0
2025,2025 UDFA,3,17172,0.90,0
2025,2024 1.05,3,16620,4.94,0
2025,2025 iEXT,3,15864,3.59,0
2025,2024 2.11,3,16610,1.57,0
2025,2025 UFA,1,15401,1,0
2025,2025 UFA,1,16010,1,0
2025,2022 2.13,1,15819,1.78,0
2025,2023 1.05,2,16148,5.54,0
2025,2023 3.19,2,16276,1.20,0
2025,2025 UFA,1,14877,1.90,0
2025,2025 R/F,2,14592,1,0
2025,2025 UFA,1,0000,,1
2025,2023 2.13,2,16167,1.59,1
2025,2024 UFA,2,11675,21.78,1
2025,2023 1.06,2,16186,4.95,1
2025,2024 iEXT,3,15394,5.84,1
2025,2025 B/R,2,14840,17.58,1
2025,2024 iEXT,2,14590,4.04,1
2025,2025 5.10,4,17154,0.94,1
2025,2024 UDFA,2,16645,0.94,1
2025,2024 3.11,3,16596,1.21,1
2025,2025 UFA,1,13208,3,1
2025,2021 EXT,1,13589,25.70,1
2025,2025 UFA,1,11222,1.80,1
2025,2024 UFA,2,14153,12.67,1
2025,2022 3.15,1,15712,1.33,1
2025,2025 UFA,1,15858,1,1
2025,2023 1.08,2,16223,4.07,1
2025,2025 B/R,2,13671,7.79,1
2025,2025 UFA,1,10814,1,1
2025,2024 oEXT,1,13268,3.60,1
2025,2025 UFA,1,15911,1,1
2025,2025 UFA,1,12218,1.30,1
2025,2025 R/F,2,13759,1,1
2025,2024 4.07,3,16671,1.07,1
2025,2025 3.09,4,17108,1.23,1
2025,2025 UFA,1,15301,1.80,1
2025,2023 iEXT,1,16414,1.81,1
2025,2025 ERFA,1,15777,1.10,1
2025,2025 3.23,4,17073,1.06,1
2025,2025 oEXT,2,13251,6.70,1
2025,2023 5.14,2,16255,1.06,1
2025,2025 NEFT,1,13604,26.48,1
2025,2025 NEFT,1,15357,15.29,1
2025,2024 UDFA,2,16723,0.94,1
2025,2025 R/F,2,15409,1,1
2025,2025 3.21,4,17128,1.08,1
2025,2024 UFA,1,14217,5.23,1
2025,2025 UFA,1,15293,1,1
2025,2025 ERFA,1,16846,1.10,1
2025,2022 UFA,1,13737,6.13,1
2025,2023 3.11,1,16245,1.29,1
2025,2025 TT,1,14893,11.22,1
2025,2025 2.05,4,17078,1.91,1
2025,2024 UFA,2,15873,1.87,1
2025,2025 UFA,1,15875,1,1
2025,2025 UFA,1,15913,1,1
2025,2024 2.06,3,16594,1.80,1
2025,2023 5.02,2,16264,1.08,1
2025,2025 UFA,3,15869,4.68,1
2025,2024 4.14,3,16733,1.03,1
2025,2025 UFA,1,16799,2,1
2025,2023 3.14,2,16164,1.24,1
2025,2024 3.17,3,16700,1.13,1
2025,2025 UFA,1,17209,1,1
2025,2025 SRFA,3,15904,5.35,1
2025,2024 RRFA,1,16018,3.41,1
2025,2025 3.18,4,17069,1.11,1
2025,2025 UFA,2,13869,1.86,1
2025,2025 UFA,1,15355,7.30,1
2025,2025 5.22,4,17076,0.93,1
2025,2024 oEXT,1,15861,2.54,1
2025,2024 4.22,3,16734,1.00,1
2025,2025 UDFA,3,17220,0.90,1
2025,2025 UFA,3,12686,2,1
2025,2022 iEXT,1,14147,24.61,1
2025,2025 UFA,1,11936,3,1
2025,2025 UFA,1,16193,1.80,1
2025,2024 1.03,3,16641,6.38,1
2025,2025 UDFA,3,17179,0.90,1
2025,2023 2.10,2,16244,1.71,1
2025,2023 2.04,2,16256,2.05,1
2025,2025 UFA,1,17263,1,1
2025,2025 UFA,1,16794,1,1
2025,2025 UDFA,3,17268,0.90,1
2025,2025 iEXT,3,15835,4.06,1
2025,2025 UFA,1,12616,1,1
2025,2024 1.13,3,16597,2.60,1
2025,2024 oEXT,1,14892,7.78,1
2025,2025 UDFA,3,17058,0.90,1
2025,2022 iEXT,2,14104,21.02,1
2025,2025 iEXT,3,16181,8.83,1
2025,2024 oEXT,3,14897,17.72,1
2025,2025 UFA,1,15292,1.80,1
2025,2025 UFA,1,16281,1,1
2025,2024 oEXT,2,14105,12.22,1
2025,2024 UFA,2,13172,1.87,1
2025,2025 R/F,2,16736,1,1
2025,2025 ERFA,1,15872,1.10,1
2025,2025 4.12,4,17082,0.99,1
2025,2025 5.20,4,17185,0.94,1
2025,2025 UFA,2,12688,15.96,1
2025,2024 3.05,3,16677,1.31,1
2025,2024 5.11,3,16705,0.98,1
2025,2025 UDFA,3,17161,0.90,1
2025,2025 1.15,4,17070,2.45,1
2025,2022 1.04,1,15752,7.33,1
2025,2025 iEXT,5,14171,22.10,1
2025,2023 iEXT,4,14777,24.79,1
2025,2025 UFA,1,14170,5,1
2025,2025 UFA,1,13448,1,1
2025,2025 UFA,1,12752,6.10,1
2025,2023 UFA,1,15418,1.81,1
2025,2025 RRFA,1,9051,5.10,1
2025,2023 1.13,2,16239,2.82,1
2025,2025 2.06,4,17123,1.85,1
2025,2025 UFA,1,15380,2.50,1
2025,2025 UFA,4,16738,2.72,1
2025,2025 1.09,4,17112,3.61,1
2025,2025 5.18,4,17124,0.94,1
2025,2023 1.10,2,16233,3.45,1
2025,2025 UFA,1,15258,4.50,1
2025,2024 UFA,1,14251,1.87,1
2025,2025 UFA,1,14888,1,1
2025,2023 1.16,2,16169,2.41,1
2025,2024 iEXT,5,15281,18.74,1
2025,2025 UFA,1,15831,1,1
2025,2024 iEXT,2,14927,3.31,1
2025,2025 ORFA1,2,13681,3.41,1
2025,2024 UFA,1,13610,11.08,1
2025,2025 UFA,1,12739,2.90,1
2025,2025 UFA,1,11706,1,1
2025,2025 ERFA,1,16809,1.10,1
2025,2024 iEXT,2,14630,3.63,1
2025,2024 1.12,3,16617,2.75,1
2025,2025 4.01,4,17148,1.05,1
2025,2025 B/R,4,15290,25.25,1
2025,2024 iEXT,2,15352,3.73,1
2025,2024 2.05,3,16665,1.86,1
2025,2025 UFA,1,16295,1.80,1
2025,2025 UFA,2,13146,16.25,1
2025,2022 2.03^,1,15715,3.41,1
2025,2025 UFA,1,13844,1.90,1
2025,2024 2.08,3,16696,1.69,1
2025,2024 UFA,3,15484,8.42,1
2025,2024 3.07,3,16593,1.26,1
2025,2025 UFA,1,10700,1,1
2025,2024 4.01,3,16640,1.11,1
2025,2025 oEXT,2,16455,2.31,1
2025,2025 5.01,4,17241,0.96,1
2025,2023 iEXT,4,14225,22.99,1
2025,2025 UDFA,3,17256,0.90,1
2025,2025 iEXT,3,15839,6.05,1
2025,2025 UFA,1,15001,1.80,1
2025,2024 1.06,3,16581,4.43,1
2025,2024 R/F,1,13592,1.10,1
2025,2025 2.02,4,17032,2.14,1
2025,2025 UFA,1,10768,6.40,1
2025,2024 iEXT,2,13710,2.02,1
2025,2025 UFA,1,10816,1.90,1
2025,2025 ERFA,1,16752,1.10,1
2025,2022 2.11,1,15817,1.86,1
2025,2024 3.12,3,16603,1.20,1
2025,2025 UFA,1,16767,2.60,1
2025,2025 UFA,1,14943,1,1
2025,2024 3.16,3,16675,1.14,1
2025,2025 UFA,1,15396,1.80,1
2025,2025 R/F,2,14219,1,1
2025,2022 2.02^,1,15821,5.35,1
2025,2023 3.06,2,16204,1.36,1
2025,2025 UFA,1,14907,1.90,1
2025,2025 UFA,1,16385,2.30,1
2025,2025 UFA,1,16314,1,1
2025,2023 5.13,2,16265,1.06,1
2025,2023 UDFA,1,16278,0.98,1
2025,2025 UFA,1,15979,2.30,1
2025,2024 iEXT,2,13782,4.30,1
2025,2025 B/R,4,12186,5.53,1
2025,2025 UFA,1,14903,2,1
2025,2025 5.03,4,17171,0.96,1
2025,2025 UFA,1,14800,4.20,1
2025,2024 SRFA,1,14472,5.38,1
2025,2025 UFA,1,16657,1,1
2025,2025 iEXT,4,15779,5.61,1
2025,2025 UFA,1,16342,1.80,1
2025,2025 UFA,1,13281,1,1
2025,2024 UFA,1,14823,3.25,1
2025,2023 3.03,2,16187,1.43,1
2025,2025 UFA,1,16786,1,1
2025,2024 UFA,2,14921,6.44,1
2025,2025 UFA,1,15797,1,1
2025,2025 UFA,1,16663,1.90,1
2025,2024 UFA,1,13294,2.20,1
2025,2025 UFA,3,13697,2.79,1
2025,2024 oEXT,3,14322,9.66,1
2025,2025 1.12,4,17081,2.90,1
2025,2025 UFA,1,13404,3.10,1
2025,2025 ERFA,1,13806,1.10,1
2025,2025 UFA,1,13303,1,1
2025,2024 4.24,3,16654,1.00,1
2025,2025 UFA,2,14303,5.32,1
2025,2022 5.16^,1,15862,3.41,1
2025,2025 2.16,4,17144,1.43,1
2025,2025 UFA,2,13189,5.89,1
2025,2025 UFA,1,14879,1.80,1
2025,2025 ERFA,1,11247,1.10,1
2025,2025 B/R,1,15253,12.60,1
2025,2025 4.02,4,17056,1.04,1
2025,2023 5.25,2,16351,1.04,1
2025,2023 UFA,1,11671,16.34,1
2025,2025 UFA,1,17034,1.80,1
2025,2025 3.07,4,17135,1.26,1
2025,2023 iEXT,2,12860,1.81,1
2025,2025 3.10,4,17103,1.21,1
2025,2025 UFA,1,14137,1,1
2025,2025 UFA,1,17097,1.10,1
2025,2025 ERFA,1,15799,1.09,1
2025,2025 3.15,4,17107,1.14,1
2025,2025 UFA,1,14151,1,1
2025,2025 UFA,1,15238,1.80,1
2025,2024 2.15,3,16694,1.44,1
2025,2024 UFA,1,13713,5.23,1
2025,2025 UFA,1,9064,7.10,1
2025,2025 UFA,1,16778,1.10,1
2025,2023 1.11,2,16190,3.21,1
2025,2025 UFA,1,8851,1,1
2025,2023 4.06,2,16253,1.14,1
2025,2025 ERFA,1,13933,1.10,1
2025,2025 UFA,1,12217,1,1
2025,2025 UFA,1,15032,1,1
2025,2024 3.02,3,16619,1.38,1
2025,2024 iEXT,2,13837,8.55,1
2025,2025 ERFA,1,13770,1.10,1
2025,2025 UFA,1,15331,1,1
2025,2025 4.19,4,17037,0.96,1
2025,2025 UDFA,3,17099,0.90,1
2025,2025 UFA,1,15255,2.60,1
2025,2025 ERFA,1,13888,1.10,1
2025,2025 R/F,2,15833,1,1
2025,2024 UFA,2,14224,6.14,1
2025,2025 R/F,2,11760,1,1
2025,2025 iEXT,6,13198,20.82,1
2025,2025 iEXT,3,14149,6.75,1
2025,2025 UFA,1,14244,1,1
2025,2025 ERFA,1,13672,1.10,1
2025,2025 UFA,1,16009,1,1
2025,2023 1.04,2,16162,6.27,1
2025,2025 5.13,4,17060,0.94,1
2025,2025 UDFA,3,17155,0.90,1
2025,2025 UFA,1,14982,1,1
2025,2024 UFA,1,13317,1.87,1
2025,2022 B/R,1,13163,22.63,1
2025,2024 B/R,2,13674,5.94,1
2025,2024 oEXT,3,12611,24.53,1
2025,2025 1.10,4,17075,3.33,1
2025,2023 4.05,2,16251,1.14,1
2025,2025 UDFA,3,17059,0.90,1
2025,2025 1.13,4,17121,2.72,1
2025,2024 SRFA,1,14405,5.38,1
2025,2025 3.05,4,17138,1.30,1
2025,2024 4.09,3,16667,1.06,1
2025,2025 UFA,1,15337,1,1
2025,2025 3.06,4,17120,1.28,1
2025,2025 UFA,2,16702,4.37,1
2025,2025 oEXT,2,14882,18.77,1
2025,2025 oEXT,3,14247,4.97,1
2025,2024 4.12,3,16688,1.03,1
2025,2025 UFA,1,13430,1,1
2025,2025 4.07,4,17141,1.01,1
2025,2024 3.15,3,16661,1.16,1
2025,2026 5YO,1,15708,15.12,1
2025,2022 1.12,1,15834,3.45,1
2025,2024 iEXT,2,15469,3.49,1
2025,2025 1.05,4,17044,5.38,1
2025,2025 UFA,1,13683,3.30,1
2025,2025 UFA,1,12764,1.90,1
2025,2025 2.14,4,17137,1.49,1
2025,2025 UFA,3,15254,3.78,1
2025,2025 2.04,4,17072,1.98,1
2025,2025 R/F,2,14213,1,1
2025,2024 1.04,3,16614,5.58,1
2025,2025 R/F,2,16227,1,1
2025,2025 UFA,1,16731,1,1
2025,2025 1.16,4,17068,2.33,1
2025,2025 UFA,1,14954,1,1
2025,2025 5.07,4,17105,0.95,1
2025,2025 1.07,4,17043,4.32,1
2025,2024 iEXT,2,13284,5.15,1
2025,2023 2.14,2,16280,1.56,1
2025,2025 UFA,2,12626,27.84,1
2025,2025 UFA,1,12676,3.10,1
2025,2023 iEXT,4,14779,14.17,1
2025,2023 4.10,2,16303,1.12,1
2025,2025 UFA,1,10266,11.80,1
2025,2025 UFA,1,16460,1.90,1
2025,2023 UDFA,1,16333,0.98,1
2025,2025 1.14,4,17083,2.58,1
2025,2024 B/R,3,14835,14.03,1
2025,2023 FRFA,1,14940,7.27,1
2025,2025 UFA,2,13742,2.95,1
2025,2025 UFA,1,15836,1.80,1
2025,2025 UFA,1,14086,1.80,1
2025,2025 UFA,1,12801,6.10,1
2025,2023 B/R,2,14167,13.31,1
2025,2025 oEXT,3,14138,16.82,1
2025,2025 B/R,1,14260,1.90,1
2025,2025 UFA,3,15366,2.43,1
2025,2025 R/F,2,13289,1,1
2025,2025 UFA,2,14182,4.94,1
2025,2025 B/R,1,11232,1.90,1
2025,2025 UFA,2,15361,2.85,1
2025,2025 UDFA,3,17234,0.90,1
2025,2025 4.06,4,17098,1.02,1
2025,2025 UFA,1,15928,1.10,1
2025,2025 4.13,4,17036,0.98,1
2025,2025 oEXT,2,15261,8.29,1
2025,2025 oEXT,2,15452,8.88,1
2025,2025 UFA,1,15121,2,1
2025,2025 UFA,1,13223,4.30,1
2025,2025 R/F,2,16712,1,1
2025,2025 UFA,1,13138,1.80,1
2025,2024 UFA,1,12221,20.59,1
2025,2025 5.11,4,17064,0.94,1
2025,2025 1.02,4,17074,8.23,1
2025,2025 UFA,1,14789,1.90,1
2025,2024 oEXT,2,14783,37.70,1
2025,2025 iEXT,6,15805,9.33,1
2025,2023 5.09,2,16207,1.06,1
2025,2024 4.18,3,16598,1.01,1
2025,2024 5.12,3,16711,0.98,1
2025,2025 UDFA,3,17249,0.90,1
2025,2025 R/F,2,13738,1,1
2025,2025 NEFT,1,13593,35.95,1
2025,2025 R/F,2,14252,1,1
2025,2024 UFA,2,14073,12.97,1
2025,2025 iEXT,3,13714,5.49,1
2025,2025 4.04,4,17055,1.03,1
2025,2025 UFA,1,17201,1,1
2025,2024 UFA,1,12305,3.25,1
2025,2025 1.01,4,17042,9.82,1
2025,2024 iEXT,4,14836,39.20,1
2025,2025 UFA,1,11327,1,1
2025,2024 4.17,3,16662,1.02,1
2025,2025 SRFA,1,14860,5.35,1
2025,2025 oEXT,1,14833,24.48,1
2025,2023 UDFA,1,16246,0.98,1
2025,2025 iEXT,5,15809,6.78,1
2025,2025 UFA,1,14861,1.80,1
2025,2025 2.01,4,17048,2.23,1
2025,2023 3.15,2,16175,1.23,1
2025,2024 UFA,1,13764,2.41,1
2025,2025 UFA,1,17079,1,1
2025,2024 4.19,3,16649,1.01,1
2025,2025 4.05,4,17127,1.02,1
2025,2023 1.07,2,16188,4.47,1
2025,2024 UFA,1,13319,14.84,1
2025,2025 SRFA,2,14910,5.35,1
2025,2025 iEXT,2,12741,3.21,1
2025,2025 R/F,2,13332,1,1
2025,2025 UFA,2,14059,5.80,1
2025,2023 oEXT,1,14164,3.37,1
2025,2025 UFA,3,15404,6.75,1
2025,2025 UFA,1,16714,1,1
2025,2024 iEXT,2,16350,3.71,1
2025,2025 UFA,3,13748,3.51,1
2025,2025 UFA,1,15241,2,1
2025,2025 ERFA,1,15868,1.10,1
2025,2025 R/F,2,15398,1,1
2025,2025 UFA,1,15863,1.10,1
2025,2025 R/F,2,10292,1,1
2025,2025 FRFA,3,15871,7.46,1
2025,2025 UFA,1,13810,1.80,1
2025,2025 1.06,4,17051,4.80,1
2025,2023 UFA,1,13132,8.49,1
2025,2023 2.09,2,16254,1.75,1
2025,2022 1.15,1,15808,2.89,1
2025,2024 5.10,3,16775,0.98,1
2025,2023 NEFToff,1,11244,30.25,1
2025,2023 1.09,2,16213,3.73,1
2025,2024 5.09,3,16676,0.99,1
2025,2025 UFA,1,13633,1,1
2025,2023 B/R,1,13299,18.15,1
2025,2024 UFA,1,14867,6.38,1
2025,2025 UFA,1,15727,4,1
2025,2025 3.11,4,17125,1.20,1
2025,2024 UDFA,2,16722,0.94,1
2025,2023 4.14,2,16222,1.10,1
2025,2025 UFA,2,13164,3.80,1
2025,2023 2.02,2,16214,2.21,1
2025,2025 UFA,2,15923,3.99,1
2025,2023 iEXT,3,14832,22.41,1
2025,2025 UDFA,3,17205,0.90,1
2025,2024 UFA,2,16013,2.97,1
2025,2025 UFA,3,13700,7.20,1
2025,2025 UFA,1,17184,1,1
2025,2024 UDFA,2,16672,0.94,1
2025,2024 2.01,3,16651,2.15,1
2025,2025 UFA,1,16787,1.90,1
2025,2025 UFA,2,11769,3.04,1
2025,2025 iEXT,4,14159,12.74,1
2025,2025 UFA,3,15237,13.59,1
2025,2024 1.15,3,16639,2.34,1
2025,2025 UFA,3,15445,2.07,1
2025,2023 1.14,2,16149,2.66,1
2025,2024 iEXT,5,15798,3.87,1
2025,2024 UDFA,2,16680,0.94,1
2025,2024 4.21,3,16707,1.00,1
2025,2022 1.14,1,15822,3.05,1
2025,2024 3.08,3,16604,1.25,1
2025,2026 5YO,1,15751,29.83,1
2025,2025 5.02,4,17222,0.96,1
2025,2023 iEXT,4,14782,10.45,1
2025,2025 oEXT,3,14179,8.68,1
2025,2025 1.08,4,17104,3.93,1
2025,2025 UFA,1,13952,20.10,1
2025,2025 UFA,1,11721,7.20,1
2025,2025 UFA,1,13767,1,1
2025,2025 B/R,4,14900,6.72,1
2025,2022 4.02,1,15853,1.25,1
2025,2023 oEXT,4,13116,37.70,1
2025,2025 UFA,1,14985,1,1
2025,2025 UFA,1,12141,2.60,1
2025,2025 4.09,4,17053,1,1
2025,2025 4.10,4,17159,1,1
2025,2023 3.04,2,16263,1.41,1
2025,2025 UFA,1,15972,5.10,1
2025,2025 UFA,1,14223,1.80,1
2025,2024 1.11,3,16580,2.93,1
2025,2024 iEXT,2,13590,20.87,1
2025,2025 iEXT,6,15794,15.06,1
2025,2025 B/R,2,13130,14.25,1
2025,2024 4.11,3,16635,1.04,1
2025,2024 1.07,3,16584,4.02,1
2025,2024 1.10,3,16627,3.14,1
2025,2023 3.17,2,16252,1.21,1
2025,2025 UFA,1,15702,1,1
2025,2023 UFA,2,14908,5.35,1
2025,2024 5.07,3,16670,0.99,1
2025,2025 iEXT,3,14717,1.92,1
2025,2024 B/R,3,14109,9.35,1
2025,2025 R/F,2,11947,1,1
2025,2024 4.05,3,16628,1.08,1
2025,2025 1.03,4,17071,7.03,1
2025,2025 UFA,1,16145,1,1
2025,2025 UFA,1,17339,1,1
2025,2024 oEXT,2,15390,1.87,1
2025,2025 UFA,1,13143,1,1
2025,2024 oEXT,3,15363,1.87,1
2025,2023 oEXT,2,14102,12.72,1
2025,2025 SRFA,2,14995,5.35,1
2025,2024 UFA,1,14127,9.41,1
2025,2025 UFA,1,17239,1,1
2025,2023 2.06,2,16171,1.91,1
2025,2025 UFA,1,15252,1,1
2025,2025 UDFA,3,17195,0.90,1
2025,2025 3.13,4,17033,1.17,1
2025,2025 R/F,2,16585,1,1
2025,2023 3.13,2,16189,1.25,1
2025,2024 2.02,3,16626,2.07,1
2025,2023 UDFA,1,16178,0.98,1
2025,2024 4.08,3,16690,1.06,1
2025,2025 UFA,1,13131,1,1
2025,2024 iEXT,2,15365,6.29,1
2025,2025 5.14,4,17066,0.94,1
2025,2024 iEXT,2,14071,15.48,1
2025,2024 iEXT,1,14974,13.41,1
2025,2025 UFA,2,13635,15.39,1
2025,2025 UFA,1,15288,1.90,1
2025,2025 UFA,3,13470,2.79,1
2025,2025 UDFA,3,17186,0.90,1
2025,2025 UDFA,3,17129,0.90,1
2025,2025 ERFA,1,16279,1.10,1
2025,2025 UFA,1,13330,1.90,1
2025,2025 4.03,4,17153,1.04,1
2025,2023 UFA,1,14180,1.81,1
2025,2024 2.11,3,16689,1.57,1
2025,2025 UFA,1,16224,1.10,1
2025,2025 UFA,1,12772,1,1
2025,2024 UFA,1,14889,1.87,1
2025,2024 oEXT,1,14056,27.12,1
2025,2025 UFA,1,16215,3.10,1
2025,2025 iEXT,4,16725,1.87,1
2025,2025 UFA,1,12437,1.80,1
2025,2024 1.02,3,16615,7.41,1
2025,2023 5.03,2,16211,1.08,1
2025,2025 UFA,1,15786,1,1
2025,2025 4.15,4,17046,0.98,1
2025,2025 UFA,1,14154,1,1
2025,2025 UFA,1,15375,1,1
2025,2024 3.03,3,16692,1.35,1
2025,2024 2.09,3,16582,1.65,1
2025,2025 RRFA,1,14669,3.26,1
2025,2025 UFA,1,13192,6,1
2025,2025 3.08,4,17080,1.25,1
2025,2025 3.04,4,17136,1.33,1
2025,2025 5.17,4,17152,0.94,1
2025,2024 2.12,3,16679,1.54,1
2025,2023 4.15,2,16159,1.10,1
2025,2024 oEXT,1,15386,2.54,1
2025,2025 RRFA,2,15393,4.10,1
2025,2024 1.05,3,16616,4.94,1
2025,2023 UDFA,1,16369,0.98,1
2025,2025 UFA,1,15385,2.90,1
2025,2025 R/F,2,16225,1,1
2025,2025 UFA,3,14218,7.29,1
2025,2025 RRFA,1,15889,4.50,1
2025,2025 UFA,1,13685,1,1
2025,2025 5.08,4,17150,0.95,1
2025,2025 iEXT,3,15754,12.86,1
2025,2023 iEXT,2,14158,6.91,1
2025,2025 UFA,1,13813,6.30,1
2025,2025 ERFA,1,15382,1.10,1
2025,2025 UFA,1,12782,1.80,1
2025,2024 4.20,3,16691,1.01,1
2025,2025 iEXT,3,15388,3.31,1
2025,2024 iEXT,3,15802,6.68,1
2025,2024 R/F,1,16283,1.10,1
2025,2024 iEXT,3,15378,3.27,1
2025,2023 UFA,1,14414,2.83,1
2025,2025 B/R,2,15351,4.94,1
2025,2023 UDFA,1,16383,0.98,1
2025,2023 oEXT,1,15749,3.98,1
2025,2023 oEXT,1,15319,5.47,1
2025,2025 UFA,1,17163,1,1
2025,2024 iEXT,4,15350,10.07,1
2025,2025 UFA,1,15369,1,1
2025,2025 UFA,3,15345,3.60,1
2025,2025 UFA,1,13723,5.20,1
2025,2025 2.09,4,17115,1.69,1
2025,2024 1.14,3,16622,2.46,1
2025,2024 2.14,3,16583,1.47,1
2025,2025 UFA,1,13133,1,1
2025,2025 UFA,1,12238,1.80,1
2025,2025 R/F,2,16703,1,1
2025,2023 oEXT,1,13693,3.50,1
2025,2024 B/R,5,15349,10.81,1
2025,2022 2.01^,1,15762,3.41,1
2025,2022 2.04,1,15692,2.31,1
2025,2025 iEXT,4,15768,18.81,1
2025,2025 UFA,1,13719,1.90,1
2025,2025 UFA,1,12323,1,1
2025,2024 UFA,1,15448,4.50,1
2025,2022 3.18^,1,15850,3.41,1
2025,2024 oEXT,2,14842,13.24,1
2025,2024 iEXT,3,15329,9.15,1
2025,2025 UFA,1,14085,1.90,1
2025,2025 UFA,1,16240,1,1
2025,2025 UDFA,3,17156,0.90,1
2025,2025 UFA,1,8930,1,1
2025,2025 UFA,1,14210,5.60,1
2025,2021 EXT,3,12620,37.21,1
2025,2025 oEXT,5,15698,34.16,1
2025,2024 oEXT,1,14896,8.33,1
2025,2025 UFA,1,12711,1,1
2025,2025 UDFA,3,17166,0.90,1
2025,2025 UDFA,3,17181,0.90,1
2025,2024 R/F,1,14186,1.10,1
2025,2024 5.13,3,16586,0.98,1
2025,2025 UFA,1,14434,1.90,1
2025,2025 UFA,1,16927,5.20,1
2025,2025 UFA,1,13774,1.90,1
2025,2023 2.07,2,16184,1.86,1
2025,2025 UFA,1,16887,1,1
2025,2024 UDFA,2,16681,0.94,1
2025,2025 UFA,1,13717,1.80,1
2025,2025 5.16,4,17142,0.94,1
2025,2025 UFA,1,16623,1,1
2025,2023 2.08,2,16194,1.80,1
2025,2023 1.02,2,16152,8.38,1
2025,2022 UFA,2,13629,12.10,1
2025,2025 UFA,1,17187,1,1
2025,2025 UFA,1,7394,1,1
2025,2025 ERFA,1,15089,1.10,1
2025,2025 R/F,2,14957,1,1
2025,2025 UFA,1,12697,9.10,1
2025,2023 1.01,2,16161,9.94,1
2025,2022 4.24^,1,15716,3.41,1
2025,2024 2.10,3,16655,1.62,1
2025,2024 2.16,3,16660,1.42,1
2025,2022 iEXT,1,15907,3.06,1
2025,2025 UFA,1,16298,4.80,1
2025,2022 3.12,1,15757,1.38,1
2025,2024 B/R,1,7836,6.38,1
2025,2025 UFA,1,14997,1,1
2025,2025 UFA,1,16174,5.10,1
2025,2024 iEXT,3,15346,6.70,1
2025,2025 3.20,4,17086,1.09,1
2025,2024 iEXT,2,15076,3.70,1
2025,2025 UFA,1,16292,1,1
2025,2024 4.04,3,16698,1.09,1
2025,2025 2.15,4,17047,1.46,1
2025,2023 B/R,1,14136,14.52,1
2025,2024 iEXT,2,13431,2.17,1
2025,2023 2.11,2,16231,1.67,1
2025,2024 3.18,3,16643,1.13,1
2025,2025 3.16,4,17031,1.13,1
2025,2025 5.09,4,17139,0.94,1
2025,2025 5.21,4,17167,0.93,1
2025,2024 UFA,2,14215,1.87,1
2025,2025 UFA,1,17116,1.60,1
2025,2025 UFA,1,13772,1.80,1
2025,2025 2.10,4,17147,1.64,1
2025,2025 UFA,1,14302,1.90,1
2025,2025 4.11,4,17119,0.99,1
2025,2025 iEXT,5,16080,6.62,1
2025,2025 iEXT,2,15761,6.46,1
2025,2025 SRFA,3,15428,5.35,1
2025,2025 2.03,4,17039,2.05,1
2025,2024 iEXT,1,13839,14.75,1
2025,2025 UFA,1,17207,2.90,1
2025,2025 oEXT,6,14163,14.71,1
2025,2024 UFA,1,12767,5.96,1
2025,2025 5.06,4,17178,0.95,1
2025,2025 UFA,1,14080,1,1
2025,2024 oEXT,1,14412,7.59,1
2025,2024 2.13,3,16644,1.51,1
2025,2025 2.13,4,17045,1.52,1
2025,2025 UFA,1,15446,1,1
2025,2025 UFA,1,11348,1.90,1
2025,2025 R/F,2,14122,1,1
2025,2025 UFA,1,14600,1,1
2025,2025 UDFA,3,17175,0.90,1
2025,2025 4.14,4,17049,0.98,1
2025,2025 5YO,1,15282,26.21,1
2025,2025 UFA,1,11150,2.10,1
2025,2025 UFA,1,10783,1.80,1
2025,2025 UFA,2,13193,4.56,1
2025,2024 5.16,3,16697,0.98,1
2025,2023 3.19,2,16228,1.20,1
2025,2024 oEXT,3,13696,12.97,1
2025,2024 5.14,3,16708,0.98,1
2025,2023 1.05,2,16185,5.54,1
2025,2025 5.19,4,17182,0.94,1
2025,2023 3.08,2,16165,1.33,1
2025,2025 ERFA,1,13987,1.09,1
2025,2025 UFA,1,15392,1,1
2025,2024 iEXT,4,15287,33.68,1
2025,2025 UFA,2,9431,9.69,1
2025,2025 2.12,4,17132,1.56,1
2025,2025 UFA,1,15405,1.90,1
2025,2024 iEXT,2,15259,4.16,1
2025,2023 UDFA,1,16267,0.98,1
2025,2025 UFA,2,13298,14.92,1
2025,2025 3.17,4,17118,1.12,1
2025,2025 3.01,4,17114,1.40,1
2025,2022 4.03^,1,15832,5.35,1
2025,2025 UFA,1,15003,2,1
2025,2025 UFA,1,15884,1,1
2025,2025 UFA,1,17169,1,1
2025,2024 5.05,3,16642,0.99,1
2025,2025 R/F,2,16269,1,1
2025,2023 1.12,2,16150,3.00,1
2025,2025 3.12,4,17126,1.18,1
2025,2025 UFA,1,15362,1.90,1
2025,2024 UFA,1,13630,6.27,1
2025,2023 UFA,1,13690,6.53,1
2025,2024 iEXT,1,14148,7.98,1
2025,2024 3.19,3,16693,1.12,1
2025,2024 oEXT,2,14797,5.96,1
2025,2025 B/R,3,14778,18.63,1
2025,2024 UFA,1,14200,2.41,1
2025,2025 oEXT,2,15856,5.46,1
2025,2025 oEXT,3,14802,16.97,1
2025,2025 2.08,4,17106,1.74,1
2025,2025 UFA,1,16724,1,1
2025,2025 SRFA,1,15859,5.35,1
2025,2024 5.18,3,16717,0.98,1
2025,2025 4.08,4,17157,1.01,1
2025,2025 UFA,1,14918,1.90,1
2025,2025 iEXT,5,15806,5.01,1
2025,2025 UFA,1,11938,6.20,1
2025,2024 1.09,3,16618,3.38,1
2025,2025 UDFA,3,17143,0.90,1
2025,2025 UFA,1,16450,1,1
2025,2025 UFA,1,14518,1.10,1
2025,2025 UFA,2,17087,1.87,1
2025,2025 iEXT,2,15787,9.37,1
2025,2025 oEXT,2,16191,4.41,1
2025,2025 UFA,1,16403,1,1
2025,2023 5.21,2,16236,1.04,1
2025,2025 UFA,1,15358,1,1
2025,2025 UFA,3,15788,1.86,1
2025,2025 UFA,1,16036,1,1
2025,2025 ERFA,1,15051,1.10,1
2025,2024 4.10,3,16747,1.04,1
2025,2025 R/F,2,14235,1,1
2025,2024 3.01,3,16652,1.40,1
2025,2025 UFA,1,16166,1.90,1
2025,2024 R/F,1,16287,1.10,1
2025,2025 3.19,4,17149,1.10,1
2025,2023 4.04,2,16266,1.17,1
2025,2023 5.17,2,16268,1.04,1
2025,2024 2.04,3,16650,1.91,1
2025,2024 SRFA,2,16282,5.38,1
2025,2025 3.22,4,17151,1.07,1
2025,2025 UFA,1,15981,1.90,1
2025,2025 3.02,4,17052,1.37,1
2025,2025 UDFA,3,17160,0.90,1
2025,2025 UFA,1,15877,1,1
2025,2024 SRFA,1,14249,5.38,1
2025,2023 3.10,2,16230,1.30,1
2025,2025 UFA,1,13692,3,1
2025,2025 UFA,1,16788,1,1
2025,2024 1.16,3,16653,2.24,1
2025,2025 UFA,1,16757,4.40,1
2025,2025 5YO,1,15284,26.21,1
2025,2025 UFA,1,10775,5.30,1
2025,2025 iEXT,2,15711,9.99,1
2025,2025 UFA,1,17174,1,1
2025,2025 2.11,4,17122,1.60,1
2025,2025 iEXT,4,15846,5.02,1
2025,2022 1.16,1,15815,2.76,1
2025,2024 4.03,2,16704,1.09,1
2025,2025 UFA,1,12263,5,1
2025,2025 1.04,4,17030,6.11,1
2025,2025 UFA,2,13920,1.90,1
2025,2025 UFA,1,13707,1.80,1
2025,2025 UFA,1,11768,1,1
2025,2025 B/R,3,13743,7.20,1
2025,2023 iEXT,2,15742,3.74,1
2025,2025 1.11,4,17102,3.10,1
2025,2025 UFA,1,15510,1,1
2025,2025 UFA,1,16216,1,1
2025,2024 5.01,3,16684,1.00,1
2025,2025 UFA,1,16192,1.10,1
2025,2022 1.08,1,15789,4.71,1
2025,2025 UFA,1,15950,1,1
2025,2024 B/R,3,13214,20.57,1
2025,2025 3.14,4,17131,1.15,1
2025,2025 UFA,1,11985,1,1
2025,2025 UFA,2,15387,1.86,1
2025,2025 R/F,2,15081,1,1
2025,2025 UFA,1,14168,2.10,1
2025,2023 4.11,2,16262,1.11,1
2025,2022 2.08^,1,15721,3.41,1
2025,2025 UFA,1,13249,1,1
2025,2025 UFA,1,16195,1,1
2025,2024 4.13,3,16673,1.03,1
2025,2025 UFA,1,14162,1,1
2025,2024 1.01,3,16579,8.79,1
2025,2025 UFA,1,13959,1.80,1
2025,2023 5.10,2,16284,1.06,1
2025,2024 UDFA,2,16719,0.94,1
2025,2023 5.26,2,16274,1.04,1
2025,2022 1.05,1,15756,6.45,1
2025,2025 UFA,1,15256,2,1
2025,2025 3.03,4,17134,1.35,1
2025,2022 5.13^,1,15710,3.41,1
2025,2025 ORFAN,1,12225,15,1
2025,2025 R/F,2,15391,1,1
2025,2025 2.07,4,17113,1.79,1
2025,2025 UFA,3,14221,5.58,1
2025,2025 UFA,2,14157,11.50,1
2025,2025 5.12,4,17096,0.94,1
2025,2025 4.17,4,17146,0.97,1
2025,2022 2.06,1,15694,2.16,1
2025,2025 UFA,1,14283,1.80,1
2025,2025 UFA,1,16432,1,1
2025,2025 UFA,1,13447,1,1
2025,2025 iEXT,6,15753,11.78,1
2025,2025 B/R,2,14928,5.42,1
2025,2025 UFA,1,14169,1,1
2025,2023 5.22,2,16206,1.04,1
2025,2024 3.14,3,16716,1.17,1
2025,2024 2.07,3,16629,1.75,1
2025,2025 UFA,1,10703,5.30,1
2025,2023 1.15,2,16226,2.53,1
2025,2025 B/R,2,14909,9.12,1
2025,2025 UFA,1,14328,1.80,1
2025,2025 UFA,1,12140,1.80,1
2025,2025 5.05,4,17145,0.95,1
2025,2025 R/F,2,16346,1,1
2025,2023 3.09,2,16241,1.32,1
2025,2025 UFA,1,16294,1.90,1
2025,2025 UFA,1,13325,1.80,1
2025,2025 5.15,4,17172,0.94,1
2025,2024 1.08,3,16620,3.67,1
2025,2025 iEXT,3,15864,2.88,1
2025,2024 3.06,3,16610,1.29,1
2025,2025 UFA,1,15401,1,1
2025,2025 iEXT,3,15819,1.86,1
2025,2023 1.03,2,16148,7.21,1
2025,2023 3.12,2,16276,1.28,1
2025,2025 UFA,1,14877,1.90,1
2025,2025 UFA,1,14592,1,1
