season,week,franchise_id,player_id,salary,contractYear,status,contractInfo,as_of
2026,4,0001,14892,7.66,1,ROSTER,2023 iEXT,2026-10-05
2026,4,0001,13723,7.99,1,ROSTER,2023 SRFA,2026-10-05
2026,4,0001,14405,10.03,1,ROSTER,2023 iEXT,2026-10-05
2026,4,0001,15366,7.3,2,ROSTER,2024 B/R,2026-10-05
2026,4,0001,14797,13.07,1,ROSTER,2024 UFA,2026-10-05
2026,4,0001,16627,3.03,2,ROSTER,2024 1.12,2026-10-05
2026,4,0001,11769,1.1,1,ROSTER,2025 R/F,2026-10-05
2026,4,0001,13839,16.5,2,ROSTER,2025 RRFA,2026-10-05
2026,4,0001,15331,4.53,1,ROSTER,2024 iEXT,2026-10-05
2026,4,0001,17031,1.17,3,ROSTER,2025 4.02,2026-10-05
2026,4,0001,17102,3.66,3,ROSTER,2025 1.10,2026-10-05
2026,4,0001,17131,1.29,3,ROSTER,2025 3.13,2026-10-05
2026,4,0001,10266,13.59,1,ROSTER,2025 UFA,2026-10-05
2026,4,0001,15365,7.18,3,ROSTER,2026 oEXT,2026-10-05
2026,4,0001,14219,2.25,2,ROSTER,2026 oEXT,2026-10-05
2026,4,0001,14170,10.78,2,ROSTER,2026 oEXT,2026-10-05
2026,4,0001,16165,1.47,1,ROSTER,2023 3.07,2026-10-05
2026,4,0001,17072,2.25,3,ROSTER,2025 2.03,2026-10-05
2026,4,0001,15888,1.1,1,ROSTER,2026 R/F,2026-10-05
2026,4,0001,14148,8.44,3,ROSTER,2025 oEXT,2026-10-05
2026,4,0001,12620,25.5,4,ROSTER,2026 B/R,2026-10-05
2026,4,0001,14102,13.6,3,ROSTER,2026 oEXT,2026-10-05
2026,4,0001,16598,1.17,2,ROSTER,2024 4.06,2026-10-05
2026,4,0001,17589,1.71,4,ROSTER,2026 2.12,2026-10-05
2026,4,0001,17571,1.52,4,ROSTER,2026 3.01,2026-10-05
2026,4,0001,16680,2.0,1,ROSTER,2026 UFA,2026-10-05
2026,4,0001,16010,1.1,1,ROSTER,2026 UFA,2026-10-05
2026,4,0001,13987,3.24,3,ROSTER,2026 UFA,2026-10-05
2026,4,0001,15757,20.0,1,ROSTER,2026 UFA,2026-10-05
2026,4,0001,14833,4.05,3,ROSTER,2026 B/R,2026-10-05
2026,4,0001,16267,4.2,1,ROSTER,2026 UFA,2026-10-05
2026,4,0001,13590,14.88,4,ROSTER,2026 UFA,2026-10-05
2026,4,0001,15895,2.0,1,ROSTER,2026 UFA,2026-10-05
2026,4,0001,15913,1.1,1,ROSTER,2026 ERFA,2026-10-05
2026,4,0001,13133,1.1,1,ROSTER,2026 R/F,2026-10-05
2026,4,0001,16788,1.1,1,ROSTER,2026 UFA,2026-10-05
2026,4,0001,15797,1.1,1,ROSTER,2026 R/F,2026-10-05
2026,4,0001,17502,4.52,4,ROSTER,2026 1.08,2026-10-05
2026,4,0001,17769,2.0,1,ROSTER,2026 UFA,2026-10-05
2026,4,0001,15814,1.1,1,ROSTER,2026 UFA,2026-10-05
2026,4,0001,17652,1.0,4,ROSTER,2026 4.25,2026-10-05
2026,4,0001,17148,1.14,3,ROSTER,2025 4.04,2026-10-05
2026,4,0001,16226,2.1,1,ROSTER,2023 2.06,2026-10-05
2026,4,0001,16610,2.1,1,ROSTER,2026 UFA,2026-10-05
2026,4,0001,13731,1.1,1,ROSTER,2026 R/F,2026-10-05
2026,4,0001,17115,1.43,3,TAXI_SQUAD,2025 3.05,2026-10-05
2026,4,0002,14153,16.16,1,ROSTER,2025 oEXT,2026-10-05
2026,4,0002,14802,19.36,1,ROSTER,2024 iEXT,2026-10-05
2026,4,0002,14779,16.65,3,ROSTER,2023 iEXT,2026-10-05
2026,4,0002,16251,2.02,3,ROSTER,2026 iEXT,2026-10-05
2026,4,0002,14832,41.5,2,ROSTER,2024 NEFToff,2026-10-05
2026,4,0002,16655,1.56,2,ROSTER,2024 2.16,2026-10-05
2026,4,0002,13837,11.0,1,ROSTER,2024 UFA,2026-10-05
2026,4,0002,14897,23.66,2,ROSTER,2024 UFA,2026-10-05
2026,4,0002,14669,3.26,1,ROSTER,2026 oEXT,2026-10-05
2026,4,0002,15290,37.38,3,ROSTER,2026 oEXT,2026-10-05
2026,4,0002,17116,0.99,2,ROSTER,2025 UDFA,2026-10-05
2026,4,0002,15979,2.05,2,ROSTER,2025 UFA,2026-10-05
2026,4,0002,17033,1.23,3,ROSTER,2025 3.17,2026-10-05
2026,4,0002,17138,1.26,3,ROSTER,2025 3.14,2026-10-05
2026,4,0002,16670,1.08,2,ROSTER,2024 5.13,2026-10-05
2026,4,0002,16181,1.33,1,ROSTER,2023 3.17,2026-10-05
2026,4,0002,13113,1.1,1,ROSTER,2026 R/F,2026-10-05
2026,4,0002,15794,22.66,1,ROSTER,2026 NEFT,2026-10-05
2026,4,0002,15428,5.77,1,ROSTER,2026 SRFA,2026-10-05
2026,4,0002,14136,15.49,1,ROSTER,2025 ORFA2,2026-10-05
2026,4,0002,14860,2.0,1,ROSTER,2026 UFA,2026-10-05
2026,4,0002,13431,1.2,1,ROSTER,2026 UFA,2026-10-05
2026,4,0002,15378,2.0,1,ROSTER,2026 UFA,2026-10-05
2026,4,0002,17521,0.99,4,ROSTER,2026 5.09,2026-10-05
2026,4,0002,17552,1.23,4,ROSTER,2026 3.14,2026-10-05
2026,4,0002,17568,1.49,4,ROSTER,2026 3.02,2026-10-05
2026,4,0002,17617,0.94,3,ROSTER,2026 UDFA,2026-10-05
2026,4,0002,17563,2.62,4,ROSTER,2026 1.16,2026-10-05
2026,4,0002,17466,1.06,4,ROSTER,2026 4.12,2026-10-05
2026,4,0002,14143,1.1,1,ROSTER,2026 R/F,2026-10-05
2026,4,0002,16009,1.1,1,ROSTER,2026 R/F,2026-10-05
2026,4,0002,17161,0.99,2,ROSTER,2025 UDFA,2026-10-05
2026,4,0002,16923,1.1,1,ROSTER,2026 UFA,2026-10-05
2026,4,0002,15875,1.1,1,ROSTER,2026 UFA,2026-10-05
2026,4,0002,17527,0.94,3,ROSTER,2026 UDFA,2026-10-05
2026,4,0002,16736,1.1,1,ROSTER,2025 R/F,2026-10-05
2026,4,0002,17196,1.1,1,ROSTER,2026 UFA,2026-10-05
2026,4,0002,17166,0.99,2,ROSTER,2025 UDFA,2026-10-05
2026,4,0002,10783,1.1,1,ROSTER,2026 UFA,2026-10-05
2026,4,0002,15409,2.0,1,ROSTER,2026 UFA,2026-10-05
2026,4,0002,17624,2.0,1,ROSTER,2026 UFA,2026-10-05
2026,4,0002,13713,2.0,1,ROSTER,2026 UFA,2026-10-05
2026,4,0002,17736,1.1,1,ROSTER,2026 UFA,2026-10-05
2026,4,0002,17509,1.56,4,INJURED_RESERVE,2026 2.16,2026-10-05
2026,4,0003,15708,11.3,3,ROSTER,2025 iEXT,2026-10-05
2026,4,0003,16579,8.15,2,ROSTER,2024 1.02,2026-10-05
2026,4,0003,16641,4.42,2,ROSTER,2024 1.07,2026-10-05
2026,4,0003,16650,2.05,2,ROSTER,2024 2.05,2026-10-05
2026,4,0003,13630,24.97,3,ROSTER,2026 oEXT,2026-10-05
2026,4,0003,17081,2.84,3,ROSTER,2025 1.14,2026-10-05
2026,4,0003,17052,1.8,3,ROSTER,2025 2.10,2026-10-05
2026,4,0003,17144,1.61,3,ROSTER,2025 2.15,2026-10-05
2026,4,0003,16252,3.7,1,ROSTER,2023 3.18^,2026-10-05
2026,4,0003,17125,1.3,3,ROSTER,2025 3.12,2026-10-05
2026,4,0003,15799,5.2,2,ROSTER,2026 oEXT,2026-10-05
2026,4,0003,15742,9.99,1,ROSTER,2025 iEXT,2026-10-05
2026,4,0003,13952,5.64,1,ROSTER,2025 UFA,2026-10-05
2026,4,0003,14159,15.84,1,ROSTER,2023 UFA,2026-10-05
2026,4,0003,14179,7.94,1,ROSTER,2024 iEXT,2026-10-05
2026,4,0003,14147,21.3,2,ROSTER,2023 UFA,2026-10-05
2026,4,0003,15819,5.0,2,ROSTER,2026 oEXT,2026-10-05
2026,4,0003,16705,1.1,1,ROSTER,2026 ERFA,2026-10-05
2026,4,0003,15756,24.75,6,ROSTER,2026 mEXT,2026-10-05
2026,4,0003,14303,3.39,2,ROSTER,2024 oEXT,2026-10-05
2026,4,0003,17472,9.73,4,ROSTER,2026 1.02,2026-10-05
2026,4,0003,17553,1.2,4,ROSTER,2026 3.16,2026-10-05
2026,4,0003,14412,2.0,1,ROSTER,2026 UFA,2026-10-05
2026,4,0003,14717,2.0,1,ROSTER,2026 UFA,2026-10-05
2026,4,0003,12611,20.57,2,ROSTER,2024 UFA,2026-10-05
2026,4,0003,16342,2.01,1,ROSTER,2026 UFA,2026-10-05
2026,4,0003,15445,1.1,1,ROSTER,2026 UFA,2026-10-05
2026,4,0003,14997,1.1,1,ROSTER,2026 UFA,2026-10-05
2026,4,0003,14985,1.1,1,ROSTER,2026 UFA,2026-10-05
2026,4,0003,14302,1.1,1,ROSTER,2026 UFA,2026-10-05
2026,4,0003,17616,0.99,4,ROSTER,2026 5.10,2026-10-05
2026,4,0003,17613,0.98,4,ROSTER,2026 5.18,2026-10-05
2026,4,0003,17606,0.98,4,ROSTER,2026 5.20,2026-10-05
2026,4,0003,17574,0.98,4,ROSTER,2026 5.14,2026-10-05
2026,4,0003,16629,1.81,2,ROSTER,2024 2.09,2026-10-05
2026,4,0003,16212,1.1,1,ROSTER,2026 UFA,2026-10-05
2026,4,0003,14900,2.8,1,ROSTER,2026 UFA,2026-10-05
2026,4,0003,16778,2.01,2,ROSTER,2026 UFA,2026-10-05
2026,4,0003,15124,1.1,1,ROSTER,2026 UFA,2026-10-05
2026,4,0003,17653,1.1,1,ROSTER,2026 UFA,2026-10-05
2026,4,0003,17169,1.1,1,ROSTER,2026 ERFA,2026-10-05
2026,4,0003,14930,2.0,1,ROSTER,2026 UFA,2026-10-05
2026,4,0003,15395,2.2,1,ROSTER,2026 UFA,2026-10-05
2026,4,0003,16843,1.1,1,ROSTER,2026 UFA,2026-10-05
2026,4,0003,13848,1.1,1,ROSTER,2026 UFA,2026-10-05
2026,4,0003,17083,3.19,3,INJURED_RESERVE,2025 1.12,2026-10-05
2026,4,0003,14171,11.98,1,INJURED_RESERVE,2024 B/R,2026-10-05
2026,4,0003,16184,1.75,1,INJURED_RESERVE,2023 2.13,2026-10-05
2026,4,0004,14782,11.53,1,ROSTER,2023 iEXT,2026-10-05
2026,4,0004,14149,3.3,1,ROSTER,2024 iEXT,2026-10-05
2026,4,0004,16190,3.8,1,ROSTER,2023 1.10,2026-10-05
2026,4,0004,16223,3.53,1,ROSTER,2023 1.11+,2026-10-05
2026,4,0004,14836,45.38,2,ROSTER,2024 NEFToff,2026-10-05
2026,4,0004,9431,14.18,1,ROSTER,2024 SRFA,2026-10-05
2026,4,0004,16651,2.37,2,ROSTER,2024 2.01,2026-10-05
2026,4,0004,13692,3.27,1,ROSTER,2024 UFA,2026-10-05
2026,4,0004,16747,1.11,2,ROSTER,2024 4.16,2026-10-05
2026,4,0004,15281,44.7,4,ROSTER,2025 iEXT,2026-10-05
2026,4,0004,15710,8.21,3,ROSTER,2025 FRFA,2026-10-05
2026,4,0004,17121,2.56,3,ROSTER,2025 1.16,2026-10-05
2026,4,0004,16213,4.92,1,ROSTER,2023 1.07,2026-10-05
2026,4,0004,17241,0.99,2,ROSTER,2025 UDFA,2026-10-05
2026,4,0004,17167,0.99,2,ROSTER,2025 UDFA,2026-10-05
2026,4,0004,17256,0.99,2,ROSTER,2025 UDFA,2026-10-05
2026,4,0004,16734,1.1,2,ROSTER,2024 4.19,2026-10-05
2026,4,0004,16246,2.45,2,ROSTER,2025 iEXT,2026-10-05
2026,4,0004,15753,11.55,4,ROSTER,2025 iEXT,2026-10-05
2026,4,0004,16284,1.1,1,ROSTER,2026 R/F,2026-10-05
2026,4,0004,16767,1.1,1,ROSTER,2026 ERFA,2026-10-05
2026,4,0004,14943,1.1,1,ROSTER,2026 ERFA,2026-10-05
2026,4,0004,16346,1.1,1,ROSTER,2026 ERFA,2026-10-05
2026,4,0004,13299,20.0,1,ROSTER,2026 B/R,2026-10-05
2026,4,0004,17551,3.52,4,ROSTER,2026 1.11,2026-10-05
2026,4,0004,17506,1.76,4,ROSTER,2026 2.11,2026-10-05
2026,4,0004,17560,1.63,4,ROSTER,2026 2.14,2026-10-05
2026,4,0004,17601,1.26,4,ROSTER,2026 3.12,2026-10-05
2026,4,0004,17668,1.01,4,ROSTER,2026 4.24,2026-10-05
2026,4,0004,17593,0.98,4,ROSTER,2026 5.11,2026-10-05
2026,4,0004,15850,2.7,3,ROSTER,2026 UFA,2026-10-05
2026,4,0004,14590,2.61,3,ROSTER,2026 UFA,2026-10-05
2026,4,0004,16663,3.04,2,ROSTER,2026 UFA,2026-10-05
2026,4,0004,12711,2.6,1,ROSTER,2026 UFA,2026-10-05
2026,4,0004,14957,2.2,1,ROSTER,2026 UFA,2026-10-05
2026,4,0004,17628,0.94,3,ROSTER,2026 UDFA,2026-10-05
2026,4,0004,14956,1.1,1,ROSTER,2026 UFA,2026-10-05
2026,4,0004,16702,1.1,1,ROSTER,2026 UFA,2026-10-05
2026,4,0004,17190,1.1,1,ROSTER,2026 UFA,2026-10-05
2026,4,0004,17158,2.1,1,ROSTER,2026 UFA,2026-10-05
2026,4,0004,16678,1.1,1,ROSTER,2026 UFA,2026-10-05
2026,4,0004,16703,2.0,1,ROSTER,2026 UFA,2026-10-05
2026,4,0004,16457,2.5,1,ROSTER,2026 UFA,2026-10-05
2026,4,0004,17113,1.64,3,INJURED_RESERVE,2025 2.14,2026-10-05
2026,4,0004,17037,1.07,3,INJURED_RESERVE,2025 4.19,2026-10-05
2026,4,0004,15871,2.1,1,INJURED_RESERVE,2026 UFA,2026-10-05
2026,4,0004,17569,1.28,4,INJURED_RESERVE,2026 3.11,2026-10-05
2026,4,0004,16597,2.71,2,INJURED_RESERVE,2024 1.14,2026-10-05
2026,4,0004,17078,2.18,3,INJURED_RESERVE,2025 2.04,2026-10-05
2026,4,0005,15808,3.91,4,ROSTER,2025 iEXT,2026-10-05
2026,4,0005,14163,20.43,2,ROSTER,2025 iEXT,2026-10-05
2026,4,0005,15754,7.33,5,ROSTER,2025 iEXT,2026-10-05
2026,4,0005,17104,4.32,3,ROSTER,2025 1.08,2026-10-05
2026,4,0005,17039,1.35,3,ROSTER,2025 3.09,2026-10-05
2026,4,0005,14630,2.05,1,ROSTER,2025 UFA,2026-10-05
2026,4,0005,15418,6.27,1,ROSTER,2025 UFA,2026-10-05
2026,4,0005,14940,7.01,2,ROSTER,2022 oEXT,2026-10-05
2026,4,0005,16276,5.81,1,ROSTER,2023 3.19^,2026-10-05
2026,4,0005,13697,3.4,1,ROSTER,2023 UFA,2026-10-05
2026,4,0005,16604,1.42,2,ROSTER,2024 3.06,2026-10-05
2026,4,0005,17045,1.86,3,ROSTER,2025 2.09,2026-10-05
2026,4,0005,17074,7.73,3,ROSTER,2025 1.03,2026-10-05
2026,4,0005,13116,41.48,3,ROSTER,2023 oEXT,2026-10-05
2026,4,0005,16194,3.7,1,ROSTER,2023 2.04^,2026-10-05
2026,4,0005,16414,3.15,5,ROSTER,2025 iEXT,2026-10-05
2026,4,0005,17501,5.56,4,ROSTER,2026 1.06,2026-10-05
2026,4,0005,17503,1.92,4,ROSTER,2026 2.08,2026-10-05
2026,4,0005,17505,1.36,4,ROSTER,2026 3.07,2026-10-05
2026,4,0005,13774,2.0,1,ROSTER,2026 UFA,2026-10-05
2026,4,0005,14251,7.5,1,ROSTER,2026 UFA,2026-10-05
2026,4,0005,15358,7.2,3,ROSTER,2026 UFA,2026-10-05
2026,4,0005,12626,22.8,2,ROSTER,2026 UFA,2026-10-05
2026,4,0005,14823,4.7,1,ROSTER,2026 UFA,2026-10-05
2026,4,0005,13223,4.28,2,ROSTER,2026 UFA,2026-10-05
2026,4,0005,14109,22.8,2,ROSTER,2026 B/R,2026-10-05
2026,4,0005,15821,4.75,2,ROSTER,2026 UFA,2026-10-05
2026,4,0005,14910,2.0,1,ROSTER,2026 UFA,2026-10-05
2026,4,0005,11222,2.0,1,ROSTER,2026 UFA,2026-10-05
2026,4,0005,16716,1.24,2,ROSTER,2024 3.18,2026-10-05
2026,4,0005,16927,1.1,1,ROSTER,2026 ERFA,2026-10-05
2026,4,0005,17475,0.94,3,ROSTER,2026 UDFA,2026-10-05
2026,4,0005,17519,1.02,4,ROSTER,2026 4.20,2026-10-05
2026,4,0005,17570,1.02,4,ROSTER,2026 4.21,2026-10-05
2026,4,0005,17573,1.12,4,ROSTER,2026 4.04,2026-10-05
2026,4,0005,15853,1.1,1,ROSTER,2026 R/F,2026-10-05
2026,4,0005,17629,0.94,3,ROSTER,2026 UDFA,2026-10-05
2026,4,0005,12263,1.1,1,ROSTER,2026 UFA,2026-10-05
2026,4,0005,13744,1.1,1,ROSTER,2026 UFA,2026-10-05
2026,4,0005,17086,1.24,3,ROSTER,2025 3.16,2026-10-05
2026,4,0005,16171,1.1,1,ROSTER,2026 UFA,2026-10-05
2026,4,0005,17187,1.1,1,ROSTER,2026 UFA,2026-10-05
2026,4,0005,17153,1.11,3,ROSTER,2025 4.09,2026-10-05
2026,4,0005,17164,1.1,1,ROSTER,2026 R/F,2026-10-05
2026,4,0005,14328,1.1,1,ROSTER,2026 UFA,2026-10-05
2026,4,0006,14783,25.87,4,ROSTER,2024 iEXT,2026-10-05
2026,4,0006,15282,20.53,3,ROSTER,2024 iEXT,2026-10-05
2026,4,0006,15715,13.73,1,ROSTER,2025 iEXT,2026-10-05
2026,4,0006,15846,5.7,2,ROSTER,2025 iEXT,2026-10-05
2026,4,0006,15761,7.98,3,ROSTER,2025 iEXT,2026-10-05
2026,4,0006,15452,5.92,1,ROSTER,2024 SRFA,2026-10-05
2026,4,0006,17071,6.72,3,ROSTER,2025 1.04,2026-10-05
2026,4,0006,17134,1.97,3,ROSTER,2025 2.07,2026-10-05
2026,4,0006,17146,1.09,3,ROSTER,2025 4.14,2026-10-05
2026,4,0006,16654,1.1,2,ROSTER,2024 4.23,2026-10-05
2026,4,0006,15390,2.06,2,ROSTER,2024 iEXT,2026-10-05
2026,4,0006,16283,5.17,1,ROSTER,2024 iEXT,2026-10-05
2026,4,0006,14225,26.66,3,ROSTER,2024 iEXT,2026-10-05
2026,4,0006,16193,5.78,3,ROSTER,2026 SRFA,2026-10-05
2026,4,0006,16282,11.0,3,ROSTER,2026 SRFA,2026-10-05
2026,4,0006,17157,1.33,3,ROSTER,2025 3.10,2026-10-05
2026,4,0006,17550,3.8,4,ROSTER,2026 1.10,2026-10-05
2026,4,0006,17463,2.91,4,ROSTER,2026 1.14,2026-10-05
2026,4,0006,17555,1.3,4,ROSTER,2026 3.10,2026-10-05
2026,4,0006,17529,1.07,4,ROSTER,2026 4.10,2026-10-05
2026,4,0006,17627,0.98,4,ROSTER,2026 5.12,2026-10-05
2026,4,0006,13268,2.0,1,ROSTER,2026 UFA,2026-10-05
2026,4,0006,7836,8.7,1,ROSTER,2026 UFA,2026-10-05
2026,4,0006,14322,2.7,1,ROSTER,2026 UFA,2026-10-05
2026,4,0006,14893,6.0,1,ROSTER,2026 UFA,2026-10-05
2026,4,0006,14927,2.1,1,ROSTER,2026 UFA,2026-10-05
2026,4,0006,13164,2.0,1,ROSTER,2026 UFA,2026-10-05
2026,4,0006,13319,3.3,1,ROSTER,2026 UFA,2026-10-05
2026,4,0006,15261,6.2,1,ROSTER,2026 UFA,2026-10-05
2026,4,0006,14224,2.0,1,ROSTER,2026 UFA,2026-10-05
2026,4,0006,11757,3.0,1,ROSTER,2026 UFA,2026-10-05
2026,4,0006,13707,1.1,1,ROSTER,2026 R/F,2026-10-05
2026,4,0006,15032,1.1,1,ROSTER,2026 UFA,2026-10-05
2026,4,0006,16896,1.1,1,ROSTER,2026 R/F,2026-10-05
2026,4,0006,14888,1.1,1,ROSTER,2026 UFA,2026-10-05
2026,4,0006,15802,1.1,1,ROSTER,2026 UFA,2026-10-05
2026,4,0006,15362,2.0,1,ROSTER,2026 UFA,2026-10-05
2026,4,0006,16281,1.17,1,ROSTER,2023 5.10,2026-10-05
2026,4,0006,15387,2.3,1,ROSTER,2026 UFA,2026-10-05
2026,4,0006,15377,1.1,1,ROSTER,2026 UFA,2026-10-05
2026,4,0006,11674,1.1,1,ROSTER,2026 UFA,2026-10-05
2026,4,0006,14137,1.1,1,ROSTER,2026 UFA,2026-10-05
2026,4,0006,16701,1.1,1,ROSTER,2026 UFA,2026-10-05
2026,4,0006,14840,7.2,3,INJURED_RESERVE,2026 B/R,2026-10-05
2026,4,0006,16594,2.46,2,INJURED_RESERVE,2024 1.16,2026-10-05
2026,4,0006,17477,1.81,4,INJURED_RESERVE,2026 2.10,2026-10-05
2026,4,0006,17107,1.76,3,INJURED_RESERVE,2025 2.11,2026-10-05
2026,4,0006,17672,1.1,1,TAXI_SQUAD,2026 UFA,2026-10-05
2026,4,0007,15284,16.36,4,ROSTER,2025 oEXT,2026-10-05
2026,4,0007,15711,10.8,3,ROSTER,2026 oEXT,2026-10-05
2026,4,0007,15329,9.39,4,ROSTER,2024 iEXT,2026-10-05
2026,4,0007,16161,9.22,1,ROSTER,2023 1.02,2026-10-05
2026,4,0007,16230,1.59,1,ROSTER,2023 3.02,2026-10-05
2026,4,0007,16614,9.67,2,ROSTER,2024 1.01,2026-10-05
2026,4,0007,16080,5.96,2,ROSTER,2025 oEXT,2026-10-05
2026,4,0007,17137,1.91,3,ROSTER,2025 2.08,2026-10-05
2026,4,0007,17135,1.39,3,ROSTER,2025 3.07,2026-10-05
2026,4,0007,17099,1.04,3,ROSTER,2025 5.10,2026-10-05
2026,4,0007,13635,22.26,1,ROSTER,2025 UFA,2026-10-05
2026,4,0007,12741,5.64,1,ROSTER,2025 UFA,2026-10-05
2026,4,0007,15355,7.43,1,ROSTER,2025 UFA,2026-10-05
2026,4,0007,16729,3.34,1,ROSTER,2025 UFA,2026-10-05
2026,4,0007,15349,9.41,1,ROSTER,2025 UFA,2026-10-05
2026,4,0007,16719,5.05,2,ROSTER,2025 UFA,2026-10-05
2026,4,0007,12616,12.66,1,ROSTER,2026 oEXT,2026-10-05
2026,4,0007,15391,5.0,1,ROSTER,2024 UFA,2026-10-05
2026,4,0007,14056,24.4,2,ROSTER,2025 oEXT,2026-10-05
2026,4,0007,17098,1.11,3,ROSTER,2025 4.10,2026-10-05
2026,4,0007,16303,9.0,1,ROSTER,2026 ORFA5,2026-10-05
2026,4,0007,17361,1.1,1,ROSTER,2026 ERFA,2026-10-05
2026,4,0007,16432,3.5,1,ROSTER,2026 mEXT,2026-10-05
2026,4,0007,14472,5.0,1,ROSTER,2026 mEXT,2026-10-05
2026,4,0007,17500,2.12,4,ROSTER,2026 2.05,2026-10-05
2026,4,0007,17587,1.41,4,ROSTER,2026 3.05,2026-10-05
2026,4,0007,17474,1.14,4,ROSTER,2026 4.02,2026-10-05
2026,4,0007,12764,2.1,1,ROSTER,2026 UFA,2026-10-05
2026,4,0007,15856,2.7,3,ROSTER,2026 UFA,2026-10-05
2026,4,0007,13719,1.1,1,ROSTER,2026 UFA,2026-10-05
2026,4,0007,15923,3.9,2,ROSTER,2026 UFA,2026-10-05
2026,4,0007,15835,2.09,2,ROSTER,2026 UFA,2026-10-05
2026,4,0007,14235,2.1,1,ROSTER,2026 UFA,2026-10-05
2026,4,0007,17664,0.99,4,ROSTER,2026 5.05,2026-10-05
2026,4,0007,17185,0.99,2,ROSTER,2025 UDFA,2026-10-05
2026,4,0007,17621,0.94,3,ROSTER,2026 UDFA,2026-10-05
2026,4,0007,17639,0.94,3,ROSTER,2026 UDFA,2026-10-05
2026,4,0007,17181,0.99,2,ROSTER,2025 UDFA,2026-10-05
2026,4,0007,14168,1.1,1,ROSTER,2026 UFA,2026-10-05
2026,4,0007,15894,1.1,1,ROSTER,2026 R/F,2026-10-05
2026,4,0007,16677,1.3,2,ROSTER,2024 3.13,2026-10-05
2026,4,0007,17165,2.3,1,ROSTER,2026 UFA,2026-10-05
2026,4,0007,17129,2.1,1,ROSTER,2026 UFA,2026-10-05
2026,4,0007,17160,1.1,1,ROSTER,2026 UFA,2026-10-05
2026,4,0007,17250,1.1,1,ROSTER,2026 UFA,2026-10-05
2026,4,0007,17498,6.27,4,INJURED_RESERVE,2026 1.05,2026-10-05
2026,4,0007,16692,1.54,2,INJURED_RESERVE,2024 3.01,2026-10-05
2026,4,0007,16244,3.7,1,INJURED_RESERVE,2023 4.02^,2026-10-05
2026,4,0007,17159,1.16,3,INJURED_RESERVE,2025 4.03,2026-10-05
2026,4,0007,17517,1.11,4,INJURED_RESERVE,2026 4.05,2026-10-05
2026,4,0007,13192,2.0,1,INJURED_RESERVE,2026 UFA,2026-10-05
2026,4,0008,15346,12.67,1,ROSTER,2024 iEXT,2026-10-05
2026,4,0008,15817,15.36,3,ROSTER,2025 iEXT,2026-10-05
2026,4,0008,16187,1.98,1,ROSTER,2023 2.08,2026-10-05
2026,4,0008,16689,1.98,2,ROSTER,2024 2.06,2026-10-05
2026,4,0008,14909,15.43,2,ROSTER,2024 UFA,2026-10-05
2026,4,0008,13592,24.98,2,ROSTER,2025 iEXT,2026-10-05
2026,4,0008,16675,1.24,2,ROSTER,2024 3.17,2026-10-05
2026,4,0008,15861,5.93,2,ROSTER,2024 iEXT,2026-10-05
2026,4,0008,16679,1.38,2,ROSTER,2024 3.08,2026-10-05
2026,4,0008,10292,1.1,1,ROSTER,2025 R/F,2026-10-05
2026,4,0008,15256,12.42,3,ROSTER,2026 oEXT,2026-10-05
2026,4,0008,16013,1.1,1,ROSTER,2025 R/F,2026-10-05
2026,4,0008,16369,1.1,1,ROSTER,2025 R/F,2026-10-05
2026,4,0008,13813,12.58,2,ROSTER,2026 oEXT,2026-10-05
2026,4,0008,16214,3.1,1,ROSTER,2023 1.13+,2026-10-05
2026,4,0008,15626,1.1,1,ROSTER,2026 R/F,2026-10-05
2026,4,0008,13447,5.77,1,ROSTER,2026 SRFA,2026-10-05
2026,4,0008,15694,8.0,3,ROSTER,2026 ORFA2,2026-10-05
2026,4,0008,15786,1.1,1,ROSTER,2026 ERFA,2026-10-05
2026,4,0008,16452,1.1,1,ROSTER,2026 ERFA,2026-10-05
2026,4,0008,16786,1.1,1,ROSTER,2026 ERFA,2026-10-05
2026,4,0008,15255,4.28,2,ROSTER,2026 mEXT,2026-10-05
2026,4,0008,14059,11.88,2,ROSTER,2026 mEXT,2026-10-05
2026,4,0008,17473,4.99,4,ROSTER,2026 1.07,2026-10-05
2026,4,0008,17512,2.39,4,ROSTER,2026 2.02,2026-10-05
2026,4,0008,17507,1.34,4,ROSTER,2026 3.08,2026-10-05
2026,4,0008,12437,2.0,1,ROSTER,2026 UFA,2026-10-05
2026,4,0008,12676,3.0,1,ROSTER,2026 UFA,2026-10-05
2026,4,0008,15836,2.0,1,ROSTER,2026 UFA,2026-10-05
2026,4,0008,15832,2.25,3,ROSTER,2026 UFA,2026-10-05
2026,4,0008,11675,26.1,1,ROSTER,2026 UFA,2026-10-05
2026,4,0008,10267,1.1,1,ROSTER,2026 R/F,2026-10-05
2026,4,0008,17607,1.03,4,ROSTER,2026 4.17,2026-10-05
2026,4,0008,17643,0.94,3,ROSTER,2026 UDFA,2026-10-05
2026,4,0008,14925,1.1,1,ROSTER,2026 UFA,2026-10-05
2026,4,0008,14182,2.0,1,ROSTER,2026 UFA,2026-10-05
2026,4,0008,17608,0.94,3,ROSTER,2026 UDFA,2026-10-05
2026,4,0008,13322,2.0,1,ROSTER,2026 UFA,2026-10-05
2026,4,0008,13806,7.7,2,ROSTER,2025 RRFA,2026-10-05
2026,4,0008,17046,1.1,1,ROSTER,2026 UFA,2026-10-05
2026,4,0008,16572,2.0,1,ROSTER,2026 UFA,2026-10-05
2026,4,0008,16204,1.35,1,INJURED_RESERVE,2023 3.15,2026-10-05
2026,4,0008,15350,9.92,3,INJURED_RESERVE,2024 iEXT,2026-10-05
2026,4,0008,17151,1.07,3,INJURED_RESERVE,2025 5.01,2026-10-05
2026,4,0009,15238,10.71,4,ROSTER,2024 iEXT,2026-10-05
2026,4,0009,15721,3.75,1,ROSTER,2025 ORFA3,2026-10-05
2026,4,0009,16582,1.69,2,ROSTER,2024 2.12,2026-10-05
2026,4,0009,17120,1.57,3,ROSTER,2025 2.16,2026-10-05
2026,4,0009,17080,1.46,3,ROSTER,2025 3.04,2026-10-05
2026,4,0009,17082,1.19,3,ROSTER,2025 3.21,2026-10-05
2026,4,0009,16584,4.87,2,ROSTER,2024 1.06,2026-10-05
2026,4,0009,15259,5.28,1,ROSTER,2026 oEXT,2026-10-05
2026,4,0009,16596,1.25,2,ROSTER,2024 3.16,2026-10-05
2026,4,0009,17108,1.38,3,ROSTER,2025 3.08,2026-10-05
2026,4,0009,16192,12.0,4,ROSTER,2026 SRFA,2026-10-05
2026,4,0009,16206,25.0,3,ROSTER,2026 SRFA,2026-10-05
2026,4,0009,11150,8.36,1,ROSTER,2025 B/R,2026-10-05
2026,4,0009,16018,2.01,3,ROSTER,2026 mEXT,2026-10-05
2026,4,0009,12801,6.65,2,ROSTER,2026 mEXT,2026-10-05
2026,4,0009,17520,1.39,4,ROSTER,2026 3.06,2026-10-05
2026,4,0009,16241,3.7,1,ROSTER,2023 4.08^,2026-10-05
2026,4,0009,17567,1.15,4,ROSTER,2026 4.01,2026-10-05
2026,4,0009,14218,6.48,1,ROSTER,2025 UFA,2026-10-05
2026,4,0009,15396,2.0,1,ROSTER,2026 UFA,2026-10-05
2026,4,0009,16279,2.0,1,ROSTER,2026 UFA,2026-10-05
2026,4,0009,15368,1.1,1,ROSTER,2026 UFA,2026-10-05
2026,4,0009,17666,0.94,3,ROSTER,2026 UDFA,2026-10-05
2026,4,0009,17518,1.0,4,ROSTER,2026 5.01,2026-10-05
2026,4,0009,17619,1.07,4,ROSTER,2026 4.11,2026-10-05
2026,4,0009,17155,1.03,3,ROSTER,2025 5.21,2026-10-05
2026,4,0009,16216,1.1,1,ROSTER,2026 R/F,2026-10-05
2026,4,0009,17059,1.04,3,ROSTER,2025 5.09,2026-10-05
2026,4,0009,17162,1.1,1,ROSTER,2026 UFA,2026-10-05
2026,4,0009,17202,1.1,1,ROSTER,2026 UFA,2026-10-05
2026,4,0009,12735,1.1,1,ROSTER,2026 UFA,2026-10-05
2026,4,0009,15911,1.1,1,ROSTER,2026 UFA,2026-10-05
2026,4,0009,14244,1.1,1,ROSTER,2026 UFA,2026-10-05
2026,4,0009,14905,2.1,1,ROSTER,2026 UFA,2026-10-05
2026,4,0009,17189,1.1,1,ROSTER,2026 UFA,2026-10-05
2026,4,0009,16799,1.1,1,ROSTER,2026 UFA,2026-10-05
2026,4,0009,16384,1.1,1,ROSTER,2026 R/F,2026-10-05
2026,4,0009,16660,1.33,2,ROSTER,2024 3.11,2026-10-05
2026,4,0009,17233,1.1,1,ROSTER,2026 UFA,2026-10-05
2026,4,0009,17180,1.1,1,ROSTER,2026 UFA,2026-10-05
2026,4,0009,15904,6.87,2,ROSTER,2026 oEXT,2026-10-05
2026,4,0009,12752,4.18,1,ROSTER,2025 UFA,2026-10-05
2026,4,0009,17122,1.72,3,INJURED_RESERVE,2025 2.12,2026-10-05
2026,4,0009,14104,36.61,1,INJURED_RESERVE,2024 oEXT,2026-10-05
2026,4,0010,13589,27.24,1,ROSTER,2021 EXT,2026-10-05
2026,4,0010,14907,2.98,1,ROSTER,2024 iEXT,2026-10-05
2026,4,0010,15815,10.19,3,ROSTER,2026 oEXT,2026-10-05
2026,4,0010,16185,5.45,1,ROSTER,2023 1.06,2026-10-05
2026,4,0010,16620,5.43,2,ROSTER,2024 1.05,2026-10-05
2026,4,0010,16626,2.1,2,ROSTER,2024 2.04,2026-10-05
2026,4,0010,12739,5.23,1,ROSTER,2024 UFA,2026-10-05
2026,4,0010,16619,1.52,2,ROSTER,2024 3.02,2026-10-05
2026,4,0010,15352,2.9,1,ROSTER,2025 oEXT,2026-10-05
2026,4,0010,15798,4.26,4,ROSTER,2024 iEXT,2026-10-05
2026,4,0010,16178,6.05,1,ROSTER,2024 RRFA,2026-10-05
2026,4,0010,16870,2.06,2,ROSTER,2025 oEXT,2026-10-05
2026,4,0010,17051,4.75,3,ROSTER,2025 1.07,2026-10-05
2026,4,0010,17075,2.99,3,ROSTER,2025 1.13,2026-10-05
2026,4,0010,17103,1.51,3,ROSTER,2025 3.02,2026-10-05
2026,4,0010,12221,10.45,1,ROSTER,2025 UFA,2026-10-05
2026,4,0010,17174,2.73,6,ROSTER,2026 oEXT,2026-10-05
2026,4,0010,15051,2.07,3,ROSTER,2026 oEXT,2026-10-05
2026,4,0010,14221,5.75,1,ROSTER,2025 UFA,2026-10-05
2026,4,0010,14158,7.13,2,ROSTER,2025 UFA,2026-10-05
2026,4,0010,12754,2.3,1,ROSTER,2026 oEXT,2026-10-05
2026,4,0010,13764,1.1,1,ROSTER,2026 R/F,2026-10-05
2026,4,0010,15989,1.1,1,ROSTER,2026 R/F,2026-10-05
2026,4,0010,15762,33.75,6,ROSTER,2026 mEXT,2026-10-05
2026,4,0010,17556,2.76,4,ROSTER,2026 1.15,2026-10-05
2026,4,0010,15869,3.7,1,ROSTER,2026 UFA,2026-10-05
2026,4,0010,17214,1.1,1,ROSTER,2026 UFA,2026-10-05
2026,4,0010,16603,1.1,1,ROSTER,2026 UFA,2026-10-05
2026,4,0010,14180,3.1,1,ROSTER,2026 UFA,2026-10-05
2026,4,0010,17485,1.04,4,ROSTER,2026 4.15,2026-10-05
2026,4,0010,16684,1.09,2,ROSTER,2024 5.04,2026-10-05
2026,4,0010,17547,1.09,4,ROSTER,2026 4.08,2026-10-05
2026,4,0010,17623,0.94,3,ROSTER,2026 UDFA,2026-10-05
2026,4,0010,16725,1.03,1,ROSTER,2024 UDFA,2026-10-05
2026,4,0010,17172,0.99,2,ROSTER,2025 UDFA,2026-10-05
2026,4,0010,17640,0.94,3,ROSTER,2026 UDFA,2026-10-05
2026,4,0010,12305,2.1,1,ROSTER,2026 UFA,2026-10-05
2026,4,0010,16657,2.09,3,ROSTER,2026 oEXT,2026-10-05
2026,4,0010,17207,2.6,1,ROSTER,2026 UFA,2026-10-05
2026,4,0010,11936,1.1,1,ROSTER,2026 UFA,2026-10-05
2026,4,0010,13710,2.0,1,ROSTER,2026 UFA,2026-10-05
2026,4,0010,16693,1.23,2,ROSTER,2024 3.19,2026-10-05
2026,4,0010,16262,1.1,1,ROSTER,2026 UFA,2026-10-05
2026,4,0010,17598,1.1,1,ROSTER,2026 UFA,2026-10-05
2026,4,0010,15852,1.1,1,INJURED_RESERVE,2026 R/F,2026-10-05
2026,4,0010,13198,19.6,1,INJURED_RESERVE,2024 UFA,2026-10-05
2026,4,0010,15768,20.65,3,INJURED_RESERVE,2026 oEXT,2026-10-05
2026,4,0010,16639,2.28,2,INJURED_RESERVE,2024 2.02,2026-10-05
2026,4,0010,14073,21.2,1,TAXI_SQUAD,2026 mEXT,2026-10-05
2026,4,0011,14835,19.09,2,ROSTER,2023 iEXT,2026-10-05
2026,4,0011,15001,2.88,2,ROSTER,2024 oEXT,2026-10-05
2026,4,0011,15751,19.15,4,ROSTER,2025 iEXT,2026-10-05
2026,4,0011,15393,2.2,2,ROSTER,2024 oEXT,2026-10-05
2026,4,0011,16580,4.04,2,ROSTER,2024 1.08,2026-10-05
2026,4,0011,16616,6.14,2,ROSTER,2024 1.04,2026-10-05
2026,4,0011,14157,14.06,2,ROSTER,2023 UFA,2026-10-05
2026,4,0011,17048,3.41,3,ROSTER,2025 1.11,2026-10-05
2026,4,0011,17053,1.2,2,ROSTER,2025 3.20,2026-10-05
2026,4,0011,14842,8.38,2,ROSTER,2023 iEXT,2026-10-05
2026,4,0011,16723,6.51,3,ROSTER,2026 oEXT,2026-10-05
2026,4,0011,16269,4.6,3,ROSTER,2025 iEXT,2026-10-05
2026,4,0011,17044,9.05,3,ROSTER,2025 1.02,2026-10-05
2026,4,0011,14899,2.09,3,ROSTER,2026 oEXT,2026-10-05
2026,4,0011,16583,2.86,2,ROSTER,2024 1.13,2026-10-05
2026,4,0011,13284,6.0,2,ROSTER,2024 oEXT,2026-10-05
2026,4,0011,16235,3.11,4,ROSTER,2025 iEXT,2026-10-05
2026,4,0011,16174,1.1,1,ROSTER,2026 ERFA,2026-10-05
2026,4,0011,14138,11.0,1,ROSTER,2026 mEXT,2026-10-05
2026,4,0011,15779,5.3,4,ROSTER,2024 iEXT,2026-10-05
2026,4,0011,15860,2.01,2,ROSTER,2026 UFA,2026-10-05
2026,4,0011,15806,2.01,3,ROSTER,2026 UFA,2026-10-05
2026,4,0011,13690,4.38,2,ROSTER,2025 iEXT,2026-10-05
2026,4,0011,16266,3.51,4,ROSTER,2025 iEXT,2026-10-05
2026,4,0011,14877,5.4,3,ROSTER,2026 mEXT,2026-10-05
2026,4,0011,17124,0.99,2,ROSTER,2025 UDFA,2026-10-05
2026,4,0011,15404,3.75,2,ROSTER,2023 iEXT,2026-10-05
2026,4,0011,15380,3.4,4,ROSTER,2026 UFA,2026-10-05
2026,4,0011,17599,1.22,4,ROSTER,2026 3.15,2026-10-05
2026,4,0011,16645,1.08,2,ROSTER,2024 5.20,2026-10-05
2026,4,0011,11985,1.1,1,ROSTER,2026 UFA,2026-10-05
2026,4,0011,13770,1.1,1,ROSTER,2026 R/F,2026-10-05
2026,4,0011,17114,1.25,2,ROSTER,2025 3.15,2026-10-05
2026,4,0011,16460,1.1,1,ROSTER,2025 R/F,2026-10-05
2026,4,0011,13772,8.18,1,ROSTER,2024 iEXT,2026-10-05
2026,4,0011,17476,1.46,4,ROSTER,2026 3.03,2026-10-05
2026,4,0011,17222,2.0,1,ROSTER,2026 UFA,2026-10-05
2026,4,0011,16731,1.1,1,ROSTER,2026 UFA,2026-10-05
2026,4,0011,15866,1.1,1,ROSTER,2026 ERFA,2026-10-05
2026,4,0011,17221,1.1,1,ROSTER,2026 UFA,2026-10-05
2026,4,0011,15089,2.0,1,ROSTER,2026 UFA,2026-10-05
2026,4,0011,12140,2.1,1,ROSTER,2026 UFA,2026-10-05
2026,4,0011,17469,1.2,1,ROSTER,2026 UFA,2026-10-05
2026,4,0011,16949,1.1,1,ROSTER,2026 UFA,2026-10-05
2026,4,0011,17154,1.1,1,ROSTER,2026 ERFA,2026-10-05
2026,4,0011,16169,2.54,1,INJURED_RESERVE,2023 2.01,2026-10-05
2026,4,0011,15872,4.02,3,INJURED_RESERVE,2026 oEXT,2026-10-05
2026,4,0011,13146,1.1,1,INJURED_RESERVE,2026 UFA,2026-10-05
2026,4,0011,17047,1.22,3,INJURED_RESERVE,2025 3.18,2026-10-05
2026,4,0011,17514,2.2,4,INJURED_RESERVE,2026 2.04,2026-10-05
2026,4,0011,17032,2.35,3,INJURED_RESERVE,2025 2.02,2026-10-05
2026,4,0011,14518,2.47,2,INJURED_RESERVE,2026 UFA,2026-10-05
2026,4,0011,15253,12.5,2,INJURED_RESERVE,2026 iEXT,2026-10-05
2026,4,0011,16671,1.1,1,TAXI_SQUAD,2026 UFA,2026-10-05
2026,4,0012,13593,37.58,5,ROSTER,2026 oEXT,2026-10-05
2026,4,0012,14167,16.45,1,ROSTER,2022 iEXT,2026-10-05
2026,4,0012,14164,3.72,1,ROSTER,2023 oEXT,2026-10-05
2026,4,0012,16245,5.81,1,ROSTER,2023 3.14^,2026-10-05
2026,4,0012,16653,2.19,2,ROSTER,2024 2.03,2026-10-05
2026,4,0012,16700,1.32,2,ROSTER,2024 3.12,2026-10-05
2026,4,0012,15863,3.71,4,ROSTER,2026 oEXT,2026-10-05
2026,4,0012,16708,1.12,2,ROSTER,2024 4.14,2026-10-05
2026,4,0012,16676,1.11,2,ROSTER,2024 4.17,2026-10-05
2026,4,0012,16211,5.81,1,ROSTER,2023 3.10^,2026-10-05
2026,4,0012,16667,1.19,1,ROSTER,2024 4.03,2026-10-05
2026,4,0012,13704,4.14,1,ROSTER,2024 UFA,2026-10-05
2026,4,0012,17068,2.7,3,ROSTER,2025 1.15,2026-10-05
2026,4,0012,13132,16.72,1,ROSTER,2025 UFA,2026-10-05
2026,4,0012,16314,4.1,5,ROSTER,2026 oEXT,2026-10-05
2026,4,0012,16186,4.48,1,ROSTER,2023 1.08,2026-10-05
2026,4,0012,16615,7.02,2,ROSTER,2024 1.03,2026-10-05
2026,4,0012,14924,1.1,1,ROSTER,2026 R/F,2026-10-05
2026,4,0012,16166,3.67,2,ROSTER,2026 ORFA5,2026-10-05
2026,4,0012,13743,10.2,4,ROSTER,2026 mEXT,2026-10-05
2026,4,0012,17543,4.13,4,ROSTER,2026 1.09,2026-10-05
2026,4,0012,17481,1.59,4,ROSTER,2026 2.15,2026-10-05
2026,4,0012,17478,1.18,4,ROSTER,2026 3.18,2026-10-05
2026,4,0012,16450,2.1,1,ROSTER,2026 UFA,2026-10-05
2026,4,0012,13671,3.04,2,ROSTER,2026 UFA,2026-10-05
2026,4,0012,15950,2.5,1,ROSTER,2026 UFA,2026-10-05
2026,4,0012,13693,1.2,1,ROSTER,2026 UFA,2026-10-05
2026,4,0012,13604,31.35,2,ROSTER,2026 UFA,2026-10-05
2026,4,0012,15787,2.1,1,ROSTER,2026 UFA,2026-10-05
2026,4,0012,14071,17.1,2,ROSTER,2026 UFA,2026-10-05
2026,4,0012,17586,2.05,4,ROSTER,2026 2.06,2026-10-05
2026,4,0012,17528,0.94,3,ROSTER,2026 UDFA,2026-10-05
2026,4,0012,15755,1.1,1,ROSTER,2026 R/F,2026-10-05
2026,4,0012,17105,0.99,2,ROSTER,2025 UDFA,2026-10-05
2026,4,0012,17049,1.03,3,ROSTER,2025 5.15,2026-10-05
2026,4,0012,17706,0.94,3,ROSTER,2026 UDFA,2026-10-05
2026,4,0012,16296,1.1,1,ROSTER,2026 UFA,2026-10-05
2026,4,0012,13066,2.0,1,ROSTER,2026 UFA,2026-10-05
2026,4,0012,13289,2.0,1,ROSTER,2026 UFA,2026-10-05
2026,4,0012,14256,1.1,1,ROSTER,2026 UFA,2026-10-05
2026,4,0012,17277,1.1,1,ROSTER,2026 UFA,2026-10-05
2026,4,0012,15375,2.0,1,ROSTER,2026 UFA,2026-10-05
2026,4,0012,16752,1.1,1,ROSTER,2026 UFA,2026-10-05
2026,4,0012,17143,1.1,1,ROSTER,2026 UFA,2026-10-05
2026,4,0012,14789,1.1,1,ROSTER,2026 UFA,2026-10-05
2026,4,0012,17647,0.94,3,INJURED_RESERVE,2026 UDFA,2026-10-05
2026,4,0012,15972,8.36,1,INJURED_RESERVE,2025 UFA,2026-10-05
2026,4,0012,17578,1.04,4,INJURED_RESERVE,2026 4.16,2026-10-05
2026,4,0013,15237,18.84,3,ROSTER,2024 iEXT,2026-10-05
2026,4,0013,15834,8.45,3,ROSTER,2025 iEXT,2026-10-05
2026,4,0013,15293,5.0,3,ROSTER,2024 iEXT,2026-10-05
2026,4,0013,16162,7.93,1,ROSTER,2023 1.03,2026-10-05
2026,4,0013,16239,2.93,1,ROSTER,2023 1.14,2026-10-05
2026,4,0013,16234,1.41,1,ROSTER,2023 3.12,2026-10-05
2026,4,0013,16617,3.22,2,ROSTER,2024 1.11,2026-10-05
2026,4,0013,16618,3.45,2,ROSTER,2024 1.10,2026-10-05
2026,4,0013,16644,1.78,2,ROSTER,2024 2.10,2026-10-05
2026,4,0013,16698,1.17,2,ROSTER,2024 4.07,2026-10-05
2026,4,0013,14974,9.08,1,ROSTER,2025 SRFA,2026-10-05
2026,4,0013,17030,5.92,3,ROSTER,2025 1.05,2026-10-05
2026,4,0013,17123,2.1,3,ROSTER,2025 2.05,2026-10-05
2026,4,0013,13717,3.61,3,ROSTER,2026 oEXT,2026-10-05
2026,4,0013,13227,2.01,3,ROSTER,2026 oEXT,2026-10-05
2026,4,0013,14861,8.11,3,ROSTER,2025 iEXT,2026-10-05
2026,4,0013,16268,3.48,2,ROSTER,2025 iEXT,2026-10-05
2026,4,0013,16673,2.57,4,ROSTER,2026 oEXT,2026-10-05
2026,4,0013,16787,7.76,4,ROSTER,2026 oEXT,2026-10-05
2026,4,0013,11721,4.08,1,ROSTER,2025 UFA,2026-10-05
2026,4,0013,12688,21.96,1,ROSTER,2026 oEXT,2026-10-05
2026,4,0013,16254,1.93,1,ROSTER,2023 2.09,2026-10-05
2026,4,0013,16278,7.0,2,ROSTER,2026 RRFA,2026-10-05
2026,4,0013,13130,30.0,1,ROSTER,2026 mEXT,2026-10-05
2026,4,0013,14882,9.9,3,ROSTER,2026 mEXT,2026-10-05
2026,4,0013,17497,8.26,4,ROSTER,2026 1.03,2026-10-05
2026,4,0013,17576,3.08,4,ROSTER,2026 1.13,2026-10-05
2026,4,0013,17558,2.29,4,ROSTER,2026 2.03,2026-10-05
2026,4,0013,17582,1.17,4,ROSTER,2026 3.19,2026-10-05
2026,4,0013,17583,1.13,4,ROSTER,2026 4.03,2026-10-05
2026,4,0013,13163,15.0,1,ROSTER,2026 UFA,2026-10-05
2026,4,0013,15868,3.99,2,ROSTER,2026 UFA,2026-10-05
2026,4,0013,13629,2.1,1,ROSTER,2026 UFA,2026-10-05
2026,4,0013,15173,1.1,1,ROSTER,2026 UFA,2026-10-05
2026,4,0013,16672,1.09,2,ROSTER,2024 5.07,2026-10-05
2026,4,0013,16295,1.1,1,ROSTER,2026 ERFA,2026-10-05
2026,4,0013,13303,1.1,1,ROSTER,2026 UFA,2026-10-05
2026,4,0013,13869,1.1,1,ROSTER,2026 UFA,2026-10-05
2026,4,0013,15813,1.1,1,ROSTER,2026 R/F,2026-10-05
2026,4,0013,17667,0.94,3,ROSTER,2026 UDFA,2026-10-05
2026,4,0013,17179,1.02,3,ROSTER,2025 5.23,2026-10-05
2026,4,0013,17622,0.94,3,ROSTER,2026 UDFA,2026-10-05
2026,4,0013,17118,2.1,1,ROSTER,2026 UFA,2026-10-05
2026,4,0013,14080,1.1,1,ROSTER,2026 UFA,2026-10-05
2026,4,0013,15898,1.1,1,ROSTER,2026 UFA,2026-10-05
2026,4,0013,16256,3.7,1,INJURED_RESERVE,2023 3.01^,2026-10-05
2026,4,0013,13700,10.89,1,INJURED_RESERVE,2024 B/R,2026-10-05
2026,4,0013,17206,0.99,2,INJURED_RESERVE,2025 UDFA,2026-10-05
2026,4,0013,12785,2.3,1,INJURED_RESERVE,2026 UFA,2026-10-05
2026,4,0014,15345,4.08,2,ROSTER,2024 iEXT,2026-10-05
2026,4,0014,13214,25.36,5,ROSTER,2025 iEXT,2026-10-05
2026,4,0014,15698,32.78,6,ROSTER,2026 oEXT,2026-10-05
2026,4,0014,16148,6.09,1,ROSTER,2023 1.05,2026-10-05
2026,4,0014,13251,3.27,1,ROSTER,2024 B/R,2026-10-05
2026,4,0014,16694,1.46,2,ROSTER,2024 3.04,2026-10-05
2026,4,0014,16696,1.58,2,ROSTER,2024 2.15,2026-10-05
2026,4,0014,10816,3.38,1,ROSTER,2024 UFA,2026-10-05
2026,4,0014,16724,1.13,2,ROSTER,2024 4.12,2026-10-05
2026,4,0014,16264,3.7,1,ROSTER,2023 5.08^,2026-10-05
2026,4,0014,13298,5.88,1,ROSTER,2025 SRFA,2026-10-05
2026,4,0014,17112,3.97,3,ROSTER,2025 1.09,2026-10-05
2026,4,0014,17106,1.67,3,ROSTER,2025 2.13,2026-10-05
2026,4,0014,17073,1.21,3,ROSTER,2025 3.19,2026-10-05
2026,4,0014,11671,37.24,3,ROSTER,2025 iEXT,2026-10-05
2026,4,0014,14169,1.1,1,ROSTER,2025 R/F,2026-10-05
2026,4,0014,15933,1.1,1,ROSTER,2026 R/F,2026-10-05
2026,4,0014,14127,8.12,2,ROSTER,2026 oEXT,2026-10-05
2026,4,0014,17557,3.28,4,ROSTER,2026 1.12,2026-10-05
2026,4,0014,17562,1.19,4,ROSTER,2026 3.17,2026-10-05
2026,4,0014,14933,1.1,1,ROSTER,2026 UFA,2026-10-05
2026,4,0014,15712,2.0,1,ROSTER,2026 UFA,2026-10-05
2026,4,0014,13208,5.7,2,ROSTER,2026 UFA,2026-10-05
2026,4,0014,13674,2.95,2,ROSTER,2026 UFA,2026-10-05
2026,4,0014,15241,2.0,1,ROSTER,2026 UFA,2026-10-05
2026,4,0014,12860,2.34,3,ROSTER,2026 UFA,2026-10-05
2026,4,0014,13737,3.8,2,ROSTER,2026 UFA,2026-10-05
2026,4,0014,15833,2.0,1,ROSTER,2026 UFA,2026-10-05
2026,4,0014,9051,2.09,2,ROSTER,2026 UFA,2026-10-05
2026,4,0014,14249,16.1,1,ROSTER,2026 UFA,2026-10-05
2026,4,0014,13418,2.0,1,ROSTER,2026 UFA,2026-10-05
2026,4,0014,17585,1.05,4,ROSTER,2026 4.14,2026-10-05
2026,4,0014,17468,1.01,4,ROSTER,2026 4.23,2026-10-05
2026,4,0014,17254,0.99,2,ROSTER,2025 UDFA,2026-10-05
2026,4,0014,17145,1.03,3,ROSTER,2025 5.16,2026-10-05
2026,4,0014,17591,0.94,3,ROSTER,2026 UDFA,2026-10-05
2026,4,0014,17581,0.98,4,ROSTER,2026 5.17,2026-10-05
2026,4,0014,17577,0.94,3,ROSTER,2026 UDFA,2026-10-05
2026,4,0014,16261,1.1,1,ROSTER,2026 UFA,2026-10-05
2026,4,0014,15319,2.1,1,ROSTER,2026 UFA,2026-10-05
2026,4,0014,10948,2.0,1,ROSTER,2026 UFA,2026-10-05
2026,4,0014,12678,2.0,1,ROSTER,2026 UFA,2026-10-05
2026,4,0014,17192,1.1,1,ROSTER,2026 UFA,2026-10-05
2026,4,0014,14095,1.1,1,ROSTER,2026 UFA,2026-10-05
2026,4,0014,16608,1.1,1,ROSTER,2026 UFA,2026-10-05
2026,4,0014,16622,2.57,2,INJURED_RESERVE,2024 1.15,2026-10-05
2026,4,0014,17119,1.09,3,INJURED_RESERVE,2025 4.13,2026-10-05
2026,4,0014,17594,1.1,4,INJURED_RESERVE,2026 4.07,2026-10-05
2026,4,0014,17612,0.94,3,INJURED_RESERVE,2026 UDFA,2026-10-05
2026,4,0014,17596,0.98,4,INJURED_RESERVE,2026 5.19,2026-10-05
2026,4,0014,17130,0.99,2,INJURED_RESERVE,2025 UDFA,2026-10-05
2026,4,0014,17127,1.06,3,INJURED_RESERVE,2025 5.05,2026-10-05
2026,4,0014,16167,17.18,3,INJURED_RESERVE,2026 iEXT,2026-10-05
2026,4,0014,17177,0.99,2,INJURED_RESERVE,2025 UDFA,2026-10-05
2026,4,0015,15287,37.66,3,ROSTER,2024 iEXT,2026-10-05
2026,4,0015,15845,3.51,1,ROSTER,2024 oEXT,2026-10-05
2026,4,0015,14908,4.74,1,ROSTER,2024 oEXT,2026-10-05
2026,4,0015,16233,3.3,1,ROSTER,2023 1.12,2026-10-05
2026,4,0015,16280,3.7,1,ROSTER,2023 3.13^,2026-10-05
2026,4,0015,16581,3.72,2,ROSTER,2024 1.09,2026-10-05
2026,4,0015,16690,1.21,2,ROSTER,2024 3.21,2026-10-05
2026,4,0015,13714,5.67,1,ROSTER,2024 B/R,2026-10-05
2026,4,0015,15805,10.78,4,ROSTER,2025 iEXT,2026-10-05
2026,4,0015,15337,5.2,2,ROSTER,2026 oEXT,2026-10-05
2026,4,0015,13696,9.9,2,ROSTER,2025 B/R,2026-10-05
2026,4,0015,17043,5.28,3,ROSTER,2025 1.06,2026-10-05
2026,4,0015,17147,2.04,3,ROSTER,2025 2.06,2026-10-05
2026,4,0015,17132,1.41,3,ROSTER,2025 3.06,2026-10-05
2026,4,0015,12697,8.36,1,ROSTER,2025 UFA,2026-10-05
2026,4,0015,14085,8.15,1,ROSTER,2025 UFA,2026-10-05
2026,4,0015,10775,4.81,1,ROSTER,2025 UFA,2026-10-05
2026,4,0015,17066,0.99,2,ROSTER,2025 UDFA,2026-10-05
2026,4,0015,16224,1.42,1,ROSTER,2023 3.11,2026-10-05
2026,4,0015,17139,1.1,3,ROSTER,2025 4.12,2026-10-05
2026,4,0015,14777,26.97,2,ROSTER,2023 iEXT,2026-10-05
2026,4,0015,13802,1.1,1,ROSTER,2026 ERFA,2026-10-05
2026,4,0015,11244,9.9,1,ROSTER,2026 mEXT,2026-10-05
2026,4,0015,17499,7.14,4,ROSTER,2026 1.04,2026-10-05
2026,4,0015,17580,1.98,4,ROSTER,2026 2.07,2026-10-05
2026,4,0015,17575,1.44,4,ROSTER,2026 3.04,2026-10-05
2026,4,0015,17590,1.08,4,ROSTER,2026 4.09,2026-10-05
2026,4,0015,17588,1.05,4,ROSTER,2026 4.13,2026-10-05
2026,4,0015,13933,2.0,1,ROSTER,2026 UFA,2026-10-05
2026,4,0015,15884,2.0,1,ROSTER,2026 UFA,2026-10-05
2026,4,0015,13681,2.1,1,ROSTER,2026 UFA,2026-10-05
2026,4,0015,12225,8.28,3,ROSTER,2026 UFA,2026-10-05
2026,4,0015,13672,2.0,1,ROSTER,2026 UFA,2026-10-05
2026,4,0015,13920,2.47,2,ROSTER,2026 UFA,2026-10-05
2026,4,0015,16593,1.49,2,ROSTER,2024 3.03,2026-10-05
2026,4,0015,16287,5.77,3,ROSTER,2026 SRFA,2026-10-05
2026,4,0015,14947,3.92,1,ROSTER,2024 UFA,2026-10-05
2026,4,0015,12186,12.0,1,ROSTER,2026 B/R,2026-10-05
2026,4,0015,16201,1.1,1,ROSTER,2026 R/F,2026-10-05
2026,4,0015,13759,3.45,1,ROSTER,2026 oEXT,2026-10-05
2026,4,0015,12141,2.1,1,ROSTER,2026 UFA,2026-10-05
2026,4,0015,13718,1.1,1,ROSTER,2026 UFA,2026-10-05
2026,4,0015,17685,0.99,4,ROSTER,2026 5.04,2026-10-05
2026,4,0015,16012,1.1,1,ROSTER,2025 R/F,2026-10-05
2026,4,0015,16215,1.88,1,INJURED_RESERVE,2023 2.10,2026-10-05
2026,4,0015,16628,1.36,2,INJURED_RESERVE,2024 3.09,2026-10-05
2026,4,0016,15889,4.96,3,ROSTER,2023 oEXT,2026-10-05
2026,4,0016,16150,12.32,6,ROSTER,2026 iEXT,2026-10-05
2026,4,0016,16195,3.74,4,ROSTER,2024 oEXT,2026-10-05
2026,4,0016,15716,5.88,3,ROSTER,2025 SRFA,2026-10-05
2026,4,0016,14896,8.72,1,ROSTER,2024 oEXT,2026-10-05
2026,4,0016,17042,10.8,3,ROSTER,2025 1.01,2026-10-05
2026,4,0016,17070,2.45,3,ROSTER,2025 2.01,2026-10-05
2026,4,0016,16712,2.81,3,ROSTER,2025 UFA,2026-10-05
2026,4,0016,14217,4.95,2,ROSTER,2025 UFA,2026-10-05
2026,4,0016,16265,3.7,1,ROSTER,2023 5.03^,2026-10-05
2026,4,0016,16681,2.05,3,ROSTER,2025 iEXT,2026-10-05
2026,4,0016,16188,4.1,1,ROSTER,2023 1.09,2026-10-05
2026,4,0016,16809,5.1,4,ROSTER,2024 iEXT,2026-10-05
2026,4,0016,17136,1.54,3,ROSTER,2025 3.01,2026-10-05
2026,4,0016,16228,3.69,6,ROSTER,2026 iEXT,2026-10-05
2026,4,0016,17339,2.01,3,ROSTER,2026 oEXT,2026-10-05
2026,4,0016,16222,3.7,1,ROSTER,2023 4.04^,2026-10-05
2026,4,0016,14800,7.45,1,ROSTER,2025 SRFA,2026-10-05
2026,4,0016,16164,3.67,1,ROSTER,2026 ORFA3,2026-10-05
2026,4,0016,15839,7.8,3,ROSTER,2026 ORFA5,2026-10-05
2026,4,0016,15822,8.01,3,ROSTER,2026 mEXT,2026-10-05
2026,4,0016,15789,30.01,4,ROSTER,2026 mEXT,2026-10-05
2026,4,0016,17462,11.67,4,ROSTER,2026 1.01,2026-10-05
2026,4,0016,17511,1.67,4,ROSTER,2026 2.13,2026-10-05
2026,4,0016,17579,1.32,4,ROSTER,2026 3.09,2026-10-05
2026,4,0016,17508,1.25,4,ROSTER,2026 3.13,2026-10-05
2026,4,0016,17482,1.1,4,ROSTER,2026 4.06,2026-10-05
2026,4,0016,14982,2.0,1,ROSTER,2026 UFA,2026-10-05
2026,4,0016,16145,2.0,1,ROSTER,2026 UFA,2026-10-05
2026,4,0016,14995,2.1,1,ROSTER,2026 UFA,2026-10-05
2026,4,0016,10700,3.6,1,ROSTER,2026 UFA,2026-10-05
2026,4,0016,15254,1.1,1,ROSTER,2026 UFA,2026-10-05
2026,4,0016,15795,1.1,1,ROSTER,2026 R/F,2026-10-05
2026,4,0016,17554,1.86,4,ROSTER,2026 2.09,2026-10-05
2026,4,0016,16274,1.1,1,ROSTER,2025 R/F,2026-10-05
2026,4,0016,16300,1.1,1,ROSTER,2026 UFA,2026-10-05
2026,4,0016,15681,1.1,1,ROSTER,2026 R/F,2026-10-05
2026,4,0016,17163,0.99,2,ROSTER,2025 UDFA,2026-10-05
2026,4,0016,17584,1.02,4,ROSTER,2026 4.19,2026-10-05
2026,4,0016,17657,0.94,3,ROSTER,2026 UDFA,2026-10-05
2026,4,0016,15357,13.7,1,ROSTER,2025 UFA,2026-10-05
2026,4,0016,17572,2.0,1,ROSTER,2026 UFA,2026-10-05
2026,4,0016,16298,2.1,1,ROSTER,2026 UFA,2026-10-05
2026,4,0016,16794,1.1,1,ROSTER,2026 UFA,2026-10-05
2026,4,0016,17626,2.0,1,ROSTER,2026 UFA,2026-10-05
2026,4,0016,15351,6.55,3,INJURED_RESERVE,2025 B/R,2026-10-05
2026,4,0016,17096,1.08,3,INJURED_RESERVE,2025 4.15,2026-10-05
2026,4,0016,17544,2.5,4,INJURED_RESERVE,2026 2.01,2026-10-05
2026,4,0016,15484,6.94,3,TAXI_SQUAD,2025 iEXT,2026-10-05
2026,4,0017,16162,6.9,1,ROSTER,2023 1.04,2026-10-05
2026,4,0017,16265,3.7,1,ROSTER,2023 5.13^,2026-10-05
2026,4,0017,16223,4.48,1,ROSTER,2023 1.08,2026-10-05
2026,4,0017,14109,10.29,2,ROSTER,2024 B/R,2026-10-05
2026,4,0017,16641,7.02,2,ROSTER,2024 1.03,2026-10-05
2026,4,0017,16614,6.14,2,ROSTER,2024 1.04,2026-10-05
2026,4,0017,16651,2.37,2,ROSTER,2024 2.01,2026-10-05
2026,4,0017,16677,1.44,2,ROSTER,2024 3.05,2026-10-05
2026,4,0017,16148,7.93,1,ROSTER,2023 1.03,2026-10-05
2026,4,0017,16681,1.03,1,ROSTER,2024 UDFA,2026-10-05
2026,4,0017,17042,10.8,3,ROSTER,2025 1.01,2026-10-05
2026,4,0017,17081,3.19,3,ROSTER,2025 1.12,2026-10-05
2026,4,0017,17126,1.3,3,ROSTER,2025 3.12,2026-10-05
2026,4,0017,17055,1.13,3,ROSTER,2025 4.04,2026-10-05
2026,4,0017,16702,4.81,1,ROSTER,2025 UFA,2026-10-05
2026,4,0017,17129,0.99,2,ROSTER,2025 UDFA,2026-10-05
2026,4,0017,15839,6.66,2,ROSTER,2025 iEXT,2026-10-05
2026,4,0017,16165,1.46,1,ROSTER,2023 3.08,2026-10-05
2026,4,0017,16192,8.27,3,ROSTER,2026 oEXT,2026-10-05
2026,4,0017,15779,6.17,3,ROSTER,2025 iEXT,2026-10-05
2026,4,0017,17139,1.03,3,ROSTER,2025 5.09,2026-10-05
2026,4,0017,14777,27.27,3,ROSTER,2023 iEXT,2026-10-05
2026,4,0017,16615,8.15,2,ROSTER,2024 1.02,2026-10-05
2026,4,0017,17108,1.35,3,ROSTER,2025 3.09,2026-10-05
2026,4,0017,15806,5.51,4,ROSTER,2025 iEXT,2026-10-05
2026,4,0017,17079,1.1,1,ROSTER,2026 ERFA,2026-10-05
2026,4,0017,16788,1.1,1,ROSTER,2026 ERFA,2026-10-05
2026,4,0017,17557,4.52,4,ROSTER,2026 1.08,2026-10-05
2026,4,0017,17575,1.67,4,ROSTER,2026 2.13,2026-10-05
2026,4,0017,17601,1.34,4,ROSTER,2026 3.08,2026-10-05
2026,4,0017,17664,0.99,4,ROSTER,2026 5.06,2026-10-05
2026,4,0017,12697,4.56,2,ROSTER,2026 UFA,2026-10-05
2026,4,0017,15808,7.89,2,ROSTER,2026 UFA,2026-10-05
2026,4,0017,17613,1.08,4,ROSTER,2026 4.08,2026-10-05
2026,4,0017,17629,0.99,4,ROSTER,2026 5.08,2026-10-05
2026,4,0017,17619,1.04,4,ROSTER,2026 4.14,2026-10-05
2026,4,0017,17685,0.94,3,ROSTER,2026 UDFA,2026-10-05
2026,4,0017,17581,0.94,3,ROSTER,2026 UDFA,2026-10-05
2026,4,0017,16693,1.23,2,ROSTER,2024 3.19,2026-10-05
2026,4,0017,16234,1.1,1,ROSTER,2026 R/F,2026-10-05
2026,4,0017,13707,1.1,1,ROSTER,2026 UFA,2026-10-05
2026,4,0017,16667,1.17,2,ROSTER,2024 4.09,2026-10-05
2026,4,0017,14905,1.1,1,ROSTER,2026 UFA,2026-10-05
2026,4,0017,17165,1.4,1,ROSTER,2026 UFA,2026-10-05
2026,4,0017,16256,3.7,1,INJURED_RESERVE,2023 2.04^,2026-10-05
2026,4,0017,16692,1.49,2,INJURED_RESERVE,2024 3.03,2026-10-05
2026,4,0017,14918,1.1,1,INJURED_RESERVE,2026 UFA,2026-10-05
2026,4,0017,15831,2.1,3,INJURED_RESERVE,2026 oEXT,2026-10-05
2026,4,0017,14518,2.18,1,INJURED_RESERVE,2026 oEXT,2026-10-05
2026,4,0017,16671,1.18,2,TAXI_SQUAD,2024 4.07,2026-10-05
2026,4,0017,15484,9.26,2,TAXI_SQUAD,2024 UFA,2026-10-05
2026,4,0018,15287,37.05,3,ROSTER,2024 iEXT,2026-10-05
2026,4,0018,16188,4.92,1,ROSTER,2023 1.07,2026-10-05
2026,4,0018,16190,3.53,1,ROSTER,2023 1.11,2026-10-05
2026,4,0018,14630,3.99,1,ROSTER,2024 iEXT,2026-10-05
2026,4,0018,13214,22.63,2,ROSTER,2024 B/R,2026-10-05
2026,4,0018,16580,3.22,2,ROSTER,2024 1.11,2026-10-05
2026,4,0018,16689,1.73,2,ROSTER,2024 2.11,2026-10-05
2026,4,0018,14224,6.75,1,ROSTER,2024 UFA,2026-10-05
2026,4,0018,14995,5.88,1,ROSTER,2025 SRFA,2026-10-05
2026,4,0018,15904,5.88,2,ROSTER,2025 SRFA,2026-10-05
2026,4,0018,17132,1.72,3,ROSTER,2025 2.12,2026-10-05
2026,4,0018,14717,2.11,2,ROSTER,2025 iEXT,2026-10-05
2026,4,0018,17102,3.41,3,ROSTER,2025 1.11,2026-10-05
2026,4,0018,17118,1.23,3,ROSTER,2025 3.17,2026-10-05
2026,4,0018,17125,1.32,3,ROSTER,2025 3.11,2026-10-05
2026,4,0018,11769,3.34,1,ROSTER,2025 UFA,2026-10-05
2026,4,0018,9431,10.66,1,ROSTER,2025 UFA,2026-10-05
2026,4,0018,13164,4.18,1,ROSTER,2025 UFA,2026-10-05
2026,4,0018,16013,3.27,1,ROSTER,2024 UFA,2026-10-05
2026,4,0018,13284,5.67,1,ROSTER,2024 iEXT,2026-10-05
2026,4,0018,15708,15.99,4,ROSTER,2026 iEXT,2026-10-05
2026,4,0018,17560,1.86,4,ROSTER,2026 2.09,2026-10-05
2026,4,0018,17583,1.32,4,ROSTER,2026 3.09,2026-10-05
2026,4,0018,17572,1.22,4,ROSTER,2026 3.15,2026-10-05
2026,4,0018,16778,2.0,1,ROSTER,2026 UFA,2026-10-05
2026,4,0018,16279,2.2,1,ROSTER,2026 UFA,2026-10-05
2026,4,0018,13772,2.1,1,ROSTER,2026 UFA,2026-10-05
2026,4,0018,13774,2.1,1,ROSTER,2026 UFA,2026-10-05
2026,4,0018,14893,6.39,3,ROSTER,2026 UFA,2026-10-05
2026,4,0018,11721,2.2,1,ROSTER,2026 UFA,2026-10-05
2026,4,0018,14800,10.08,3,ROSTER,2026 UFA,2026-10-05
2026,4,0018,13717,1.2,1,ROSTER,2026 UFA,2026-10-05
2026,4,0018,17482,1.04,4,ROSTER,2026 4.15,2026-10-05
2026,4,0018,17519,0.94,3,ROSTER,2026 UDFA,2026-10-05
2026,4,0018,17547,1.05,4,ROSTER,2026 4.12,2026-10-05
2026,4,0018,17585,1.05,4,ROSTER,2026 4.13,2026-10-05
2026,4,0018,15358,1.1,1,ROSTER,2026 ERFA,2026-10-05
2026,4,0018,13322,1.2,1,ROSTER,2026 UFA,2026-10-05
2026,4,0018,15293,2.0,1,ROSTER,2026 UFA,2026-10-05
2026,4,0018,12735,2.0,1,ROSTER,2026 UFA,2026-10-05
2026,4,0018,15895,2.1,1,ROSTER,2026 UFA,2026-10-05
2026,4,0018,17207,2.0,1,ROSTER,2026 UFA,2026-10-05
2026,4,0018,15364,2.0,1,ROSTER,2026 UFA,2026-10-05
2026,4,0018,15261,9.12,1,ROSTER,2025 oEXT,2026-10-05
2026,4,0018,15898,1.2,1,ROSTER,2026 UFA,2026-10-05
2026,4,0018,13806,4.94,2,INJURED_RESERVE,2026 UFA,2026-10-05
2026,4,0019,14782,11.5,3,ROSTER,2023 iEXT,2026-10-05
2026,4,0019,15753,12.96,5,ROSTER,2025 iEXT,2026-10-05
2026,4,0019,14167,14.64,1,ROSTER,2023 B/R,2026-10-05
2026,4,0019,14163,16.18,5,ROSTER,2025 oEXT,2026-10-05
2026,4,0019,16206,12.21,3,ROSTER,2026 iEXT,2026-10-05
2026,4,0019,16698,1.2,2,ROSTER,2024 4.04,2026-10-05
2026,4,0019,15798,4.26,4,ROSTER,2024 iEXT,2026-10-05
2026,4,0019,16654,1.1,2,ROSTER,2024 4.24,2026-10-05
2026,4,0019,15349,11.89,4,ROSTER,2024 B/R,2026-10-05
2026,4,0019,16629,1.93,2,ROSTER,2024 2.07,2026-10-05
2026,4,0019,16268,1.14,1,ROSTER,2023 5.17,2026-10-05
2026,4,0019,15868,3.85,2,ROSTER,2026 oEXT,2026-10-05
2026,4,0019,17080,1.38,3,ROSTER,2025 3.08,2026-10-05
2026,4,0019,14218,8.02,2,ROSTER,2025 UFA,2026-10-05
2026,4,0019,14059,6.38,1,ROSTER,2025 UFA,2026-10-05
2026,4,0019,17134,1.49,3,ROSTER,2025 3.03,2026-10-05
2026,4,0019,17153,1.14,3,ROSTER,2025 4.03,2026-10-05
2026,4,0019,16080,7.28,4,ROSTER,2025 iEXT,2026-10-05
2026,4,0019,14900,7.39,3,ROSTER,2025 B/R,2026-10-05
2026,4,0019,12752,9.48,1,ROSTER,2026 TT,2026-10-05
2026,4,0019,12626,20.33,2,ROSTER,2026 B/R,2026-10-05
2026,4,0019,17543,3.8,4,ROSTER,2026 1.10,2026-10-05
2026,4,0019,17500,3.08,4,ROSTER,2026 1.13,2026-10-05
2026,4,0019,17579,1.36,4,ROSTER,2026 3.07,2026-10-05
2026,4,0019,17507,1.26,4,ROSTER,2026 3.12,2026-10-05
2026,4,0019,13319,10.0,1,ROSTER,2026 UFA,2026-10-05
2026,4,0019,15861,11.05,4,ROSTER,2026 UFA,2026-10-05
2026,4,0019,14249,10.55,2,ROSTER,2026 UFA,2026-10-05
2026,4,0019,17478,1.1,4,ROSTER,2026 4.05,2026-10-05
2026,4,0019,13692,1.1,1,ROSTER,2026 UFA,2026-10-05
2026,4,0019,17171,1.06,3,ROSTER,2025 5.03,2026-10-05
2026,4,0019,17634,1.0,4,ROSTER,2026 5.03,2026-10-05
2026,4,0019,17582,1.09,4,ROSTER,2026 4.07,2026-10-05
2026,4,0019,17706,0.94,3,ROSTER,2026 UDFA,2026-10-05
2026,4,0019,17542,0.94,3,ROSTER,2026 UDFA,2026-10-05
2026,4,0019,17597,0.94,3,ROSTER,2026 UDFA,2026-10-05
2026,4,0019,17640,0.94,3,ROSTER,2026 UDFA,2026-10-05
2026,4,0019,14590,4.44,1,ROSTER,2024 iEXT,2026-10-05
2026,4,0019,17626,0.94,3,ROSTER,2026 UDFA,2026-10-05
2026,4,0019,17189,1.1,1,ROSTER,2026 UFA,2026-10-05
2026,4,0019,17221,1.2,1,ROSTER,2026 UFA,2026-10-05
2026,4,0019,15716,2.0,1,ROSTER,2026 UFA,2026-10-05
2026,4,0019,16452,1.1,1,ROSTER,2026 UFA,2026-10-05
2026,4,0019,17736,1.1,1,ROSTER,2026 UFA,2026-10-05
2026,4,0019,16216,1.9,1,ROSTER,2026 UFA,2026-10-05
2026,4,0019,15872,3.83,4,INJURED_RESERVE,2026 UFA,2026-10-05
2026,4,0019,17148,1.16,3,INJURED_RESERVE,2025 4.01,2026-10-05
2026,4,0019,17569,1.59,4,INJURED_RESERVE,2026 2.15,2026-10-05
2026,4,0019,16236,1.14,1,INJURED_RESERVE,2023 5.21,2026-10-05
2026,4,0020,16264,3.7,1,ROSTER,2023 5.02^,2026-10-05
2026,4,0020,14842,14.56,1,ROSTER,2024 oEXT,2026-10-05
2026,4,0020,16251,3.7,1,ROSTER,2023 4.05^,2026-10-05
2026,4,0020,15794,16.57,5,ROSTER,2025 iEXT,2026-10-05
2026,4,0020,16619,1.52,2,ROSTER,2024 3.02,2026-10-05
2026,4,0020,16675,1.25,2,ROSTER,2024 3.16,2026-10-05
2026,4,0020,16705,1.08,2,ROSTER,2024 5.11,2026-10-05
2026,4,0020,16697,1.08,2,ROSTER,2024 5.16,2026-10-05
2026,4,0020,11675,23.96,1,ROSTER,2024 UFA,2026-10-05
2026,4,0020,17030,6.72,3,ROSTER,2025 1.04,2026-10-05
2026,4,0020,17072,2.18,3,ROSTER,2025 2.04,2026-10-05
2026,4,0020,16226,2.78,1,ROSTER,2023 1.15,2026-10-05
2026,4,0020,17181,0.99,2,ROSTER,2025 UDFA,2026-10-05
2026,4,0020,16274,1.14,1,ROSTER,2023 5.26,2026-10-05
2026,4,0020,16596,1.33,2,ROSTER,2024 3.11,2026-10-05
2026,4,0020,13682,1.1,1,ROSTER,2026 R/F,2026-10-05
2026,4,0020,14892,14.84,1,ROSTER,2026 NEFT,2026-10-05
2026,4,0020,14802,18.67,2,ROSTER,2025 oEXT,2026-10-05
2026,4,0020,16278,7.5,3,ROSTER,2026 RRFA,2026-10-05
2026,4,0020,14888,3.49,2,ROSTER,2026 oEXT,2026-10-05
2026,4,0020,17556,3.28,4,ROSTER,2026 1.12,2026-10-05
2026,4,0020,17559,0.94,3,ROSTER,2026 UDFA,2026-10-05
2026,4,0020,17577,0.94,3,ROSTER,2026 UDFA,2026-10-05
2026,4,0020,17676,0.94,3,ROSTER,2026 UDFA,2026-10-05
2026,4,0020,13299,18.05,2,ROSTER,2026 UFA,2026-10-05
2026,4,0020,13839,4.75,2,ROSTER,2026 UFA,2026-10-05
2026,4,0020,12225,14.94,3,ROSTER,2026 UFA,2026-10-05
2026,4,0020,15355,10.4,5,ROSTER,2026 UFA,2026-10-05
2026,4,0020,15911,1.1,1,ROSTER,2026 UFA,2026-10-05
2026,4,0020,11945,1.1,1,ROSTER,2026 UFA,2026-10-05
2026,4,0020,12772,1.1,1,ROSTER,2026 UFA,2026-10-05
2026,4,0020,15319,1.1,1,ROSTER,2026 UFA,2026-10-05
2026,4,0020,16383,1.1,1,ROSTER,2026 UFA,2026-10-05
2026,4,0020,14925,1.1,1,ROSTER,2026 R/F,2026-10-05
2026,4,0020,16281,1.1,1,ROSTER,2026 ERFA,2026-10-05
2026,4,0020,12620,40.93,2,ROSTER,2021 EXT,2026-10-05
2026,4,0020,16333,1.1,1,ROSTER,2026 UFA,2026-10-05
2026,4,0020,16752,1.1,1,ROSTER,2026 UFA,2026-10-05
2026,4,0020,13933,1.1,1,ROSTER,2026 UFA,2026-10-05
2026,4,0020,15076,1.1,1,ROSTER,2026 UFA,2026-10-05
2026,4,0020,17527,1.1,1,ROSTER,2026 UFA,2026-10-05
2026,4,0020,16171,2.1,1,ROSTER,2023 2.06,2026-10-05
2026,4,0020,13132,2.1,1,ROSTER,2026 UFA,2026-10-05
2026,4,0020,14328,1.3,1,ROSTER,2026 UFA,2026-10-05
2026,4,0020,14180,1.1,1,ROSTER,2026 UFA,2026-10-05
2026,4,0020,17056,1.14,3,INJURED_RESERVE,2025 4.02,2026-10-05
2026,4,0020,17690,0.94,3,INJURED_RESERVE,2026 UDFA,2026-10-05
2026,4,0020,17205,0.99,2,INJURED_RESERVE,2025 UDFA,2026-10-05
2026,4,0021,14779,15.59,3,ROSTER,2023 iEXT,2026-10-05
2026,4,0021,15346,7.37,2,ROSTER,2024 iEXT,2026-10-05
2026,4,0021,15711,10.99,1,ROSTER,2025 iEXT,2026-10-05
2026,4,0021,16650,2.1,2,ROSTER,2024 2.04,2026-10-05
2026,4,0021,14927,5.01,2,ROSTER,2026 oEXT,2026-10-05
2026,4,0021,16187,5.44,3,ROSTER,2026 iEXT,2026-10-05
2026,4,0021,14909,9.11,2,ROSTER,2026 oEXT,2026-10-05
2026,4,0021,14303,5.85,1,ROSTER,2025 UFA,2026-10-05
2026,4,0021,16186,5.45,1,ROSTER,2023 1.06,2026-10-05
2026,4,0021,16620,4.04,2,ROSTER,2024 1.08,2026-10-05
2026,4,0021,17044,5.92,3,ROSTER,2025 1.05,2026-10-05
2026,4,0021,16224,3.3,2,ROSTER,2026 oEXT,2026-10-05
2026,4,0021,14158,7.6,1,ROSTER,2023 iEXT,2026-10-05
2026,4,0021,17074,9.05,3,ROSTER,2025 1.02,2026-10-05
2026,4,0021,15762,36.0,3,ROSTER,2026 mEXT,2026-10-05
2026,4,0021,17555,1.49,4,ROSTER,2026 3.02,2026-10-05
2026,4,0021,17587,1.41,4,ROSTER,2026 3.05,2026-10-05
2026,4,0021,17558,1.98,4,ROSTER,2026 2.07,2026-10-05
2026,4,0021,11244,5.0,1,ROSTER,2026 UFA,2026-10-05
2026,4,0021,16927,11.34,3,ROSTER,2026 UFA,2026-10-05
2026,4,0021,12711,2.2,1,ROSTER,2026 UFA,2026-10-05
2026,4,0021,14251,6.7,1,ROSTER,2026 UFA,2026-10-05
2026,4,0021,12616,5.0,1,ROSTER,2026 UFA,2026-10-05
2026,4,0021,13737,5.1,1,ROSTER,2026 UFA,2026-10-05
2026,4,0021,15815,6.03,3,ROSTER,2026 UFA,2026-10-05
2026,4,0021,16178,2.0,1,ROSTER,2026 UFA,2026-10-05
2026,4,0021,15368,1.1,1,ROSTER,2026 R/F,2026-10-05
2026,4,0021,16716,1.29,2,ROSTER,2024 3.14,2026-10-05
2026,4,0021,17476,1.14,4,ROSTER,2026 4.01,2026-10-05
2026,4,0021,11757,5.5,1,ROSTER,2026 UFA,2026-10-05
2026,4,0021,17031,1.24,3,ROSTER,2025 3.16,2026-10-05
2026,4,0021,16267,2.0,1,ROSTER,2026 UFA,2026-10-05
2026,4,0021,14136,2.0,1,ROSTER,2026 UFA,2026-10-05
2026,4,0021,13113,1.1,1,ROSTER,2026 R/F,2026-10-05
2026,4,0021,13189,1.1,1,ROSTER,2026 UFA,2026-10-05
2026,4,0021,17622,1.1,1,ROSTER,2026 UFA,2026-10-05
2026,4,0021,15357,2.0,1,ROSTER,2026 UFA,2026-10-05
2026,4,0021,17164,2.0,1,ROSTER,2026 UFA,2026-10-05
2026,4,0021,17361,1.1,1,ROSTER,2026 UFA,2026-10-05
2026,4,0021,15884,1.1,1,ROSTER,2026 UFA,2026-10-05
2026,4,0021,17653,1.5,1,ROSTER,2026 UFA,2026-10-05
2026,4,0021,17469,1.1,1,ROSTER,2026 UFA,2026-10-05
2026,4,0021,15889,1.1,1,ROSTER,2026 UFA,2026-10-05
2026,4,0021,16189,1.1,1,ROSTER,2026 UFA,2026-10-05
2026,4,0021,16622,2.71,2,INJURED_RESERVE,2024 1.14,2026-10-05
2026,4,0021,15864,3.17,2,INJURED_RESERVE,2025 iEXT,2026-10-05
2026,4,0021,17151,1.18,3,INJURED_RESERVE,2025 3.22,2026-10-05
2026,4,0021,17107,1.25,3,INJURED_RESERVE,2025 3.15,2026-10-05
2026,4,0021,14840,2.38,2,TAXI_SQUAD,2026 B/R,2026-10-05
2026,4,0022,15365,6.92,1,ROSTER,2024 iEXT,2026-10-05
2026,4,0022,16276,5.81,1,ROSTER,2023 3.12^,2026-10-05
2026,4,0022,16351,1.14,1,ROSTER,2023 5.25,2026-10-05
2026,4,0022,16284,1.17,1,ROSTER,2023 5.10,2026-10-05
2026,4,0022,16579,9.67,2,ROSTER,2024 1.01,2026-10-05
2026,4,0022,13710,2.22,1,ROSTER,2024 iEXT,2026-10-05
2026,4,0022,17051,5.28,3,ROSTER,2025 1.06,2026-10-05
2026,4,0022,17123,2.04,3,ROSTER,2025 2.06,2026-10-05
2026,4,0022,17120,1.41,3,ROSTER,2025 3.06,2026-10-05
2026,4,0022,17098,1.12,3,ROSTER,2025 4.06,2026-10-05
2026,4,0022,13470,3.07,2,ROSTER,2025 UFA,2026-10-05
2026,4,0022,13635,14.42,3,ROSTER,2026 oEXT,2026-10-05
2026,4,0022,13298,16.41,1,ROSTER,2025 UFA,2026-10-05
2026,4,0022,14957,1.1,1,ROSTER,2025 R/F,2026-10-05
2026,4,0022,14170,10.26,3,ROSTER,2026 oEXT,2026-10-05
2026,4,0022,13748,3.86,2,ROSTER,2025 UFA,2026-10-05
2026,4,0022,16652,1.54,2,ROSTER,2024 3.01,2026-10-05
2026,4,0022,15254,4.16,2,ROSTER,2025 UFA,2026-10-05
2026,4,0022,12688,17.56,1,ROSTER,2025 UFA,2026-10-05
2026,4,0022,14910,5.88,1,ROSTER,2025 SRFA,2026-10-05
2026,4,0022,14871,1.1,1,ROSTER,2026 R/F,2026-10-05
2026,4,0022,15813,1.1,1,ROSTER,2026 R/F,2026-10-05
2026,4,0022,14405,5.92,1,ROSTER,2026 ORFAN,2026-10-05
2026,4,0022,16018,3.75,1,ROSTER,2026 ORFAN,2026-10-05
2026,4,0022,14127,9.12,2,ROSTER,2026 mEXT,2026-10-05
2026,4,0022,15694,10.1,1,ROSTER,2026 mEXT,2026-10-05
2026,4,0022,17473,8.26,4,ROSTER,2026 1.03,2026-10-05
2026,4,0022,17576,2.29,4,ROSTER,2026 2.03,2026-10-05
2026,4,0022,17554,1.46,4,ROSTER,2026 3.03,2026-10-05
2026,4,0022,17529,1.12,4,ROSTER,2026 4.03,2026-10-05
2026,4,0022,14861,4.85,2,ROSTER,2026 UFA,2026-10-05
2026,4,0022,16283,7.51,2,ROSTER,2026 UFA,2026-10-05
2026,4,0022,13223,3.8,2,ROSTER,2026 UFA,2026-10-05
2026,4,0022,15362,3.15,3,ROSTER,2026 UFA,2026-10-05
2026,4,0022,16195,1.1,1,ROSTER,2026 UFA,2026-10-05
2026,4,0022,16295,4.95,3,ROSTER,2026 UFA,2026-10-05
2026,4,0022,13719,2.0,1,ROSTER,2026 UFA,2026-10-05
2026,4,0022,11671,24.8,2,ROSTER,2026 UFA,2026-10-05
2026,4,0022,17599,1.07,4,ROSTER,2026 4.10,2026-10-05
2026,4,0022,16684,1.1,2,ROSTER,2024 5.01,2026-10-05
2026,4,0022,17595,0.94,3,ROSTER,2026 UDFA,2026-10-05
2026,4,0022,17178,1.04,3,ROSTER,2025 5.06,2026-10-05
2026,4,0022,9051,1.1,1,ROSTER,2026 UFA,2026-10-05
2026,4,0022,15738,1.1,1,INJURED_RESERVE,2026 R/F,2026-10-05
2026,4,0022,13192,2.0,1,INJURED_RESERVE,2026 UFA,2026-10-05
2026,4,0022,14073,14.27,1,TAXI_SQUAD,2024 UFA,2026-10-05
2026,4,0023,13782,4.73,1,ROSTER,2024 iEXT,2026-10-05
2026,4,0023,15352,4.1,1,ROSTER,2024 iEXT,2026-10-05
2026,4,0023,16233,3.8,1,ROSTER,2023 1.10+,2026-10-05
2026,4,0023,16266,1.29,1,ROSTER,2023 4.04,2026-10-05
2026,4,0023,16230,1.43,1,ROSTER,2023 3.10,2026-10-05
2026,4,0023,16653,2.46,2,ROSTER,2024 1.16,2026-10-05
2026,4,0023,13590,22.96,1,ROSTER,2024 iEXT,2026-10-05
2026,4,0023,15754,14.15,2,ROSTER,2025 iEXT,2026-10-05
2026,4,0023,13738,1.1,1,ROSTER,2025 R/F,2026-10-05
2026,4,0023,16610,1.42,2,ROSTER,2024 3.06,2026-10-05
2026,4,0023,17106,1.91,3,ROSTER,2025 2.08,2026-10-05
2026,4,0023,17149,1.21,3,ROSTER,2025 3.19,2026-10-05
2026,4,0023,15856,6.01,1,ROSTER,2025 oEXT,2026-10-05
2026,4,0023,16191,4.85,1,ROSTER,2025 oEXT,2026-10-05
2026,4,0023,14143,1.1,1,ROSTER,2026 R/F,2026-10-05
2026,4,0023,14933,1.1,1,ROSTER,2026 R/F,2026-10-05
2026,4,0023,16166,3.52,1,ROSTER,2026 RRFA,2026-10-05
2026,4,0023,15863,6.0,1,ROSTER,2026 RRFA,2026-10-05
2026,4,0023,14247,5.47,2,ROSTER,2025 oEXT,2026-10-05
2026,4,0023,13714,6.04,2,ROSTER,2025 iEXT,2026-10-05
2026,4,0023,15710,30.2,1,ROSTER,2026 UFA,2026-10-05
2026,4,0023,16809,6.65,2,ROSTER,2026 UFA,2026-10-05
2026,4,0023,15822,8.2,1,ROSTER,2026 UFA,2026-10-05
2026,4,0023,15380,5.1,1,ROSTER,2026 UFA,2026-10-05
2026,4,0023,15712,4.37,2,ROSTER,2026 UFA,2026-10-05
2026,4,0023,7836,2.2,1,ROSTER,2026 UFA,2026-10-05
2026,4,0023,15757,6.94,2,ROSTER,2026 UFA,2026-10-05
2026,4,0023,15875,1.1,1,ROSTER,2026 UFA,2026-10-05
2026,4,0023,15819,2.05,2,ROSTER,2025 iEXT,2026-10-05
2026,4,0023,17657,0.98,4,ROSTER,2026 5.18,2026-10-05
2026,4,0023,11222,2.0,1,ROSTER,2026 UFA,2026-10-05
2026,4,0023,17503,2.12,4,ROSTER,2026 2.05,2026-10-05
2026,4,0023,17584,1.0,4,ROSTER,2026 5.05,2026-10-05
2026,4,0023,17124,1.03,3,ROSTER,2025 5.18,2026-10-05
2026,4,0023,17508,1.23,4,ROSTER,2026 3.14,2026-10-05
2026,4,0023,11936,2.0,1,ROSTER,2026 UFA,2026-10-05
2026,4,0023,17475,2.1,1,ROSTER,2026 UFA,2026-10-05
2026,4,0023,16342,1.5,1,ROSTER,2026 UFA,2026-10-05
2026,4,0023,12263,1.2,1,ROSTER,2026 UFA,2026-10-05
2026,4,0023,14057,2.1,1,ROSTER,2026 UFA,2026-10-05
2026,4,0023,16727,2.0,1,ROSTER,2026 UFA,2026-10-05
2026,4,0023,15836,2.0,1,ROSTER,2026 UFA,2026-10-05
2026,4,0023,15366,2.67,2,ROSTER,2025 UFA,2026-10-05
2026,4,0023,14137,1.1,1,ROSTER,2026 UFA,2026-10-05
2026,4,0023,17202,3.2,1,ROSTER,2026 UFA,2026-10-05
2026,4,0023,16244,3.7,1,INJURED_RESERVE,2023 2.10^,2026-10-05
2026,4,0023,15351,2.01,2,INJURED_RESERVE,2026 UFA,2026-10-05
2026,4,0023,17047,1.61,3,INJURED_RESERVE,2025 2.15,2026-10-05
2026,4,0023,14171,24.31,4,INJURED_RESERVE,2025 iEXT,2026-10-05
2026,4,0024,15284,24.02,2,ROSTER,2026 oEXT,2026-10-05
2026,4,0024,14783,41.47,1,ROSTER,2024 oEXT,2026-10-05
2026,4,0024,15834,7.8,3,ROSTER,2026 oEXT,2026-10-05
2026,4,0024,16253,1.25,1,ROSTER,2023 4.06,2026-10-05
2026,4,0024,16696,1.86,2,ROSTER,2024 2.08,2026-10-05
2026,4,0024,16690,1.17,2,ROSTER,2024 4.08,2026-10-05
2026,4,0024,15452,9.77,1,ROSTER,2025 oEXT,2026-10-05
2026,4,0024,13671,8.57,1,ROSTER,2025 B/R,2026-10-05
2026,4,0024,17043,4.75,3,ROSTER,2025 1.07,2026-10-05
2026,4,0024,17135,1.39,3,ROSTER,2025 3.07,2026-10-05
2026,4,0024,17059,0.99,2,ROSTER,2025 UDFA,2026-10-05
2026,4,0024,17143,0.99,2,ROSTER,2025 UDFA,2026-10-05
2026,4,0024,17048,2.45,3,ROSTER,2025 2.01,2026-10-05
2026,4,0024,16626,2.28,2,ROSTER,2024 2.02,2026-10-05
2026,4,0024,17141,1.11,3,ROSTER,2025 4.07,2026-10-05
2026,4,0024,17114,1.54,3,ROSTER,2025 3.01,2026-10-05
2026,4,0024,16152,9.22,1,ROSTER,2023 1.02,2026-10-05
2026,4,0024,13629,13.31,1,ROSTER,2022 UFA,2026-10-05
2026,4,0024,17179,0.99,2,ROSTER,2025 UDFA,2026-10-05
2026,4,0024,15892,1.1,1,ROSTER,2026 R/F,2026-10-05
2026,4,0024,13791,1.1,1,ROSTER,2026 R/F,2026-10-05
2026,4,0024,14930,1.1,1,ROSTER,2026 R/F,2026-10-05
2026,4,0024,17497,9.73,4,ROSTER,2026 1.02,2026-10-05
2026,4,0024,17512,1.81,4,ROSTER,2026 2.10,2026-10-05
2026,4,0024,17580,1.63,4,ROSTER,2026 2.14,2026-10-05
2026,4,0024,17667,1.01,4,ROSTER,2026 4.21,2026-10-05
2026,4,0024,17561,0.99,4,ROSTER,2026 5.07,2026-10-05
2026,4,0024,14056,13.5,1,ROSTER,2026 UFA,2026-10-05
2026,4,0024,14896,5.1,1,ROSTER,2026 UFA,2026-10-05
2026,4,0024,15832,4.2,1,ROSTER,2026 UFA,2026-10-05
2026,4,0024,14085,15.1,1,ROSTER,2026 UFA,2026-10-05
2026,4,0024,13713,4.5,1,ROSTER,2026 UFA,2026-10-05
2026,4,0024,15331,2.1,1,ROSTER,2026 UFA,2026-10-05
2026,4,0024,10266,9.1,1,ROSTER,2026 UFA,2026-10-05
2026,4,0024,14169,7.0,1,ROSTER,2026 UFA,2026-10-05
2026,4,0024,15418,5.1,1,ROSTER,2026 UFA,2026-10-05
2026,4,0024,15378,3.6,2,ROSTER,2024 iEXT,2026-10-05
2026,4,0024,11706,1.1,1,ROSTER,2026 UFA,2026-10-05
2026,4,0024,17468,1.18,4,ROSTER,2026 3.18,2026-10-05
2026,4,0024,17463,2.39,4,ROSTER,2026 2.02,2026-10-05
2026,4,0024,17548,0.98,4,ROSTER,2026 5.19,2026-10-05
2026,4,0024,17546,0.99,4,ROSTER,2026 5.12,2026-10-05
2026,4,0024,13303,1.1,1,ROSTER,2026 UFA,2026-10-05
2026,4,0024,17509,1.3,4,INJURED_RESERVE,2026 3.10,2026-10-05
2026,4,0024,17122,1.76,3,INJURED_RESERVE,2025 2.11,2026-10-05
2026,4,0024,16169,2.65,1,INJURED_RESERVE,2023 1.16,2026-10-05
2026,4,0024,17113,1.97,3,INJURED_RESERVE,2025 2.07,2026-10-05
2026,4,0024,17652,0.99,4,INJURED_RESERVE,2026 5.10,2026-10-05
2026,4,0024,16204,1.5,1,INJURED_RESERVE,2023 3.06,2026-10-05
2026,4,0025,14832,24.65,2,ROSTER,2023 iEXT,2026-10-05
2026,4,0025,15802,7.35,2,ROSTER,2024 iEXT,2026-10-05
2026,4,0025,15698,37.58,4,ROSTER,2025 oEXT,2026-10-05
2026,4,0025,16213,4.1,1,ROSTER,2023 1.09,2026-10-05
2026,4,0025,16241,3.7,1,ROSTER,2023 3.09^,2026-10-05
2026,4,0025,16694,1.58,2,ROSTER,2024 2.15,2026-10-05
2026,4,0025,16676,1.09,2,ROSTER,2024 5.09,2026-10-05
2026,4,0025,13251,7.37,1,ROSTER,2025 oEXT,2026-10-05
2026,4,0025,15805,10.26,5,ROSTER,2025 iEXT,2026-10-05
2026,4,0025,15809,7.46,4,ROSTER,2025 iEXT,2026-10-05
2026,4,0025,14219,1.1,1,ROSTER,2025 R/F,2026-10-05
2026,4,0025,13130,15.68,1,ROSTER,2025 B/R,2026-10-05
2026,4,0025,17121,2.99,3,ROSTER,2025 1.13,2026-10-05
2026,4,0025,17053,1.1,3,ROSTER,2025 4.09,2026-10-05
2026,4,0025,16794,2.09,3,ROSTER,2026 oEXT,2026-10-05
2026,4,0025,16254,1.93,1,ROSTER,2023 2.09,2026-10-05
2026,4,0025,17045,1.67,3,ROSTER,2025 2.13,2026-10-05
2026,4,0025,12842,1.1,1,ROSTER,2026 R/F,2026-10-05
2026,4,0025,17568,1.56,4,ROSTER,2026 2.16,2026-10-05
2026,4,0025,17590,1.2,4,ROSTER,2026 3.16,2026-10-05
2026,4,0025,17607,1.11,4,ROSTER,2026 4.04,2026-10-05
2026,4,0025,17485,1.03,4,ROSTER,2026 4.16,2026-10-05
2026,4,0025,17617,1.02,4,ROSTER,2026 4.20,2026-10-05
2026,4,0025,17611,1.01,4,ROSTER,2026 4.22,2026-10-05
2026,4,0025,10816,3.23,2,ROSTER,2026 UFA,2026-10-05
2026,4,0025,14943,2.0,1,ROSTER,2026 UFA,2026-10-05
2026,4,0025,15396,2.0,1,ROSTER,2026 UFA,2026-10-05
2026,4,0025,11150,4.7,1,ROSTER,2026 UFA,2026-10-05
2026,4,0025,15395,1.1,1,ROSTER,2026 UFA,2026-10-05
2026,4,0025,16252,3.7,1,ROSTER,2023 3.17^,2026-10-05
2026,4,0025,12610,1.1,1,ROSTER,2026 R/F,2026-10-05
2026,4,0025,13418,1.1,1,ROSTER,2026 R/F,2026-10-05
2026,4,0025,10783,2.1,1,ROSTER,2026 UFA,2026-10-05
2026,4,0025,15445,1.1,1,ROSTER,2026 UFA,2026-10-05
2026,4,0025,13289,1.1,1,ROSTER,2026 UFA,2026-10-05
2026,4,0025,13672,1.1,1,ROSTER,2026 UFA,2026-10-05
2026,4,0025,17222,1.1,1,ROSTER,2026 UFA,2026-10-05
2026,4,0025,16009,1.1,1,ROSTER,2026 UFA,2026-10-05
2026,4,0025,15001,2.85,2,ROSTER,2026 UFA,2026-10-05
2026,4,0025,12645,1.1,1,ROSTER,2026 UFA,2026-10-05
2026,4,0025,15814,1.1,1,ROSTER,2026 UFA,2026-10-05
2026,4,0025,10292,1.1,1,ROSTER,2025 R/F,2026-10-05
2026,4,0025,16717,1.08,2,ROSTER,2024 5.18,2026-10-05
2026,4,0025,11247,1.1,1,ROSTER,2026 UFA,2026-10-05
2026,4,0025,16799,1.1,1,ROSTER,2026 UFA,2026-10-05
2026,4,0025,15749,5.3,1,INJURED_RESERVE,2026 UFA,2026-10-05
2026,4,0025,16688,1.13,2,INJURED_RESERVE,2024 4.12,2026-10-05
2026,4,0025,16215,1.1,1,INJURED_RESERVE,2026 UFA,2026-10-05
2026,4,0025,16707,1.1,2,INJURED_RESERVE,2024 4.21,2026-10-05
2026,4,0025,14104,23.12,1,INJURED_RESERVE,2022 iEXT,2026-10-05
2026,4,0025,17517,1.02,4,INJURED_RESERVE,2026 4.18,2026-10-05
2026,4,0025,17514,2.62,4,INJURED_RESERVE,2026 1.16,2026-10-05
2026,4,0025,15768,20.69,3,INJURED_RESERVE,2025 iEXT,2026-10-05
2026,4,0025,16207,1.17,1,INJURED_RESERVE,2023 5.09,2026-10-05
2026,4,0026,15846,5.52,3,ROSTER,2025 iEXT,2026-10-05
2026,4,0026,15761,7.11,1,ROSTER,2025 iEXT,2026-10-05
2026,4,0026,14149,7.43,2,ROSTER,2025 iEXT,2026-10-05
2026,4,0026,15259,4.58,1,ROSTER,2024 iEXT,2026-10-05
2026,4,0026,14102,13.99,1,ROSTER,2023 oEXT,2026-10-05
2026,4,0026,14071,17.03,1,ROSTER,2024 iEXT,2026-10-05
2026,4,0026,16618,3.72,2,ROSTER,2024 1.09,2026-10-05
2026,4,0026,16582,1.81,2,ROSTER,2024 2.09,2026-10-05
2026,4,0026,16700,1.24,2,ROSTER,2024 3.17,2026-10-05
2026,4,0026,16673,1.13,2,ROSTER,2024 4.13,2026-10-05
2026,4,0026,16662,1.12,2,ROSTER,2024 4.17,2026-10-05
2026,4,0026,16670,1.09,2,ROSTER,2024 5.07,2026-10-05
2026,4,0026,16672,1.03,1,ROSTER,2024 UDFA,2026-10-05
2026,4,0026,16723,1.03,1,ROSTER,2024 UDFA,2026-10-05
2026,4,0026,16719,1.03,1,ROSTER,2024 UDFA,2026-10-05
2026,4,0026,16282,5.92,1,ROSTER,2024 SRFA,2026-10-05
2026,4,0026,14159,14.01,3,ROSTER,2025 iEXT,2026-10-05
2026,4,0026,14235,1.1,1,ROSTER,2025 R/F,2026-10-05
2026,4,0026,16712,1.1,1,ROSTER,2025 R/F,2026-10-05
2026,4,0026,17070,2.7,3,ROSTER,2025 1.15,2026-10-05
2026,4,0026,17146,1.07,3,ROSTER,2025 4.17,2026-10-05
2026,4,0026,15345,3.96,2,ROSTER,2025 UFA,2026-10-05
2026,4,0026,13813,8.5,2,ROSTER,2026 oEXT,2026-10-05
2026,4,0026,16194,3.7,1,ROSTER,2023 2.08^,2026-10-05
2026,4,0026,16460,2.26,1,ROSTER,2026 oEXT,2026-10-05
2026,4,0026,14179,9.55,2,ROSTER,2025 oEXT,2026-10-05
2026,4,0026,13743,7.92,2,ROSTER,2025 B/R,2026-10-05
2026,4,0026,16635,1.14,2,ROSTER,2024 4.11,2026-10-05
2026,4,0026,16012,1.1,1,ROSTER,2026 R/F,2026-10-05
2026,4,0026,15845,1.1,1,ROSTER,2026 R/F,2026-10-05
2026,4,0026,13593,43.14,1,ROSTER,2026 NEFT2,2026-10-05
2026,4,0026,16887,1.1,1,ROSTER,2026 ERFA,2026-10-05
2026,4,0026,17066,1.03,3,ROSTER,2025 5.14,2026-10-05
2026,4,0026,16655,1.78,2,ROSTER,2024 2.10,2026-10-05
2026,4,0026,15756,21.34,4,ROSTER,2026 mEXT,2026-10-05
2026,4,0026,17563,2.76,4,ROSTER,2026 1.15,2026-10-05
2026,4,0026,16747,1.14,2,ROSTER,2024 4.10,2026-10-05
2026,4,0026,16649,1.11,2,ROSTER,2024 4.19,2026-10-05
2026,4,0026,17567,1.07,4,ROSTER,2026 4.09,2026-10-05
2026,4,0026,12676,5.1,1,ROSTER,2026 UFA,2026-10-05
2026,4,0026,12437,2.0,1,ROSTER,2026 UFA,2026-10-05
2026,4,0026,17518,0.99,4,ROSTER,2026 5.09,2026-10-05
2026,4,0026,13952,1.7,1,ROSTER,2026 UFA,2026-10-05
2026,4,0026,14953,1.1,1,ROSTER,2026 R/F,2026-10-05
2026,4,0026,15871,8.21,2,INJURED_RESERVE,2025 FRFA,2026-10-05
2026,4,0026,13198,22.9,5,INJURED_RESERVE,2025 iEXT,2026-10-05
2026,4,0027,15742,4.11,1,ROSTER,2023 iEXT,2026-10-05
2026,4,0027,16280,3.7,1,ROSTER,2023 2.14^,2026-10-05
2026,4,0027,16164,1.36,1,ROSTER,2023 3.14,2026-10-05
2026,4,0027,16255,1.17,1,ROSTER,2023 5.14,2026-10-05
2026,4,0027,16617,3.03,2,ROSTER,2024 1.12,2026-10-05
2026,4,0027,16680,1.03,1,ROSTER,2024 UDFA,2026-10-05
2026,4,0027,13674,6.53,1,ROSTER,2024 B/R,2026-10-05
2026,4,0027,15393,4.51,1,ROSTER,2025 RRFA,2026-10-05
2026,4,0027,12186,6.08,3,ROSTER,2025 B/R,2026-10-05
2026,4,0027,17075,3.66,3,ROSTER,2025 1.10,2026-10-05
2026,4,0027,17039,2.25,3,ROSTER,2025 2.03,2026-10-05
2026,4,0027,17086,1.2,3,ROSTER,2025 3.20,2026-10-05
2026,4,0027,17145,1.04,3,ROSTER,2025 5.05,2026-10-05
2026,4,0027,17182,1.03,3,ROSTER,2025 5.19,2026-10-05
2026,4,0027,12686,2.2,2,ROSTER,2025 UFA,2026-10-05
2026,4,0027,13697,3.07,2,ROSTER,2025 UFA,2026-10-05
2026,4,0027,16149,2.93,1,ROSTER,2023 1.14,2026-10-05
2026,4,0027,16222,3.7,1,ROSTER,2023 4.14^,2026-10-05
2026,4,0027,16679,1.69,2,ROSTER,2024 2.12,2026-10-05
2026,4,0027,13589,41.7,1,ROSTER,2026 EFT,2026-10-05
2026,4,0027,17551,3.52,4,ROSTER,2026 1.11,2026-10-05
2026,4,0027,17562,1.28,4,ROSTER,2026 3.11,2026-10-05
2026,4,0027,17521,1.06,4,ROSTER,2026 4.11,2026-10-05
2026,4,0027,13163,9.1,1,ROSTER,2026 UFA,2026-10-05
2026,4,0027,13604,33.1,1,ROSTER,2026 UFA,2026-10-05
2026,4,0027,15282,34.0,1,ROSTER,2026 UFA,2026-10-05
2026,4,0027,14877,8.0,1,ROSTER,2026 UFA,2026-10-05
2026,4,0027,13693,2.1,1,ROSTER,2026 UFA,2026-10-05
2026,4,0027,14982,2.0,1,ROSTER,2026 UFA,2026-10-05
2026,4,0027,14302,1.1,1,ROSTER,2026 UFA,2026-10-05
2026,4,0027,15089,1.1,1,ROSTER,2026 UFA,2026-10-05
2026,4,0027,13888,1.1,1,ROSTER,2026 UFA,2026-10-05
2026,4,0027,14947,1.1,1,ROSTER,2026 UFA,2026-10-05
2026,4,0027,14985,1.1,1,ROSTER,2026 UFA,2026-10-05
2026,4,0027,13744,1.1,1,ROSTER,2026 UFA,2026-10-05
2026,4,0027,15409,1.1,1,ROSTER,2026 UFA,2026-10-05
2026,4,0027,14217,2.1,1,ROSTER,2026 UFA,2026-10-05
2026,4,0027,14956,1.1,1,ROSTER,2026 UFA,2026-10-05
2026,4,0027,15681,1.1,1,ROSTER,2026 UFA,2026-10-05
2026,4,0027,17190,1.1,1,ROSTER,2026 UFA,2026-10-05
2026,4,0027,14434,1.1,1,ROSTER,2026 UFA,2026-10-05
2026,4,0027,15124,1.1,1,ROSTER,2026 UFA,2026-10-05
2026,4,0027,16678,1.1,1,ROSTER,2026 UFA,2026-10-05
2026,4,0027,17037,1.06,3,INJURED_RESERVE,2025 4.19,2026-10-05
2026,4,0027,13146,3.69,3,INJURED_RESERVE,2026 B/R,2026-10-05
2026,4,0027,17138,1.43,3,INJURED_RESERVE,2025 3.05,2026-10-05
2026,4,0027,17152,1.03,3,INJURED_RESERVE,2025 5.17,2026-10-05
2026,4,0027,16733,1.13,2,INJURED_RESERVE,2024 4.14,2026-10-05
2026,4,0027,17127,1.12,3,INJURED_RESERVE,2025 4.05,2026-10-05
2026,4,0027,17477,1.76,4,INJURED_RESERVE,2026 2.11,2026-10-05
2026,4,0027,17078,2.1,3,INJURED_RESERVE,2025 2.05,2026-10-05
2026,4,0027,16928,1.1,1,INJURED_RESERVE,2026 UFA,2026-10-05
2026,4,0027,14252,1.1,1,INJURED_RESERVE,2025 R/F,2026-10-05
2026,4,0028,14940,10.7,2,ROSTER,2026 oEXT,2026-10-05
2026,4,0028,16150,3.3,1,ROSTER,2023 1.12,2026-10-05
2026,4,0028,16303,1.23,1,ROSTER,2023 4.10,2026-10-05
2026,4,0028,14153,13.94,1,ROSTER,2024 UFA,2026-10-05
2026,4,0028,12221,18.69,1,ROSTER,2026 oEXT,2026-10-05
2026,4,0028,16211,5.81,1,ROSTER,2023 5.03^,2026-10-05
2026,4,0028,16584,4.42,2,ROSTER,2024 1.07,2026-10-05
2026,4,0028,15290,27.78,3,ROSTER,2025 B/R,2026-10-05
2026,4,0028,17147,1.8,3,ROSTER,2025 2.10,2026-10-05
2026,4,0028,17104,4.32,3,ROSTER,2025 1.08,2026-10-05
2026,4,0028,15390,2.06,1,ROSTER,2024 oEXT,2026-10-05
2026,4,0028,16228,1.32,1,ROSTER,2023 3.19,2026-10-05
2026,4,0028,16583,1.62,2,ROSTER,2024 2.14,2026-10-05
2026,4,0028,12741,3.53,1,ROSTER,2025 iEXT,2026-10-05
2026,4,0028,15894,1.1,1,ROSTER,2026 R/F,2026-10-05
2026,4,0028,16193,5.77,2,ROSTER,2026 SRFA,2026-10-05
2026,4,0028,16246,3.52,2,ROSTER,2026 RRFA,2026-10-05
2026,4,0028,16314,1.1,1,ROSTER,2026 ERFA,2026-10-05
2026,4,0028,15789,19.0,2,ROSTER,2026 mEXT,2026-10-05
2026,4,0028,13592,13.95,3,ROSTER,2026 mEXT,2026-10-05
2026,4,0028,15721,2.85,2,ROSTER,2026 mEXT,2026-10-05
2026,4,0028,16181,9.71,2,ROSTER,2025 iEXT,2026-10-05
2026,4,0028,17499,5.56,4,ROSTER,2026 1.06,2026-10-05
2026,4,0028,17552,1.44,4,ROSTER,2026 3.04,2026-10-05
2026,4,0028,15256,31.1,1,ROSTER,2026 UFA,2026-10-05
2026,4,0028,12801,3.33,2,ROSTER,2026 UFA,2026-10-05
2026,4,0028,13723,4.1,1,ROSTER,2026 UFA,2026-10-05
2026,4,0028,14412,3.0,1,ROSTER,2026 UFA,2026-10-05
2026,4,0028,16296,2.0,1,ROSTER,2026 UFA,2026-10-05
2026,4,0028,17474,1.19,4,ROSTER,2026 3.17,2026-10-05
2026,4,0028,17520,1.17,4,ROSTER,2026 3.19,2026-10-05
2026,4,0028,16846,2.0,1,ROSTER,2026 UFA,2026-10-05
2026,4,0028,14148,8.55,2,ROSTER,2026 UFA,2026-10-05
2026,4,0028,17339,1.1,1,ROSTER,2026 ERFA,2026-10-05
2026,4,0028,15913,1.1,1,ROSTER,2026 ERFA,2026-10-05
2026,4,0028,16708,1.08,2,ROSTER,2024 5.14,2026-10-05
2026,4,0028,17623,1.0,4,ROSTER,2026 5.04,2026-10-05
2026,4,0028,17593,0.98,4,ROSTER,2026 5.17,2026-10-05
2026,4,0028,17161,0.99,2,ROSTER,2025 UDFA,2026-10-05
2026,4,0028,14867,1.1,1,ROSTER,2026 UFA,2026-10-05
2026,4,0028,16728,1.1,1,ROSTER,2026 UFA,2026-10-05
2026,4,0028,17157,1.11,3,ROSTER,2025 4.08,2026-10-05
2026,4,0028,11327,1.1,1,ROSTER,2026 UFA,2026-10-05
2026,4,0028,17254,2.1,1,ROSTER,2026 UFA,2026-10-05
2026,4,0028,16240,1.1,1,ROSTER,2026 UFA,2026-10-05
2026,4,0028,17544,2.2,4,INJURED_RESERVE,2026 2.04,2026-10-05
2026,4,0028,15972,3.52,1,INJURED_RESERVE,2026 RRFA,2026-10-05
2026,4,0028,16597,2.86,2,INJURED_RESERVE,2024 1.13,2026-10-05
2026,4,0028,12785,1.1,1,INJURED_RESERVE,2026 UFA,2026-10-05
2026,4,0029,13696,14.27,2,ROSTER,2024 oEXT,2026-10-05
2026,4,0029,14897,19.49,2,ROSTER,2024 oEXT,2026-10-05
2026,4,0029,15428,5.88,2,ROSTER,2025 SRFA,2026-10-05
2026,4,0029,17071,7.73,3,ROSTER,2025 1.03,2026-10-05
2026,4,0029,17073,1.17,3,ROSTER,2025 3.23,2026-10-05
2026,4,0029,15237,14.95,2,ROSTER,2025 UFA,2026-10-05
2026,4,0029,14182,5.43,1,ROSTER,2025 UFA,2026-10-05
2026,4,0029,17163,1.1,1,ROSTER,2026 ERFA,2026-10-05
2026,4,0029,16734,1.1,2,ROSTER,2024 4.22,2026-10-05
2026,4,0029,15877,1.1,1,ROSTER,2026 ERFA,2026-10-05
2026,4,0029,16604,1.38,2,ROSTER,2024 3.08,2026-10-05
2026,4,0029,14835,15.43,2,ROSTER,2024 B/R,2026-10-05
2026,4,0029,16214,8.94,3,ROSTER,2026 iEXT,2026-10-05
2026,4,0029,15860,1.1,1,ROSTER,2026 R/F,2026-10-05
2026,4,0029,16245,6.5,1,ROSTER,2026 ORFA3,2026-10-05
2026,4,0029,14147,23.13,3,ROSTER,2026 mEXT,2026-10-05
2026,4,0029,17472,11.67,4,ROSTER,2026 1.01,2026-10-05
2026,4,0029,17553,1.52,4,ROSTER,2026 3.01,2026-10-05
2026,4,0029,14138,18.5,2,ROSTER,2025 oEXT,2026-10-05
2026,4,0029,14974,2.0,1,ROSTER,2026 UFA,2026-10-05
2026,4,0029,13208,5.1,1,ROSTER,2026 UFA,2026-10-05
2026,4,0029,16660,1.56,2,ROSTER,2024 2.16,2026-10-05
2026,4,0029,13681,3.75,1,ROSTER,2025 ORFA1,2026-10-05
2026,4,0029,17588,1.25,4,ROSTER,2026 3.13,2026-10-05
2026,4,0029,17241,1.06,3,ROSTER,2025 5.01,2026-10-05
2026,4,0029,17105,1.04,3,ROSTER,2025 5.07,2026-10-05
2026,4,0029,17185,1.03,3,ROSTER,2025 5.20,2026-10-05
2026,4,0029,17172,1.03,3,ROSTER,2025 5.15,2026-10-05
2026,4,0029,17606,1.01,4,ROSTER,2026 5.01,2026-10-05
2026,4,0029,17466,1.13,4,ROSTER,2026 4.02,2026-10-05
2026,4,0029,14472,2.3,1,ROSTER,2026 UFA,2026-10-05
2026,4,0029,17256,0.99,2,ROSTER,2025 UDFA,2026-10-05
2026,4,0029,17668,0.98,4,ROSTER,2026 5.15,2026-10-05
2026,4,0029,17616,0.98,4,ROSTER,2026 5.14,2026-10-05
2026,4,0029,17467,0.98,4,ROSTER,2026 5.13,2026-10-05
2026,4,0029,17636,1.1,1,ROSTER,2026 UFA,2026-10-05
2026,4,0029,17627,1.1,1,ROSTER,2026 UFA,2026-10-05
2026,4,0029,17200,1.1,1,ROSTER,2026 UFA,2026-10-05
2026,4,0029,17574,1.1,1,ROSTER,2026 UFA,2026-10-05
2026,4,0029,16731,1.1,1,ROSTER,2026 UFA,2026-10-05
2026,4,0029,16262,1.1,1,ROSTER,2026 UFA,2026-10-05
2026,4,0029,17082,1.09,3,ROSTER,2025 4.12,2026-10-05
2026,4,0029,17196,1.1,1,ROSTER,2026 UFA,2026-10-05
2026,4,0029,13115,1.1,1,ROSTER,2026 UFA,2026-10-05
2026,4,0029,17612,0.94,3,INJURED_RESERVE,2026 UDFA,2026-10-05
2026,4,0029,17096,1.03,3,INJURED_RESERVE,2025 5.12,2026-10-05
2026,4,0029,17596,0.94,3,INJURED_RESERVE,2026 UDFA,2026-10-05
2026,4,0029,17130,1.1,1,INJURED_RESERVE,2026 R/F,2026-10-05
2026,4,0029,16628,1.19,2,INJURED_RESERVE,2024 4.05,2026-10-05
2026,4,0029,15253,14.48,2,INJURED_RESERVE,2026 oEXT,2026-10-05
2026,4,0029,16639,1.1,1,INJURED_RESERVE,2026 UFA,2026-10-05
2026,4,0030,14836,43.12,3,ROSTER,2024 iEXT,2026-10-05
2026,4,0030,16616,5.43,2,ROSTER,2024 1.05,2026-10-05
2026,4,0030,15835,4.47,2,ROSTER,2025 iEXT,2026-10-05
2026,4,0030,17068,2.56,3,ROSTER,2025 1.16,2026-10-05
2026,4,0030,17144,1.57,3,ROSTER,2025 2.16,2026-10-05
2026,4,0030,17103,1.33,3,ROSTER,2025 3.10,2026-10-05
2026,4,0030,15281,20.61,4,ROSTER,2024 iEXT,2026-10-05
2026,4,0030,13116,41.47,3,ROSTER,2023 oEXT,2026-10-05
2026,4,0030,15391,2.02,4,ROSTER,2026 oEXT,2026-10-05
2026,4,0030,17136,1.46,3,ROSTER,2025 3.04,2026-10-05
2026,4,0030,14221,4.94,2,ROSTER,2026 B/R,2026-10-05
2026,4,0030,17501,4.99,4,ROSTER,2026 1.07,2026-10-05
2026,4,0030,17589,1.92,4,ROSTER,2026 2.08,2026-10-05
2026,4,0030,17506,1.71,4,ROSTER,2026 2.12,2026-10-05
2026,4,0030,16174,5.0,1,ROSTER,2026 UFA,2026-10-05
2026,4,0030,16787,2.47,2,ROSTER,2026 UFA,2026-10-05
2026,4,0030,15853,2.01,2,ROSTER,2026 UFA,2026-10-05
2026,4,0030,13447,2.01,2,ROSTER,2026 UFA,2026-10-05
2026,4,0030,13987,2.0,1,ROSTER,2026 UFA,2026-10-05
2026,4,0030,14164,2.0,1,ROSTER,2026 UFA,2026-10-05
2026,4,0030,16145,2.0,1,ROSTER,2026 UFA,2026-10-05
2026,4,0030,15755,1.1,1,ROSTER,2026 R/F,2026-10-05
2026,4,0030,17505,1.03,4,ROSTER,2026 4.17,2026-10-05
2026,4,0030,17099,0.99,2,ROSTER,2025 UDFA,2026-10-05
2026,4,0030,17570,0.98,4,ROSTER,2026 5.22,2026-10-05
2026,4,0030,16450,1.1,1,ROSTER,2026 ERFA,2026-10-05
2026,4,0030,16572,1.1,1,ROSTER,2026 R/F,2026-10-05
2026,4,0030,16608,1.1,1,ROSTER,2026 UFA,2026-10-05
2026,4,0030,17162,1.1,1,ROSTER,2026 UFA,2026-10-05
2026,4,0030,16786,1.1,1,ROSTER,2026 ERFA,2026-10-05
2026,4,0030,17550,4.13,4,ROSTER,2026 1.09,2026-10-05
2026,4,0030,17160,0.99,2,ROSTER,2025 UDFA,2026-10-05
2026,4,0030,16010,1.1,1,ROSTER,2026 R/F,2026-10-05
2026,4,0030,17628,0.94,3,ROSTER,2026 UDFA,2026-10-05
2026,4,0030,17128,1.19,3,ROSTER,2025 3.21,2026-10-05
2026,4,0030,16896,1.1,1,ROSTER,2026 UFA,2026-10-05
2026,4,0030,17155,0.99,2,ROSTER,2025 UDFA,2026-10-05
2026,4,0030,14907,1.1,1,ROSTER,2026 UFA,2026-10-05
2026,4,0030,16384,2.0,1,ROSTER,2026 UFA,2026-10-05
2026,4,0030,12141,1.1,1,ROSTER,2026 UFA,2026-10-05
2026,4,0030,17603,1.1,1,ROSTER,2026 UFA,2026-10-05
2026,4,0030,10948,2.0,1,ROSTER,2026 UFA,2026-10-05
2026,4,0030,13764,1.1,1,ROSTER,2026 UFA,2026-10-05
2026,4,0030,17193,1.1,1,ROSTER,2026 UFA,2026-10-05
2026,4,0030,15255,1.1,1,ROSTER,2026 UFA,2026-10-05
2026,4,0030,17119,1.09,3,INJURED_RESERVE,2025 4.11,2026-10-05
2026,4,0030,17594,1.0,4,INJURED_RESERVE,2026 5.02,2026-10-05
2026,4,0030,17498,6.27,4,INJURED_RESERVE,2026 1.05,2026-10-05
2026,4,0030,17578,0.94,3,INJURED_RESERVE,2026 UDFA,2026-10-05
2026,4,0030,17032,2.35,3,INJURED_RESERVE,2025 2.02,2026-10-05
2026,4,0031,12611,26.98,2,ROSTER,2024 oEXT,2026-10-05
2026,4,0031,14797,6.56,1,ROSTER,2024 oEXT,2026-10-05
2026,4,0031,16161,10.93,1,ROSTER,2023 1.01,2026-10-05
2026,4,0031,16185,6.09,1,ROSTER,2023 1.05,2026-10-05
2026,4,0031,13690,5.78,3,ROSTER,2026 oEXT,2026-10-05
2026,4,0031,14908,5.88,1,ROSTER,2023 UFA,2026-10-05
2026,4,0031,16581,4.87,2,ROSTER,2024 1.06,2026-10-05
2026,4,0031,13630,24.97,3,ROSTER,2026 oEXT,2026-10-05
2026,4,0031,14921,7.08,1,ROSTER,2024 UFA,2026-10-05
2026,4,0031,15873,2.06,1,ROSTER,2024 UFA,2026-10-05
2026,4,0031,16598,1.11,2,ROSTER,2024 4.18,2026-10-05
2026,4,0031,17112,3.97,3,ROSTER,2025 1.09,2026-10-05
2026,4,0031,17167,1.02,3,ROSTER,2025 5.21,2026-10-05
2026,4,0031,13869,2.05,1,ROSTER,2025 UFA,2026-10-05
2026,4,0031,15404,7.43,2,ROSTER,2025 UFA,2026-10-05
2026,4,0031,15788,2.05,2,ROSTER,2025 UFA,2026-10-05
2026,4,0031,15869,5.15,2,ROSTER,2025 UFA,2026-10-05
2026,4,0031,14157,12.65,1,ROSTER,2025 UFA,2026-10-05
2026,4,0031,15821,7.69,4,ROSTER,2026 oEXT,2026-10-05
2026,4,0031,15923,4.39,1,ROSTER,2025 UFA,2026-10-05
2026,4,0031,15751,29.83,1,ROSTER,2026 5YO,2026-10-05
2026,4,0031,13704,1.1,1,ROSTER,2026 R/F,2026-10-05
2026,4,0031,14904,1.1,1,ROSTER,2026 R/F,2026-10-05
2026,4,0031,15989,1.1,1,ROSTER,2026 R/F,2026-10-05
2026,4,0031,15817,20.26,1,ROSTER,2026 NEFT,2026-10-05
2026,4,0031,14823,5.77,1,ROSTER,2026 SRFA,2026-10-05
2026,4,0031,14954,1.1,1,ROSTER,2026 ERFA,2026-10-05
2026,4,0031,15799,5.77,2,ROSTER,2026 SRFA,2026-10-05
2026,4,0031,14997,1.1,1,ROSTER,2026 ERFA,2026-10-05
2026,4,0031,15387,2.05,1,ROSTER,2025 UFA,2026-10-05
2026,4,0031,17621,0.94,3,ROSTER,2026 UDFA,2026-10-05
2026,4,0031,17665,0.94,3,ROSTER,2026 UDFA,2026-10-05
2026,4,0031,13268,2.1,1,ROSTER,2026 UFA,2026-10-05
2026,4,0031,14669,2.6,1,ROSTER,2026 UFA,2026-10-05
2026,4,0031,15979,2.79,3,ROSTER,2026 UFA,2026-10-05
2026,4,0031,16369,2.01,3,ROSTER,2026 UFA,2026-10-05
2026,4,0031,16663,2.01,2,ROSTER,2026 UFA,2026-10-05
2026,4,0031,15921,2.47,2,ROSTER,2026 UFA,2026-10-05
2026,4,0031,16201,2.01,3,ROSTER,2026 UFA,2026-10-05
2026,4,0031,16287,1.1,1,ROSTER,2026 ERFA,2026-10-05
2026,4,0031,12140,3.2,1,ROSTER,2026 UFA,2026-10-05
2026,4,0031,13700,7.92,2,INJURED_RESERVE,2025 UFA,2026-10-05
2026,4,0031,17502,2.91,4,INJURED_RESERVE,2026 1.14,2026-10-05
2026,4,0031,15361,3.14,1,INJURED_RESERVE,2025 UFA,2026-10-05
2026,4,0031,17115,1.86,3,TAXI_SQUAD,2025 2.09,2026-10-05
2026,4,0032,14322,10.63,2,ROSTER,2024 oEXT,2026-10-05
2026,4,0032,15715,16.87,3,ROSTER,2026 oEXT,2026-10-05
2026,4,0032,15329,10.07,2,ROSTER,2024 iEXT,2026-10-05
2026,4,0032,16239,3.1,1,ROSTER,2023 1.13+,2026-10-05
2026,4,0032,16414,3.92,4,ROSTER,2026 oEXT,2026-10-05
2026,4,0032,12860,1.99,1,ROSTER,2023 iEXT,2026-10-05
2026,4,0032,16627,3.45,2,ROSTER,2024 1.10,2026-10-05
2026,4,0032,16644,1.66,2,ROSTER,2024 2.13,2026-10-05
2026,4,0032,16593,1.39,2,ROSTER,2024 3.07,2026-10-05
2026,4,0032,13431,2.39,1,ROSTER,2024 iEXT,2026-10-05
2026,4,0032,14225,25.29,3,ROSTER,2023 iEXT,2026-10-05
2026,4,0032,16704,1.2,1,ROSTER,2024 4.03,2026-10-05
2026,4,0032,17137,1.64,3,ROSTER,2025 2.14,2026-10-05
2026,4,0032,17052,1.51,3,ROSTER,2025 3.02,2026-10-05
2026,4,0032,17131,1.26,3,ROSTER,2025 3.14,2026-10-05
2026,4,0032,16346,1.1,1,ROSTER,2025 R/F,2026-10-05
2026,4,0032,17174,1.1,1,ROSTER,2026 ERFA,2026-10-05
2026,4,0032,16269,1.1,1,ROSTER,2025 R/F,2026-10-05
2026,4,0032,16455,2.54,1,ROSTER,2025 oEXT,2026-10-05
2026,4,0032,17169,1.1,1,ROSTER,2026 ERFA,2026-10-05
2026,4,0032,14882,20.65,1,ROSTER,2025 oEXT,2026-10-05
2026,4,0032,16657,1.1,1,ROSTER,2026 ERFA,2026-10-05
2026,4,0032,17462,7.14,4,ROSTER,2026 1.04,2026-10-05
2026,4,0032,17586,2.5,4,ROSTER,2026 2.01,2026-10-05
2026,4,0032,17511,2.05,4,ROSTER,2026 2.06,2026-10-05
2026,4,0032,17571,1.39,4,ROSTER,2026 3.06,2026-10-05
2026,4,0032,17481,1.15,4,ROSTER,2026 3.20,2026-10-05
2026,4,0032,17573,1.1,4,ROSTER,2026 4.06,2026-10-05
2026,4,0032,17646,0.98,4,ROSTER,2026 5.21,2026-10-05
2026,4,0032,15812,1.1,1,ROSTER,2026 R/F,2026-10-05
2026,4,0032,15850,5.89,2,ROSTER,2026 UFA,2026-10-05
2026,4,0032,10700,5.1,1,ROSTER,2026 UFA,2026-10-05
2026,4,0032,15241,2.01,2,ROSTER,2026 UFA,2026-10-05
2026,4,0032,16298,1.1,1,ROSTER,2026 UFA,2026-10-05
2026,4,0032,13066,1.1,1,ROSTER,2026 UFA,2026-10-05
2026,4,0032,17504,0.94,3,ROSTER,2026 UDFA,2026-10-05
2026,4,0032,13837,2.1,1,ROSTER,2026 UFA,2026-10-05
2026,4,0032,16729,1.1,1,ROSTER,2026 R/F,2026-10-05
2026,4,0032,15787,1.1,1,ROSTER,2026 UFA,2026-10-05
2026,4,0032,17624,1.1,1,ROSTER,2026 UFA,2026-10-05
2026,4,0032,9064,1.1,1,ROSTER,2026 UFA,2026-10-05
2026,4,0032,16949,1.1,1,ROSTER,2026 UFA,2026-10-05
2026,4,0032,16457,1.1,1,ROSTER,2026 UFA,2026-10-05
2026,4,0032,13759,1.1,1,ROSTER,2026 UFA,2026-10-05
2026,4,0032,17083,2.84,3,INJURED_RESERVE,2025 1.14,2026-10-05
2026,4,0032,15350,11.08,3,INJURED_RESERVE,2024 iEXT,2026-10-05
2026,4,0032,17087,2.06,1,INJURED_RESERVE,2025 UFA,2026-10-05
2026,4,0032,16167,17.85,4,INJURED_RESERVE,2026 iEXT,2026-10-05
2026,4,0032,16184,2.05,1,INJURED_RESERVE,2023 2.07,2026-10-05
