season,week,franchise_id,player_id,salary,contractYear,status,contractInfo,as_of
2025,13,0001,14892,6.96,2,ROSTER,2023 iEXT,2025-11-25
2025,13,0001,13723,7.26,2,ROSTER,2023 SRFA,2025-11-25
2025,13,0001,16226,1.91,2,ROSTER,2023 2.06,2025-11-25
2025,13,0001,14405,9.12,2,ROSTER,2023 iEXT,2025-11-25
2025,13,0001,13590,9.33,1,ROSTER,2021 EXT,2025-11-25
2025,13,0001,15366,6.64,3,ROSTER,2024 B/R,2025-11-25
2025,13,0001,14797,11.88,2,ROSTER,2024 UFA,2025-11-25
2025,13,0001,16627,2.75,3,ROSTER,2024 1.12,2025-11-25
2025,13,0001,16598,1.06,3,ROSTER,2024 4.06,2025-11-25
2025,13,0001,14947,3.56,2,ROSTER,2024 UFA,2025-11-25
2025,13,0001,15806,2.89,1,ROSTER,2022 1.15,2025-11-25
2025,13,0001,12620,30.53,2,ROSTER,2021 EXT,2025-11-25
2025,13,0001,14412,7.59,1,ROSTER,2024 oEXT,2025-11-25
2025,13,0001,16704,1.09,3,ROSTER,2024 4.02,2025-11-25
2025,13,0001,11769,1.0,2,ROSTER,2025 R/F,2025-11-25
2025,13,0001,14893,1.1,1,ROSTER,2024 ERFA,2025-11-25
2025,13,0001,16279,1.1,1,ROSTER,2025 ERFA,2025-11-25
2025,13,0001,13839,15.0,3,ROSTER,2025 RRFA,2025-11-25
2025,13,0001,11222,7.0,1,ROSTER,2025 RRFA,2025-11-25
2025,13,0001,15331,4.12,2,ROSTER,2024 iEXT,2025-11-25
2025,13,0001,17031,1.06,4,ROSTER,2025 4.02,2025-11-25
2025,13,0001,17102,3.33,4,ROSTER,2025 1.10,2025-11-25
2025,13,0001,17148,1.04,4,ROSTER,2025 4.04,2025-11-25
2025,13,0001,17115,1.3,4,ROSTER,2025 3.05,2025-11-25
2025,13,0001,17131,1.17,4,ROSTER,2025 3.13,2025-11-25
2025,13,0001,17072,2.05,4,ROSTER,2025 2.03,2025-11-25
2025,13,0001,13782,1.8,1,ROSTER,2025 UFA,2025-11-25
2025,13,0001,16287,1.8,1,ROSTER,2025 UFA,2025-11-25
2025,13,0001,10266,12.35,2,ROSTER,2025 UFA,2025-11-25
2025,13,0001,15365,8.7,1,ROSTER,2025 UFA,2025-11-25
2025,13,0001,14219,1.8,1,ROSTER,2025 UFA,2025-11-25
2025,13,0001,14170,1.8,1,ROSTER,2025 UFA,2025-11-25
2025,13,0001,15121,1.1,1,ROSTER,2025 UFA,2025-11-25
2025,13,0001,16165,1.34,2,ROSTER,2023 3.07,2025-11-25
2025,13,0001,16757,1.8,1,ROSTER,2025 UFA,2025-11-25
2025,13,0001,15866,1.0,1,ROSTER,2025 UFA,2025-11-25
2025,13,0001,15380,1.0,1,ROSTER,2025 UFA,2025-11-25
2025,13,0001,14888,1.8,1,ROSTER,2025 UFA,2025-11-25
2025,13,0001,16192,1.9,1,ROSTER,2025 UFA,2025-11-25
2025,13,0001,15727,1.0,1,ROSTER,2025 UFA,2025-11-25
2025,13,0001,15358,1.8,1,ROSTER,2025 UFA,2025-11-25
2025,13,0001,16292,1.0,1,ROSTER,2025 UFA,2025-11-25
2025,13,0001,16451,1.8,1,ROSTER,2025 UFA,2025-11-25
2025,13,0001,17097,0.95,4,ROSTER,2025 5.08,2025-11-25
2025,13,0001,12956,1.8,1,TAXI_SQUAD,2025 UFA,2025-11-25
2025,13,0002,14153,14.69,2,ROSTER,2025 oEXT,2025-11-25
2025,13,0002,15794,5.35,1,ROSTER,2022 3.06^,2025-11-25
2025,13,0002,15762,3.23,1,ROSTER,2022 1.13,2025-11-25
2025,13,0002,16262,1.12,2,ROSTER,2023 4.09,2025-11-25
2025,13,0002,15756,5.75,1,ROSTER,2022 1.06,2025-11-25
2025,13,0002,14802,17.6,2,ROSTER,2024 iEXT,2025-11-25
2025,13,0002,14779,15.14,4,ROSTER,2023 iEXT,2025-11-25
2025,13,0002,16251,1.1,2,ROSTER,2023 4.15,2025-11-25
2025,13,0002,14832,37.73,3,ROSTER,2024 NEFToff,2025-11-25
2025,13,0002,12225,11.5,1,ROSTER,2024 B/R,2025-11-25
2025,13,0002,16655,1.42,3,ROSTER,2024 2.16,2025-11-25
2025,13,0002,13837,10.0,2,ROSTER,2024 UFA,2025-11-25
2025,13,0002,14249,7.5,1,ROSTER,2024 UFA,2025-11-25
2025,13,0002,10783,1.1,1,ROSTER,2024 R/F,2025-11-25
2025,13,0002,14897,21.51,3,ROSTER,2024 UFA,2025-11-25
2025,13,0002,13844,1.1,1,ROSTER,2025 ERFA,2025-11-25
2025,13,0002,15428,1.1,1,ROSTER,2025 ERFA,2025-11-25
2025,13,0002,16736,1.0,2,ROSTER,2025 R/F,2025-11-25
2025,13,0002,14669,1.1,1,ROSTER,2025 ERFA,2025-11-25
2025,13,0002,15290,42.24,1,ROSTER,2025 NEFT,2025-11-25
2025,13,0002,17116,0.9,3,ROSTER,2025 UDFA,2025-11-25
2025,13,0002,15979,1.86,3,ROSTER,2025 UFA,2025-11-25
2025,13,0002,15757,1.3,1,ROSTER,2022 3.19,2025-11-25
2025,13,0002,17161,0.9,3,ROSTER,2025 UDFA,2025-11-25
2025,13,0002,17033,1.12,4,ROSTER,2025 3.17,2025-11-25
2025,13,0002,17056,0.95,4,ROSTER,2025 5.07,2025-11-25
2025,13,0002,17138,1.15,4,ROSTER,2025 3.14,2025-11-25
2025,13,0002,16670,0.98,3,ROSTER,2024 5.13,2025-11-25
2025,13,0002,16300,3.0,1,ROSTER,2025 UFA,2025-11-25
2025,13,0002,14283,1.1,1,ROSTER,2024 R/F,2025-11-25
2025,13,0002,14997,2.6,1,ROSTER,2025 UFA,2025-11-25
2025,13,0002,16145,1.0,1,ROSTER,2025 UFA,2025-11-25
2025,13,0002,15378,1.0,1,ROSTER,2025 UFA,2025-11-25
2025,13,0002,15240,1.0,1,ROSTER,2025 UFA,2025-11-25
2025,13,0002,12677,1.0,2,ROSTER,2025 R/F,2025-11-25
2025,13,0002,14154,1.8,1,ROSTER,2025 UFA,2025-11-25
2025,13,0002,16181,1.21,2,ROSTER,2023 3.17,2025-11-25
2025,13,0002,16450,1.9,1,ROSTER,2025 UFA,2025-11-25
2025,13,0002,16680,1.1,1,ROSTER,2025 UFA,2025-11-25
2025,13,0002,13595,2.0,1,ROSTER,2025 UFA,2025-11-25
2025,13,0002,14256,1.0,1,ROSTER,2025 UFA,2025-11-25
2025,13,0002,17261,1.0,1,ROSTER,2025 UFA,2025-11-25
2025,13,0002,12140,1.5,1,ROSTER,2025 UFA,2025-11-25
2025,13,0002,15875,1.8,1,ROSTER,2025 UFA,2025-11-25
2025,13,0002,17239,1.8,1,ROSTER,2025 UFA,2025-11-25
2025,13,0002,15923,3.5,1,INJURED_RESERVE,2025 UFA,2025-11-25
2025,13,0003,15819,1.78,1,ROSTER,2022 2.13,2025-11-25
2025,13,0003,14127,9.12,1,ROSTER,2024 iEXT,2025-11-25
2025,13,0003,15832,5.35,1,ROSTER,2022 4.11^,2025-11-25
2025,13,0003,14171,10.89,2,ROSTER,2024 B/R,2025-11-25
2025,13,0003,15708,11.66,1,ROSTER,2022 1.01,2025-11-25
2025,13,0003,12611,18.7,3,ROSTER,2024 UFA,2025-11-25
2025,13,0003,14071,11.5,1,ROSTER,2024 UFA,2025-11-25
2025,13,0003,16579,7.41,3,ROSTER,2024 1.02,2025-11-25
2025,13,0003,16641,4.02,3,ROSTER,2024 1.07,2025-11-25
2025,13,0003,16650,1.86,3,ROSTER,2024 2.05,2025-11-25
2025,13,0003,13223,2.32,1,ROSTER,2024 iEXT,2025-11-25
2025,13,0003,13630,20.33,1,ROSTER,2024 iEXT,2025-11-25
2025,13,0003,15809,2.24,1,ROSTER,2022 2.05,2025-11-25
2025,13,0003,15836,1.25,1,ROSTER,2022 4.01,2025-11-25
2025,13,0003,13737,8.87,1,ROSTER,2025 NEFT,2025-11-25
2025,13,0003,14860,1.1,1,ROSTER,2025 ERFA,2025-11-25
2025,13,0003,13869,1.09,1,ROSTER,2025 ERFA,2025-11-25
2025,13,0003,14833,8.8,4,ROSTER,2025 ORFA1,2025-11-25
2025,13,0003,17081,2.58,4,ROSTER,2025 1.14,2025-11-25
2025,13,0003,17052,1.64,4,ROSTER,2025 2.10,2025-11-25
2025,13,0003,17144,1.46,4,ROSTER,2025 2.15,2025-11-25
2025,13,0003,14218,5.89,2,ROSTER,2025 UFA,2025-11-25
2025,13,0003,15003,1.8,1,ROSTER,2025 UFA,2025-11-25
2025,13,0003,16593,1.35,3,ROSTER,2024 3.03,2025-11-25
2025,13,0003,16660,1.21,3,ROSTER,2024 3.11,2025-11-25
2025,13,0003,16252,1.2,2,ROSTER,2023 3.18,2025-11-25
2025,13,0003,17125,1.18,4,ROSTER,2025 3.12,2025-11-25
2025,13,0003,16603,1.07,3,ROSTER,2024 4.05,2025-11-25
2025,13,0003,15799,1.09,1,ROSTER,2025 ERFA,2025-11-25
2025,13,0003,17128,1.07,4,ROSTER,2025 4.01,2025-11-25
2025,13,0003,13744,1.1,1,ROSTER,2025 UFA,2025-11-25
2025,13,0003,14717,1.8,1,ROSTER,2025 UFA,2025-11-25
2025,13,0003,16077,1.9,1,ROSTER,2025 UFA,2025-11-25
2025,13,0003,15446,1.9,1,ROSTER,2025 UFA,2025-11-25
2025,13,0003,15401,1.0,1,ROSTER,2025 UFA,2025-11-25
2025,13,0003,15742,5.71,1,ROSTER,2023 iEXT,2025-11-25
2025,13,0003,16212,2.53,2,ROSTER,2023 1.15,2025-11-25
2025,13,0003,16705,1.0,1,ROSTER,2025 UFA,2025-11-25
2025,13,0003,13952,5.13,2,ROSTER,2025 UFA,2025-11-25
2025,13,0003,13448,3.6,1,ROSTER,2025 UFA,2025-11-25
2025,13,0003,14159,14.4,2,ROSTER,2023 UFA,2025-11-25
2025,13,0003,13920,2.6,1,ROSTER,2025 UFA,2025-11-25
2025,13,0003,16184,1.59,2,INJURED_RESERVE,2023 2.13,2025-11-25
2025,13,0003,14147,19.36,3,INJURED_RESERVE,2023 UFA,2025-11-25
2025,13,0003,14900,9.5,2,INJURED_RESERVE,2025 B/R,2025-11-25
2025,13,0003,14179,7.22,2,INJURED_RESERVE,2024 iEXT,2025-11-25
2025,13,0004,14782,10.48,2,ROSTER,2023 iEXT,2025-11-25
2025,13,0004,14149,3.0,2,ROSTER,2024 iEXT,2025-11-25
2025,13,0004,16190,3.45,2,ROSTER,2023 1.10,2025-11-25
2025,13,0004,16223,3.21,2,ROSTER,2023 1.11,2025-11-25
2025,13,0004,14518,2.73,1,ROSTER,2023 UFA,2025-11-25
2025,13,0004,14836,41.25,3,ROSTER,2024 NEFToff,2025-11-25
2025,13,0004,9431,12.89,2,ROSTER,2024 SRFA,2025-11-25
2025,13,0004,16651,2.15,3,ROSTER,2024 2.01,2025-11-25
2025,13,0004,16677,1.18,3,ROSTER,2024 3.13,2025-11-25
2025,13,0004,13692,2.97,2,ROSTER,2024 UFA,2025-11-25
2025,13,0004,14910,3.25,1,ROSTER,2024 UFA,2025-11-25
2025,13,0004,16747,1.01,3,ROSTER,2024 4.16,2025-11-25
2025,13,0004,15281,42.24,1,ROSTER,2025 NEFT,2025-11-25
2025,13,0004,15710,7.46,4,ROSTER,2025 FRFA,2025-11-25
2025,13,0004,14590,1.09,1,ROSTER,2025 ERFA,2025-11-25
2025,13,0004,14943,1.1,1,ROSTER,2025 ERFA,2025-11-25
2025,13,0004,16346,1.1,1,ROSTER,2025 ERFA,2025-11-25
2025,13,0004,11150,7.6,2,ROSTER,2025 B/R,2025-11-25
2025,13,0004,14899,1.1,1,ROSTER,2024 R/F,2025-11-25
2025,13,0004,17121,2.33,4,ROSTER,2025 1.16,2025-11-25
2025,13,0004,17078,1.98,4,ROSTER,2025 2.04,2025-11-25
2025,13,0004,16213,4.47,2,ROSTER,2023 1.07,2025-11-25
2025,13,0004,12711,1.0,1,ROSTER,2025 R/F,2025-11-25
2025,13,0004,17047,1.11,4,ROSTER,2025 3.18,2025-11-25
2025,13,0004,17037,0.97,4,ROSTER,2025 4.19,2025-11-25
2025,13,0004,17241,0.9,3,ROSTER,2025 UDFA,2025-11-25
2025,13,0004,17167,0.9,3,ROSTER,2025 UDFA,2025-11-25
2025,13,0004,11936,1.9,2,ROSTER,2025 UFA,2025-11-25
2025,13,0004,15387,1.8,1,ROSTER,2025 UFA,2025-11-25
2025,13,0004,15362,1.8,1,ROSTER,2025 UFA,2025-11-25
2025,13,0004,15868,2.1,1,ROSTER,2025 UFA,2025-11-25
2025,13,0004,17256,0.9,3,ROSTER,2025 UDFA,2025-11-25
2025,13,0004,17186,0.9,3,ROSTER,2025 UDFA,2025-11-25
2025,13,0004,16767,1.0,1,ROSTER,2025 UFA,2025-11-25
2025,13,0004,12754,3.1,1,ROSTER,2025 UFA,2025-11-25
2025,13,0004,15857,1.0,1,ROSTER,2025 UFA,2025-11-25
2025,13,0004,13299,24.75,2,ROSTER,2024 UFA,2025-11-25
2025,13,0004,16734,1.0,3,ROSTER,2024 4.19,2025-11-25
2025,13,0004,16572,2.1,1,ROSTER,2025 UFA,2025-11-25
2025,13,0004,16663,1.8,1,ROSTER,2025 UFA,2025-11-25
2025,13,0004,16201,1.8,1,ROSTER,2025 UFA,2025-11-25
2025,13,0004,12658,1.0,1,ROSTER,2025 UFA,2025-11-25
2025,13,0004,16597,2.46,3,INJURED_RESERVE,2024 1.14,2025-11-25
2025,13,0004,17113,1.49,4,INJURED_RESERVE,2025 2.14,2025-11-25
2025,13,0004,15753,10.5,5,INJURED_RESERVE,2025 iEXT,2025-11-25
2025,13,0004,16227,1.9,1,INJURED_RESERVE,2025 UFA,2025-11-25
2025,13,0004,16731,1.0,1,TAXI_SQUAD,2025 UFA,2025-11-25
2025,13,0005,15808,3.55,5,ROSTER,2025 iEXT,2025-11-25
2025,13,0005,13742,5.2,1,ROSTER,2023 SRFA,2025-11-25
2025,13,0005,16189,1.64,2,ROSTER,2023 2.12,2025-11-25
2025,13,0005,14322,5.38,1,ROSTER,2024 SRFA,2025-11-25
2025,13,0005,16610,1.57,3,ROSTER,2024 2.11,2025-11-25
2025,13,0005,14163,18.57,3,ROSTER,2025 iEXT,2025-11-25
2025,13,0005,16716,1.13,3,ROSTER,2024 3.18,2025-11-25
2025,13,0005,16206,1.1,1,ROSTER,2023 4.14,2025-11-25
2025,13,0005,15754,6.66,6,ROSTER,2025 iEXT,2025-11-25
2025,13,0005,12626,26.48,1,ROSTER,2025 NEFT,2025-11-25
2025,13,0005,14109,34.11,3,ROSTER,2025 B/R,2025-11-25
2025,13,0005,17104,3.93,4,ROSTER,2025 1.08,2025-11-25
2025,13,0005,13116,37.71,4,ROSTER,2023 oEXT,2025-11-25
2025,13,0005,17039,1.23,4,ROSTER,2025 3.09,2025-11-25
2025,13,0005,14630,1.86,2,ROSTER,2025 UFA,2025-11-25
2025,13,0005,12752,3.8,2,ROSTER,2025 UFA,2025-11-25
2025,13,0005,15418,5.7,2,ROSTER,2025 UFA,2025-11-25
2025,13,0005,13671,12.5,1,ROSTER,2025 UFA,2025-11-25
2025,13,0005,14940,6.37,3,ROSTER,2022 oEXT,2025-11-25
2025,13,0005,15292,1.0,2,ROSTER,2025 R/F,2025-11-25
2025,13,0005,16282,0.98,1,ROSTER,2023 UDFA,2025-11-25
2025,13,0005,16276,1.2,2,ROSTER,2023 3.19,2025-11-25
2025,13,0005,17153,1.01,4,ROSTER,2025 4.09,2025-11-25
2025,13,0005,17184,0.9,3,ROSTER,2025 UDFA,2025-11-25
2025,13,0005,17055,1.04,4,ROSTER,2025 4.05,2025-11-25
2025,13,0005,13713,1.1,1,ROSTER,2025 ERFA,2025-11-25
2025,13,0005,16662,1.02,2,ROSTER,2024 4.15,2025-11-25
2025,13,0005,17086,1.13,4,ROSTER,2025 3.16,2025-11-25
2025,13,0005,14823,1.8,1,ROSTER,2025 UFA,2025-11-25
2025,13,0005,16194,2.05,2,ROSTER,2023 2.04,2025-11-25
2025,13,0005,16702,1.0,1,ROSTER,2025 UFA,2025-11-25
2025,13,0005,14251,10.0,1,ROSTER,2025 RRFA,2025-11-25
2025,13,0005,8930,1.0,1,ROSTER,2025 UFA,2025-11-25
2025,13,0005,11383,1.0,1,ROSTER,2025 UFA,2025-11-25
2025,13,0005,16342,1.8,1,ROSTER,2025 UFA,2025-11-25
2025,13,0005,15933,1.8,1,ROSTER,2025 UFA,2025-11-25
2025,13,0005,16014,1.9,1,ROSTER,2025 UFA,2025-11-25
2025,13,0005,17178,1.0,1,ROSTER,2025 UFA,2025-11-25
2025,13,0005,13774,1.8,1,ROSTER,2025 UFA,2025-11-25
2025,13,0005,15177,1.8,1,ROSTER,2025 UFA,2025-11-25
2025,13,0005,16695,1.8,1,ROSTER,2025 UFA,2025-11-25
2025,13,0005,11945,1.0,1,ROSTER,2025 UFA,2025-11-25
2025,13,0005,16788,1.8,1,ROSTER,2025 UFA,2025-11-25
2025,13,0005,16604,1.29,3,INJURED_RESERVE,2024 3.06,2025-11-25
2025,13,0005,16171,2.13,2,INJURED_RESERVE,2023 2.03,2025-11-25
2025,13,0005,17045,1.69,4,INJURED_RESERVE,2025 2.09,2025-11-25
2025,13,0005,17074,7.03,4,INJURED_RESERVE,2025 1.03,2025-11-25
2025,13,0005,12772,1.0,2,INJURED_RESERVE,2025 R/F,2025-11-25
2025,13,0005,13629,2.4,1,INJURED_RESERVE,2025 UFA,2025-11-25
2025,13,0005,13697,3.09,2,INJURED_RESERVE,2023 UFA,2025-11-25
2025,13,0005,15089,1.0,1,TAXI_SQUAD,2025 UFA,2025-11-25
2025,13,0006,14783,23.52,5,ROSTER,2024 iEXT,2025-11-25
2025,13,0006,15282,18.66,4,ROSTER,2024 iEXT,2025-11-25
2025,13,0006,15715,12.48,2,ROSTER,2025 iEXT,2025-11-25
2025,13,0006,15846,5.18,3,ROSTER,2025 iEXT,2025-11-25
2025,13,0006,15871,5.35,1,ROSTER,2022 5.02^,2025-11-25
2025,13,0006,14921,5.2,2,ROSTER,2023 SRFA,2025-11-25
2025,13,0006,16330,1.04,2,ROSTER,2023 5.18,2025-11-25
2025,13,0006,15761,7.25,4,ROSTER,2025 iEXT,2025-11-25
2025,13,0006,14225,24.24,4,ROSTER,2024 iEXT,2025-11-25
2025,13,0006,14889,3.14,1,ROSTER,2024 UFA,2025-11-25
2025,13,0006,15452,5.38,2,ROSTER,2024 SRFA,2025-11-25
2025,13,0006,16649,1.17,3,ROSTER,2024 3.14,2025-11-25
2025,13,0006,13268,3.41,1,ROSTER,2025 ORFA4,2025-11-25
2025,13,0006,11247,1.1,1,ROSTER,2025 ERFA,2025-11-25
2025,13,0006,17071,6.11,4,ROSTER,2025 1.04,2025-11-25
2025,13,0006,17134,1.79,4,ROSTER,2025 2.07,2025-11-25
2025,13,0006,17107,1.6,4,ROSTER,2025 2.11,2025-11-25
2025,13,0006,17146,0.99,4,ROSTER,2025 4.14,2025-11-25
2025,13,0006,17059,0.95,4,ROSTER,2025 5.09,2025-11-25
2025,13,0006,17064,0.96,4,ROSTER,2025 5.02,2025-11-25
2025,13,0006,16193,3.5,1,ROSTER,2025 UFA,2025-11-25
2025,13,0006,13633,5.0,1,ROSTER,2025 UFA,2025-11-25
2025,13,0006,15777,2.38,2,ROSTER,2025 UFA,2025-11-25
2025,13,0006,13681,9.2,1,ROSTER,2025 UFA,2025-11-25
2025,13,0006,15702,1.0,2,ROSTER,2025 R/F,2025-11-25
2025,13,0006,16654,1.0,3,ROSTER,2024 4.23,2025-11-25
2025,13,0006,15989,1.1,1,ROSTER,2025 UFA,2025-11-25
2025,13,0006,14918,1.0,1,ROSTER,2025 UFA,2025-11-25
2025,13,0006,12218,1.0,1,ROSTER,2025 UFA,2025-11-25
2025,13,0006,13418,1.9,1,ROSTER,2025 UFA,2025-11-25
2025,13,0006,15864,3.59,3,ROSTER,2025 iEXT,2025-11-25
2025,13,0006,17220,1.1,1,ROSTER,2025 UFA,2025-11-25
2025,13,0006,15390,1.87,3,ROSTER,2024 iEXT,2025-11-25
2025,13,0006,12744,1.0,1,ROSTER,2025 UFA,2025-11-25
2025,13,0006,16281,1.06,2,ROSTER,2023 5.10,2025-11-25
2025,13,0006,15388,1.0,1,ROSTER,2025 UFA,2025-11-25
2025,13,0006,7836,10.0,1,ROSTER,2025 UFA,2025-11-25
2025,13,0006,15833,1.0,1,ROSTER,2025 UFA,2025-11-25
2025,13,0006,16197,2.41,2,ROSTER,2023 1.16,2025-11-25
2025,13,0006,14080,1.0,1,ROSTER,2025 UFA,2025-11-25
2025,13,0006,16283,4.7,2,ROSTER,2024 iEXT,2025-11-25
2025,13,0006,17036,0.96,4,ROSTER,2025 5.04,2025-11-25
2025,13,0006,13263,1.0,1,ROSTER,2025 UFA,2025-11-25
2025,13,0006,17334,1.0,1,ROSTER,2025 UFA,2025-11-25
2025,13,0006,14840,20.57,4,INJURED_RESERVE,2023 iEXT,2025-11-25
2025,13,0006,16594,2.24,3,INJURED_RESERVE,2024 1.16,2025-11-25
2025,13,0006,17152,0.9,3,INJURED_RESERVE,2025 UDFA,2025-11-25
2025,13,0007,15284,14.87,5,ROSTER,2025 oEXT,2025-11-25
2025,13,0007,15711,8.42,1,ROSTER,2022 1.03,2025-11-25
2025,13,0007,15329,8.54,5,ROSTER,2024 iEXT,2025-11-25
2025,13,0007,16161,8.38,2,ROSTER,2023 1.02,2025-11-25
2025,13,0007,16230,1.45,2,ROSTER,2023 3.02,2025-11-25
2025,13,0007,16244,1.18,2,ROSTER,2023 4.02,2025-11-25
2025,13,0007,14472,1.1,1,ROSTER,2024 R/F,2025-11-25
2025,13,0007,16614,8.79,3,ROSTER,2024 1.01,2025-11-25
2025,13,0007,16692,1.4,3,ROSTER,2024 3.01,2025-11-25
2025,13,0007,16303,3.2,1,ROSTER,2025 oEXT,2025-11-25
2025,13,0007,16080,5.42,3,ROSTER,2025 oEXT,2025-11-25
2025,13,0007,16432,1.1,1,ROSTER,2025 ERFA,2025-11-25
2025,13,0007,12217,1.1,1,ROSTER,2025 ERFA,2025-11-25
2025,13,0007,15869,1.09,1,ROSTER,2025 ERFA,2025-11-25
2025,13,0007,17137,1.74,4,ROSTER,2025 2.08,2025-11-25
2025,13,0007,17135,1.26,4,ROSTER,2025 3.07,2025-11-25
2025,13,0007,17159,1.05,4,ROSTER,2025 4.03,2025-11-25
2025,13,0007,17099,0.95,4,ROSTER,2025 5.10,2025-11-25
2025,13,0007,17185,0.9,3,ROSTER,2025 UDFA,2025-11-25
2025,13,0007,17181,0.9,3,ROSTER,2025 UDFA,2025-11-25
2025,13,0007,12860,1.8,1,ROSTER,2025 UFA,2025-11-25
2025,13,0007,13635,20.24,2,ROSTER,2025 UFA,2025-11-25
2025,13,0007,15361,3.0,1,ROSTER,2025 UFA,2025-11-25
2025,13,0007,12741,5.13,2,ROSTER,2025 UFA,2025-11-25
2025,13,0007,15355,6.75,2,ROSTER,2025 UFA,2025-11-25
2025,13,0007,15445,4.0,1,ROSTER,2025 UFA,2025-11-25
2025,13,0007,16729,3.04,2,ROSTER,2025 UFA,2025-11-25
2025,13,0007,10703,10.1,1,ROSTER,2025 UFA,2025-11-25
2025,13,0007,15349,8.55,2,ROSTER,2025 UFA,2025-11-25
2025,13,0007,16719,4.59,3,ROSTER,2025 UFA,2025-11-25
2025,13,0007,15288,2.0,1,ROSTER,2025 UFA,2025-11-25
2025,13,0007,12782,2.1,1,ROSTER,2025 UFA,2025-11-25
2025,13,0007,14168,2.6,1,ROSTER,2025 UFA,2025-11-25
2025,13,0007,14207,1.9,1,ROSTER,2025 UFA,2025-11-25
2025,13,0007,16294,6.6,1,ROSTER,2025 UFA,2025-11-25
2025,13,0007,15884,1.8,1,ROSTER,2025 UFA,2025-11-25
2025,13,0007,15402,1.0,1,ROSTER,2025 UFA,2025-11-25
2025,13,0007,12616,1.0,1,ROSTER,2025 UFA,2025-11-25
2025,13,0007,16010,1.0,1,ROSTER,2025 UFA,2025-11-25
2025,13,0007,10313,2.1,1,ROSTER,2025 UFA,2025-11-25
2025,13,0007,13354,1.0,1,ROSTER,2025 UFA,2025-11-25
2025,13,0007,16682,1.0,1,ROSTER,2025 UFA,2025-11-25
2025,13,0007,15396,2.05,1,ROSTER,2024 oEXT,2025-11-25
2025,13,0007,17267,0.9,3,INJURED_RESERVE,2025 UDFA,2025-11-25
2025,13,0007,15385,2.2,3,INJURED_RESERVE,2025 oEXT,2025-11-25
2025,13,0007,14056,22.18,3,INJURED_RESERVE,2025 oEXT,2025-11-25
2025,13,0007,17098,1.01,4,INJURED_RESERVE,2025 4.10,2025-11-25
2025,13,0007,15391,4.55,2,INJURED_RESERVE,2024 UFA,2025-11-25
2025,13,0008,15346,11.52,2,ROSTER,2024 iEXT,2025-11-25
2025,13,0008,15817,13.96,4,ROSTER,2025 iEXT,2025-11-25
2025,13,0008,16187,1.8,2,ROSTER,2023 2.08,2025-11-25
2025,13,0008,16414,1.81,1,ROSTER,2023 iEXT,2025-11-25
2025,13,0008,15860,1.18,1,ROSTER,2022 4.14,2025-11-25
2025,13,0008,16689,1.8,3,ROSTER,2024 2.06,2025-11-25
2025,13,0008,15350,9.02,4,ROSTER,2024 iEXT,2025-11-25
2025,13,0008,14909,14.03,3,ROSTER,2024 UFA,2025-11-25
2025,13,0008,13592,22.71,3,ROSTER,2025 iEXT,2025-11-25
2025,13,0008,16671,1.03,3,ROSTER,2024 4.10,2025-11-25
2025,13,0008,16675,1.13,3,ROSTER,2024 3.17,2025-11-25
2025,13,0008,15861,5.39,3,ROSTER,2024 iEXT,2025-11-25
2025,13,0008,16383,0.98,1,ROSTER,2023 UDFA,2025-11-25
2025,13,0008,16679,1.25,3,ROSTER,2024 3.08,2025-11-25
2025,13,0008,10292,1.0,2,ROSTER,2025 R/F,2025-11-25
2025,13,0008,15081,1.1,1,ROSTER,2025 ERFA,2025-11-25
2025,13,0008,15256,5.5,1,ROSTER,2025 UFA,2025-11-25
2025,13,0008,13470,4.3,1,ROSTER,2025 UFA,2025-11-25
2025,13,0008,14137,2.0,1,ROSTER,2025 UFA,2025-11-25
2025,13,0008,14858,1.1,1,ROSTER,2025 UFA,2025-11-25
2025,13,0008,16013,1.0,2,ROSTER,2025 R/F,2025-11-25
2025,13,0008,16369,1.0,2,ROSTER,2025 R/F,2025-11-25
2025,13,0008,13810,1.0,1,ROSTER,2025 UFA,2025-11-25
2025,13,0008,15921,1.0,2,ROSTER,2025 R/F,2025-11-25
2025,13,0008,14235,1.8,1,ROSTER,2025 UFA,2025-11-25
2025,13,0008,14086,1.8,1,ROSTER,2025 UFA,2025-11-25
2025,13,0008,15255,2.0,1,ROSTER,2025 UFA,2025-11-25
2025,13,0008,15375,1.0,1,ROSTER,2025 UFA,2025-11-25
2025,13,0008,15786,1.0,1,ROSTER,2025 UFA,2025-11-25
2025,13,0008,14059,6.0,1,ROSTER,2025 UFA,2025-11-25
2025,13,0008,13447,1.8,1,ROSTER,2025 UFA,2025-11-25
2025,13,0008,13813,14.52,1,ROSTER,2023 SRFA,2025-11-25
2025,13,0008,16452,1.0,1,ROSTER,2025 UFA,2025-11-25
2025,13,0008,13289,1.9,1,ROSTER,2025 UFA,2025-11-25
2025,13,0008,16207,1.0,1,ROSTER,2025 UFA,2025-11-25
2025,13,0008,17046,1.02,4,ROSTER,2025 4.08,2025-11-25
2025,13,0008,14903,1.0,1,ROSTER,2025 UFA,2025-11-25
2025,13,0008,14924,1.0,1,ROSTER,2025 UFA,2025-11-25
2025,13,0008,15499,1.0,1,ROSTER,2025 UFA,2025-11-25
2025,13,0008,15859,1.0,1,ROSTER,2025 UFA,2025-11-25
2025,13,0008,16204,1.23,2,INJURED_RESERVE,2023 3.15,2025-11-25
2025,13,0008,17231,0.9,3,INJURED_RESERVE,2025 UDFA,2025-11-25
2025,13,0008,17151,0.97,4,INJURED_RESERVE,2025 5.01,2025-11-25
2025,13,0008,13806,7.0,3,INJURED_RESERVE,2025 RRFA,2025-11-25
2025,13,0008,16214,2.82,2,INJURED_RESERVE,2023 1.13,2025-11-25
2025,13,0009,13189,10.45,2,ROSTER,2024 oEXT,2025-11-25
2025,13,0009,15238,9.74,5,ROSTER,2024 iEXT,2025-11-25
2025,13,0009,16221,3.73,5,ROSTER,2024 iEXT,2025-11-25
2025,13,0009,14162,16.34,1,ROSTER,2022 iEXT,2025-11-25
2025,13,0009,15721,3.41,2,ROSTER,2025 ORFA3,2025-11-25
2025,13,0009,16582,1.54,3,ROSTER,2024 2.12,2025-11-25
2025,13,0009,17083,2.9,4,ROSTER,2025 1.12,2025-11-25
2025,13,0009,17122,1.56,4,ROSTER,2025 2.12,2025-11-25
2025,13,0009,17120,1.43,4,ROSTER,2025 2.16,2025-11-25
2025,13,0009,17080,1.33,4,ROSTER,2025 3.04,2025-11-25
2025,13,0009,17108,1.25,4,ROSTER,2025 3.08,2025-11-25
2025,13,0009,17157,1.21,4,ROSTER,2025 3.10,2025-11-25
2025,13,0009,17060,0.98,4,ROSTER,2025 4.17,2025-11-25
2025,13,0009,16703,0.94,2,ROSTER,2024 UDFA,2025-11-25
2025,13,0009,13610,2.7,1,ROSTER,2025 UFA,2025-11-25
2025,13,0009,17155,0.94,4,ROSTER,2025 5.21,2025-11-25
2025,13,0009,15779,4.82,5,ROSTER,2024 iEXT,2025-11-25
2025,13,0009,17082,1.08,4,ROSTER,2025 3.21,2025-11-25
2025,13,0009,14105,11.98,1,ROSTER,2023 UFA,2025-11-25
2025,13,0009,13164,15.84,2,ROSTER,2024 UFA,2025-11-25
2025,13,0009,12735,5.15,2,ROSTER,2024 UFA,2025-11-25
2025,13,0009,16927,1.0,1,ROSTER,2025 UFA,2025-11-25
2025,13,0009,15405,1.9,1,ROSTER,2025 UFA,2025-11-25
2025,13,0009,14210,6.6,1,ROSTER,2025 UFA,2025-11-25
2025,13,0009,16799,1.8,1,ROSTER,2025 UFA,2025-11-25
2025,13,0009,17171,1.0,1,ROSTER,2025 UFA,2025-11-25
2025,13,0009,16240,1.0,1,ROSTER,2025 UFA,2025-11-25
2025,13,0009,16693,1.12,3,ROSTER,2024 3.19,2025-11-25
2025,13,0009,16584,4.43,3,ROSTER,2024 1.06,2025-11-25
2025,13,0009,14247,5.51,2,ROSTER,2025 UFA,2025-11-25
2025,13,0009,14982,1.9,1,ROSTER,2025 UFA,2025-11-25
2025,13,0009,16102,1.8,1,ROSTER,2025 UFA,2025-11-25
2025,13,0009,13208,12.6,1,ROSTER,2025 UFA,2025-11-25
2025,13,0009,16384,1.0,1,ROSTER,2025 UFA,2025-11-25
2025,13,0009,17214,1.0,1,ROSTER,2025 UFA,2025-11-25
2025,13,0009,14227,1.0,1,ROSTER,2025 UFA,2025-11-25
2025,13,0009,16018,1.0,1,ROSTER,2025 UFA,2025-11-25
2025,13,0009,15261,8.68,1,ROSTER,2025 oEXT,2025-11-25
2025,13,0009,12437,1.0,1,ROSTER,2025 UFA,2025-11-25
2025,13,0009,13888,1.9,1,ROSTER,2025 UFA,2025-11-25
2025,13,0009,15622,1.0,1,ROSTER,2025 UFA,2025-11-25
2025,13,0009,16492,1.0,1,ROSTER,2025 UFA,2025-11-25
2025,13,0009,13715,1.0,1,ROSTER,2025 UFA,2025-11-25
2025,13,0009,16216,1.0,1,ROSTER,2025 UFA,2025-11-25
2025,13,0009,15259,1.9,1,ROSTER,2025 UFA,2025-11-25
2025,13,0009,17063,0.97,4,INJURED_RESERVE,2025 4.18,2025-11-25
2025,13,0009,16596,1.14,3,INJURED_RESERVE,2024 3.16,2025-11-25
2025,13,0009,12801,5.0,1,INJURED_RESERVE,2025 UFA,2025-11-25
2025,13,0009,16152,9.94,2,INJURED_RESERVE,2023 1.01,2025-11-25
2025,13,0009,16635,3.72,5,INJURED_RESERVE,2025 iEXT,2025-11-25
2025,13,0010,13589,24.76,2,ROSTER,2021 EXT,2025-11-25
2025,13,0010,14907,2.71,2,ROSTER,2024 iEXT,2025-11-25
2025,13,0010,15822,3.05,1,ROSTER,2022 1.14,2025-11-25
2025,13,0010,15768,2.63,1,ROSTER,2022 2.01,2025-11-25
2025,13,0010,15815,5.35,1,ROSTER,2022 2.04^,2025-11-25
2025,13,0010,16263,1.67,2,ROSTER,2023 2.11,2025-11-25
2025,13,0010,16185,4.95,2,ROSTER,2023 1.06,2025-11-25
2025,13,0010,16620,4.94,3,ROSTER,2024 1.05,2025-11-25
2025,13,0010,16639,2.07,3,ROSTER,2024 2.02,2025-11-25
2025,13,0010,16626,1.91,3,ROSTER,2024 2.04,2025-11-25
2025,13,0010,14927,2.09,1,ROSTER,2024 UFA,2025-11-25
2025,13,0010,13198,17.82,2,ROSTER,2024 UFA,2025-11-25
2025,13,0010,12739,4.75,2,ROSTER,2024 UFA,2025-11-25
2025,13,0010,14073,18.81,1,ROSTER,2024 UFA,2025-11-25
2025,13,0010,16619,1.38,3,ROSTER,2024 3.02,2025-11-25
2025,13,0010,15352,2.64,2,ROSTER,2025 oEXT,2025-11-25
2025,13,0010,15798,3.87,5,ROSTER,2024 iEXT,2025-11-25
2025,13,0010,15913,1.1,1,ROSTER,2024 R/F,2025-11-25
2025,13,0010,16344,1.85,2,ROSTER,2025 oEXT,2025-11-25
2025,13,0010,16178,5.5,2,ROSTER,2024 RRFA,2025-11-25
2025,13,0010,16870,1.87,3,ROSTER,2025 oEXT,2025-11-25
2025,13,0010,12676,6.35,1,ROSTER,2025 oEXT,2025-11-25
2025,13,0010,14136,14.08,2,ROSTER,2025 ORFA2,2025-11-25
2025,13,0010,15749,5.35,2,ROSTER,2025 SRFA,2025-11-25
2025,13,0010,12305,5.5,1,ROSTER,2025 B/R,2025-11-25
2025,13,0010,17051,4.32,4,ROSTER,2025 1.07,2025-11-25
2025,13,0010,17075,2.72,4,ROSTER,2025 1.13,2025-11-25
2025,13,0010,17103,1.37,4,ROSTER,2025 3.02,2025-11-25
2025,13,0010,12221,9.5,2,ROSTER,2025 UFA,2025-11-25
2025,13,0010,14224,7.22,2,ROSTER,2025 UFA,2025-11-25
2025,13,0010,13764,3.87,3,ROSTER,2025 UFA,2025-11-25
2025,13,0010,8851,1.0,2,ROSTER,2025 R/F,2025-11-25
2025,13,0010,17172,0.9,3,ROSTER,2025 UDFA,2025-11-25
2025,13,0010,16684,0.99,3,ROSTER,2024 5.04,2025-11-25
2025,13,0010,15904,4.8,1,ROSTER,2025 UFA,2025-11-25
2025,13,0010,17174,1.0,1,ROSTER,2025 UFA,2025-11-25
2025,13,0010,16725,0.94,2,ROSTER,2024 UDFA,2025-11-25
2025,13,0010,15051,1.0,1,ROSTER,2025 UFA,2025-11-25
2025,13,0010,14221,5.23,2,ROSTER,2025 UFA,2025-11-25
2025,13,0010,13710,1.8,1,ROSTER,2025 UFA,2025-11-25
2025,13,0010,17165,1.0,1,ROSTER,2025 UFA,2025-11-25
2025,13,0010,14928,2.1,1,ROSTER,2025 UFA,2025-11-25
2025,13,0010,13226,1.0,1,ROSTER,2025 UFA,2025-11-25
2025,13,0010,9051,7.0,1,ROSTER,2025 RRFA,2025-11-25
2025,13,0010,16225,1.11,2,ROSTER,2023 4.12,2025-11-25
2025,13,0010,16738,1.1,1,INJURED_RESERVE,2025 ERFA,2025-11-25
2025,13,0010,16640,0.98,3,INJURED_RESERVE,2024 5.10,2025-11-25
2025,13,0010,17166,0.9,3,INJURED_RESERVE,2025 UDFA,2025-11-25
2025,13,0010,14158,6.48,3,INJURED_RESERVE,2025 UFA,2025-11-25
2025,13,0010,12698,1.0,2,INJURED_RESERVE,2025 R/F,2025-11-25
2025,13,0011,14835,17.35,3,ROSTER,2023 iEXT,2025-11-25
2025,13,0011,13772,7.44,2,ROSTER,2024 iEXT,2025-11-25
2025,13,0011,15404,3.41,3,ROSTER,2023 iEXT,2025-11-25
2025,13,0011,14102,12.11,2,ROSTER,2022 iEXT,2025-11-25
2025,13,0011,13284,5.45,3,ROSTER,2024 oEXT,2025-11-25
2025,13,0011,16169,2.31,2,ROSTER,2023 2.01,2025-11-25
2025,13,0011,16266,3.19,5,ROSTER,2025 iEXT,2025-11-25
2025,13,0011,16235,2.83,5,ROSTER,2025 iEXT,2025-11-25
2025,13,0011,15001,2.62,3,ROSTER,2024 oEXT,2025-11-25
2025,13,0011,15751,17.41,5,ROSTER,2025 iEXT,2025-11-25
2025,13,0011,15393,2.0,3,ROSTER,2024 oEXT,2025-11-25
2025,13,0011,16580,3.67,3,ROSTER,2024 1.08,2025-11-25
2025,13,0011,16601,0.99,2,ROSTER,2024 5.08,2025-11-25
2025,13,0011,16616,5.58,3,ROSTER,2024 1.04,2025-11-25
2025,13,0011,14138,13.6,1,ROSTER,2022 iEXT,2025-11-25
2025,13,0011,14148,7.67,4,ROSTER,2025 oEXT,2025-11-25
2025,13,0011,14157,12.78,3,ROSTER,2023 UFA,2025-11-25
2025,13,0011,14867,5.23,2,ROSTER,2025 B/R,2025-11-25
2025,13,0011,17048,3.1,4,ROSTER,2025 1.11,2025-11-25
2025,13,0011,17032,2.14,4,ROSTER,2025 2.02,2025-11-25
2025,13,0011,17053,1.09,3,ROSTER,2025 3.20,2025-11-25
2025,13,0011,15872,1.1,1,ROSTER,2025 ERFA,2025-11-25
2025,13,0011,17035,0.9,3,ROSTER,2025 UDFA,2025-11-25
2025,13,0011,15253,6.65,2,ROSTER,2025 UFA,2025-11-25
2025,13,0011,15856,6.3,1,ROSTER,2025 UFA,2025-11-25
2025,13,0011,15357,12.45,2,ROSTER,2025 UFA,2025-11-25
2025,13,0011,13690,3.98,3,ROSTER,2025 iEXT,2025-11-25
2025,13,0011,14842,7.62,3,ROSTER,2023 iEXT,2025-11-25
2025,13,0011,16723,1.9,1,ROSTER,2025 UFA,2025-11-25
2025,13,0011,15802,1.8,1,ROSTER,2025 UFA,2025-11-25
2025,13,0011,17124,0.9,3,ROSTER,2025 UDFA,2025-11-25
2025,13,0011,11985,1.8,1,ROSTER,2025 UFA,2025-11-25
2025,13,0011,14877,1.9,1,ROSTER,2025 UFA,2025-11-25
2025,13,0011,17222,0.9,3,ROSTER,2025 UDFA,2025-11-25
2025,13,0011,16786,1.8,1,ROSTER,2025 UFA,2025-11-25
2025,13,0011,17173,0.9,3,ROSTER,2025 UDFA,2025-11-25
2025,13,0011,16460,1.0,2,ROSTER,2025 R/F,2025-11-25
2025,13,0011,15881,1.0,1,ROSTER,2025 UFA,2025-11-25
2025,13,0011,16174,1.0,1,ROSTER,2025 UFA,2025-11-25
2025,13,0011,16139,1.8,1,ROSTER,2025 UFA,2025-11-25
2025,13,0011,10413,2.1,1,ROSTER,2025 UFA,2025-11-25
2025,13,0011,16269,4.18,4,ROSTER,2025 iEXT,2025-11-25
2025,13,0011,16645,0.98,3,INJURED_RESERVE,2024 5.20,2025-11-25
2025,13,0011,13146,3.6,1,INJURED_RESERVE,2025 UFA,2025-11-25
2025,13,0011,17044,8.23,4,INJURED_RESERVE,2025 1.02,2025-11-25
2025,13,0011,17150,1.1,1,INJURED_RESERVE,2025 UFA,2025-11-25
2025,13,0011,17114,1.14,3,INJURED_RESERVE,2025 3.15,2025-11-25
2025,13,0011,16583,2.6,3,INJURED_RESERVE,2024 1.13,2025-11-25
2025,13,0011,16586,1.0,1,TAXI_SQUAD,2025 UFA,2025-11-25
2025,13,0011,12323,1.0,1,TAXI_SQUAD,2025 UFA,2025-11-25
2025,13,0011,13707,1.0,1,TAXI_SQUAD,2025 UFA,2025-11-25
2025,13,0012,13593,22.74,1,ROSTER,2021 EXT,2025-11-25
2025,13,0012,14167,14.95,2,ROSTER,2022 iEXT,2025-11-25
2025,13,0012,15692,6.45,1,ROSTER,2022 1.05,2025-11-25
2025,13,0012,13693,3.19,1,ROSTER,2022 UFA,2025-11-25
2025,13,0012,15717,2.16,1,ROSTER,2022 2.06,2025-11-25
2025,13,0012,14164,3.38,2,ROSTER,2023 oEXT,2025-11-25
2025,13,0012,16245,1.24,2,ROSTER,2023 3.14,2025-11-25
2025,13,0012,16653,1.99,3,ROSTER,2024 2.03,2025-11-25
2025,13,0012,16700,1.2,3,ROSTER,2024 3.12,2025-11-25
2025,13,0012,11232,16.72,1,ROSTER,2024 UFA,2025-11-25
2025,13,0012,15863,1.09,1,ROSTER,2022 5.21,2025-11-25
2025,13,0012,16708,1.02,3,ROSTER,2024 4.14,2025-11-25
2025,13,0012,16676,1.01,3,ROSTER,2024 4.17,2025-11-25
2025,13,0012,16211,1.3,2,ROSTER,2023 3.10,2025-11-25
2025,13,0012,16667,1.08,2,ROSTER,2024 4.03,2025-11-25
2025,13,0012,15839,1.1,1,ROSTER,2024 R/F,2025-11-25
2025,13,0012,15895,1.81,1,ROSTER,2023 iEXT,2025-11-25
2025,13,0012,13704,3.76,2,ROSTER,2024 UFA,2025-11-25
2025,13,0012,13163,26.62,1,ROSTER,2023 B/R,2025-11-25
2025,13,0012,13987,1.09,1,ROSTER,2025 ERFA,2025-11-25
2025,13,0012,17068,2.45,4,ROSTER,2025 1.15,2025-11-25
2025,13,0012,17069,1.35,4,ROSTER,2025 3.03,2025-11-25
2025,13,0012,13132,15.2,2,ROSTER,2025 UFA,2025-11-25
2025,13,0012,15972,7.6,2,ROSTER,2025 UFA,2025-11-25
2025,13,0012,16278,0.98,1,ROSTER,2023 UDFA,2025-11-25
2025,13,0012,16314,0.98,1,ROSTER,2023 UDFA,2025-11-25
2025,13,0012,13138,1.0,2,ROSTER,2025 R/F,2025-11-25
2025,13,0012,17049,0.94,4,ROSTER,2025 5.15,2025-11-25
2025,13,0012,16887,1.0,1,ROSTER,2025 UFA,2025-11-25
2025,13,0012,14252,1.0,1,ROSTER,2025 R/F,2025-11-25
2025,13,0012,17058,0.94,4,ROSTER,2025 5.13,2025-11-25
2025,13,0012,17105,0.9,3,ROSTER,2025 UDFA,2025-11-25
2025,13,0012,15787,1.0,1,ROSTER,2025 UFA,2025-11-25
2025,13,0012,14358,10.0,1,ROSTER,2025 UFA,2025-11-25
2025,13,0012,16186,4.07,2,ROSTER,2023 1.08,2025-11-25
2025,13,0012,14122,5.9,1,ROSTER,2025 UFA,2025-11-25
2025,13,0012,16752,1.1,1,ROSTER,2025 UFA,2025-11-25
2025,13,0012,14789,1.0,1,ROSTER,2025 UFA,2025-11-25
2025,13,0012,13319,10.5,1,ROSTER,2025 B/R,2025-11-25
2025,13,0012,14143,1.8,1,ROSTER,2025 UFA,2025-11-25
2025,13,0012,16166,1.0,1,ROSTER,2025 UFA,2025-11-25
2025,13,0012,14108,1.0,1,ROSTER,2025 UFA,2025-11-25
2025,13,0012,16846,1.0,1,ROSTER,2025 UFA,2025-11-25
2025,13,0012,14849,1.0,1,ROSTER,2025 UFA,2025-11-25
2025,13,0012,15759,1.0,1,ROSTER,2025 UFA,2025-11-25
2025,13,0012,16257,1.43,2,INJURED_RESERVE,2023 3.03,2025-11-25
2025,13,0012,16615,6.38,3,INJURED_RESERVE,2024 1.03,2025-11-25
2025,13,0012,13743,7.41,1,INJURED_RESERVE,2021 EXT,2025-11-25
2025,13,0012,12263,1.9,1,INJURED_RESERVE,2025 UFA,2025-11-25
2025,13,0013,15237,17.13,4,ROSTER,2024 iEXT,2025-11-25
2025,13,0013,15834,7.68,4,ROSTER,2025 iEXT,2025-11-25
2025,13,0013,15788,1.59,1,ROSTER,2022 3.02,2025-11-25
2025,13,0013,15293,4.55,4,ROSTER,2024 iEXT,2025-11-25
2025,13,0013,16162,7.21,2,ROSTER,2023 1.03,2025-11-25
2025,13,0013,16239,2.66,2,ROSTER,2023 1.14,2025-11-25
2025,13,0013,16256,1.47,2,ROSTER,2023 3.01,2025-11-25
2025,13,0013,16234,1.28,2,ROSTER,2023 3.12,2025-11-25
2025,13,0013,10768,5.38,1,ROSTER,2024 SRFA,2025-11-25
2025,13,0013,14879,3.43,3,ROSTER,2024 ORFA4,2025-11-25
2025,13,0013,13700,9.9,2,ROSTER,2024 B/R,2025-11-25
2025,13,0013,16617,2.93,3,ROSTER,2024 1.11,2025-11-25
2025,13,0013,16618,3.14,3,ROSTER,2024 1.10,2025-11-25
2025,13,0013,16644,1.62,3,ROSTER,2024 2.10,2025-11-25
2025,13,0013,16698,1.06,3,ROSTER,2024 4.07,2025-11-25
2025,13,0013,15831,1.24,1,ROSTER,2022 4.02,2025-11-25
2025,13,0013,14882,1.81,1,ROSTER,2023 UFA,2025-11-25
2025,13,0013,15835,3.41,1,ROSTER,2022 2.12^,2025-11-25
2025,13,0013,14974,8.25,2,ROSTER,2025 SRFA,2025-11-25
2025,13,0013,13130,25.0,1,ROSTER,2025 B/R,2025-11-25
2025,13,0013,17030,5.38,4,ROSTER,2025 1.05,2025-11-25
2025,13,0013,15713,1.19,1,ROSTER,2022 4.10,2025-11-25
2025,13,0013,17123,1.91,4,ROSTER,2025 2.05,2025-11-25
2025,13,0013,13717,3.0,1,ROSTER,2025 UFA,2025-11-25
2025,13,0013,13192,8.9,1,ROSTER,2025 UFA,2025-11-25
2025,13,0013,13227,1.9,1,ROSTER,2025 UFA,2025-11-25
2025,13,0013,14861,7.37,4,ROSTER,2025 iEXT,2025-11-25
2025,13,0013,16295,1.0,1,ROSTER,2025 UFA,2025-11-25
2025,13,0013,16672,0.99,3,ROSTER,2024 5.07,2025-11-25
2025,13,0013,16268,3.16,3,ROSTER,2025 iEXT,2025-11-25
2025,13,0013,17118,0.9,3,ROSTER,2025 UDFA,2025-11-25
2025,13,0013,17212,1.0,4,ROSTER,2025 4.11,2025-11-25
2025,13,0013,16673,1.8,1,ROSTER,2025 UFA,2025-11-25
2025,13,0013,13199,1.9,1,ROSTER,2025 UFA,2025-11-25
2025,13,0013,16787,2.0,1,ROSTER,2025 UFA,2025-11-25
2025,13,0013,11728,4.25,1,ROSTER,2024 iEXT,2025-11-25
2025,13,0013,13632,1.8,1,ROSTER,2025 UFA,2025-11-25
2025,13,0013,10700,15.68,1,ROSTER,2024 UFA,2025-11-25
2025,13,0013,11721,3.71,2,ROSTER,2025 UFA,2025-11-25
2025,13,0013,16733,1.0,1,ROSTER,2025 UFA,2025-11-25
2025,13,0013,15668,1.0,1,ROSTER,2025 UFA,2025-11-25
2025,13,0013,17229,1.0,1,ROSTER,2025 UFA,2025-11-25
2025,13,0013,13303,1.0,1,ROSTER,2025 UFA,2025-11-25
2025,13,0013,16665,1.75,3,INJURED_RESERVE,2024 2.07,2025-11-25
2025,13,0013,17206,0.9,3,INJURED_RESERVE,2025 UDFA,2025-11-25
2025,13,0013,16254,1.75,2,INJURED_RESERVE,2023 2.09,2025-11-25
2025,13,0013,11768,1.0,1,INJURED_RESERVE,2025 UFA,2025-11-25
2025,13,0013,12688,19.75,1,INJURED_RESERVE,2025 NEFT,2025-11-25
2025,13,0013,17179,0.93,4,INJURED_RESERVE,2025 5.23,2025-11-25
2025,13,0014,13604,14.37,1,ROSTER,2021 EXT,2025-11-25
2025,13,0014,15345,3.71,3,ROSTER,2024 iEXT,2025-11-25
2025,13,0014,15712,1.44,1,ROSTER,2022 3.09,2025-11-25
2025,13,0014,15851,1.55,1,ROSTER,2022 3.04,2025-11-25
2025,13,0014,13214,23.05,6,ROSTER,2025 iEXT,2025-11-25
2025,13,0014,15698,30.55,1,ROSTER,2024 iEXT,2025-11-25
2025,13,0014,16148,5.54,2,ROSTER,2023 1.05,2025-11-25
2025,13,0014,16241,1.13,2,ROSTER,2023 4.08,2025-11-25
2025,13,0014,16167,2.21,2,ROSTER,2023 2.02,2025-11-25
2025,13,0014,13251,2.97,2,ROSTER,2024 B/R,2025-11-25
2025,13,0014,16694,1.33,3,ROSTER,2024 3.04,2025-11-25
2025,13,0014,16696,1.44,3,ROSTER,2024 2.15,2025-11-25
2025,13,0014,10816,3.07,2,ROSTER,2024 UFA,2025-11-25
2025,13,0014,16724,1.03,3,ROSTER,2024 4.12,2025-11-25
2025,13,0014,16264,1.06,2,ROSTER,2023 5.08,2025-11-25
2025,13,0014,16622,2.34,3,ROSTER,2024 1.15,2025-11-25
2025,13,0014,12186,22.77,2,ROSTER,2024 UFA,2025-11-25
2025,13,0014,13193,1.09,1,ROSTER,2025 ERFA,2025-11-25
2025,13,0014,15394,1.09,1,ROSTER,2025 ERFA,2025-11-25
2025,13,0014,13298,5.35,2,ROSTER,2025 SRFA,2025-11-25
2025,13,0014,17112,3.61,4,ROSTER,2025 1.09,2025-11-25
2025,13,0014,17106,1.52,4,ROSTER,2025 2.13,2025-11-25
2025,13,0014,17073,1.1,4,ROSTER,2025 3.19,2025-11-25
2025,13,0014,15319,5.5,1,ROSTER,2025 UFA,2025-11-25
2025,13,0014,14182,5.8,1,ROSTER,2025 UFA,2025-11-25
2025,13,0014,13674,8.0,1,ROSTER,2025 UFA,2025-11-25
2025,13,0014,17254,0.9,3,ROSTER,2025 UDFA,2025-11-25
2025,13,0014,17119,0.99,4,ROSTER,2025 4.13,2025-11-25
2025,13,0014,17127,0.96,4,ROSTER,2025 5.05,2025-11-25
2025,13,0014,16267,0.98,1,ROSTER,2023 UDFA,2025-11-25
2025,13,0014,17145,0.94,4,ROSTER,2025 5.16,2025-11-25
2025,13,0014,12764,5.3,1,ROSTER,2025 UFA,2025-11-25
2025,13,0014,15241,1.8,1,ROSTER,2025 UFA,2025-11-25
2025,13,0014,14328,1.0,1,ROSTER,2025 UFA,2025-11-25
2025,13,0014,14302,1.0,1,ROSTER,2025 UFA,2025-11-25
2025,13,0014,14600,1.8,1,ROSTER,2025 UFA,2025-11-25
2025,13,0014,17177,0.9,3,ROSTER,2025 UDFA,2025-11-25
2025,13,0014,15032,1.9,1,ROSTER,2025 UFA,2025-11-25
2025,13,0014,15821,5.35,1,ROSTER,2022 2.09^,2025-11-25
2025,13,0014,16191,1.33,2,ROSTER,2023 3.08,2025-11-25
2025,13,0014,12785,1.0,1,ROSTER,2025 UFA,2025-11-25
2025,13,0014,15950,1.0,1,ROSTER,2025 UFA,2025-11-25
2025,13,0014,16642,0.98,3,ROSTER,2024 5.12,2025-11-25
2025,13,0014,11671,33.85,4,INJURED_RESERVE,2025 iEXT,2025-11-25
2025,13,0014,17130,0.9,3,INJURED_RESERVE,2025 UDFA,2025-11-25
2025,13,0014,14169,1.0,2,INJURED_RESERVE,2025 R/F,2025-11-25
2025,13,0015,15287,34.24,4,ROSTER,2024 iEXT,2025-11-25
2025,13,0015,15845,3.19,2,ROSTER,2024 oEXT,2025-11-25
2025,13,0015,14908,4.31,2,ROSTER,2024 oEXT,2025-11-25
2025,13,0015,16233,3.0,2,ROSTER,2023 1.12,2025-11-25
2025,13,0015,16280,1.25,2,ROSTER,2023 3.13,2025-11-25
2025,13,0015,11675,27.23,1,ROSTER,2023 UFA,2025-11-25
2025,13,0015,12734,1.1,1,ROSTER,2024 R/F,2025-11-25
2025,13,0015,16581,3.38,3,ROSTER,2024 1.09,2025-11-25
2025,13,0015,16690,1.1,3,ROSTER,2024 3.21,2025-11-25
2025,13,0015,12686,5.43,1,ROSTER,2024 UFA,2025-11-25
2025,13,0015,13260,1.1,1,ROSTER,2024 R/F,2025-11-25
2025,13,0015,13714,5.15,2,ROSTER,2024 B/R,2025-11-25
2025,13,0015,16215,1.71,2,ROSTER,2023 2.10,2025-11-25
2025,13,0015,15805,9.8,5,ROSTER,2025 iEXT,2025-11-25
2025,13,0015,16629,1.65,3,ROSTER,2024 2.09,2025-11-25
2025,13,0015,15850,3.41,1,ROSTER,2022 3.11^,2025-11-25
2025,13,0015,9064,1.0,2,ROSTER,2025 R/F,2025-11-25
2025,13,0015,15337,1.1,1,ROSTER,2025 ERFA,2025-11-25
2025,13,0015,13696,9.0,3,ROSTER,2025 B/R,2025-11-25
2025,13,0015,17043,4.8,4,ROSTER,2025 1.06,2025-11-25
2025,13,0015,17147,1.85,4,ROSTER,2025 2.06,2025-11-25
2025,13,0015,17132,1.28,4,ROSTER,2025 3.06,2025-11-25
2025,13,0015,12697,7.6,2,ROSTER,2025 UFA,2025-11-25
2025,13,0015,14085,7.41,2,ROSTER,2025 UFA,2025-11-25
2025,13,0015,10775,4.37,2,ROSTER,2025 UFA,2025-11-25
2025,13,0015,11723,5.4,1,ROSTER,2025 UFA,2025-11-25
2025,13,0015,12187,5.0,1,ROSTER,2025 UFA,2025-11-25
2025,13,0015,13933,6.5,1,ROSTER,2025 UFA,2025-11-25
2025,13,0015,12141,1.0,1,ROSTER,2025 UFA,2025-11-25
2025,13,0015,17066,0.9,3,ROSTER,2025 UDFA,2025-11-25
2025,13,0015,16385,2.0,1,ROSTER,2025 UFA,2025-11-25
2025,13,0015,14985,1.0,1,ROSTER,2025 UFA,2025-11-25
2025,13,0015,14592,1.0,2,ROSTER,2025 R/F,2025-11-25
2025,13,0015,13156,1.8,1,ROSTER,2025 UFA,2025-11-25
2025,13,0015,13802,1.0,1,ROSTER,2025 UFA,2025-11-25
2025,13,0015,16224,1.29,2,ROSTER,2023 3.11,2025-11-25
2025,13,0015,16012,1.0,2,ROSTER,2025 R/F,2025-11-25
2025,13,0015,15368,1.0,1,ROSTER,2025 UFA,2025-11-25
2025,13,0015,15789,3.98,1,ROSTER,2022 1.10,2025-11-25
2025,13,0015,17141,1.03,4,ROSTER,2025 4.06,2025-11-25
2025,13,0015,15369,1.0,1,ROSTER,2025 UFA,2025-11-25
2025,13,0015,17139,1.0,4,ROSTER,2025 4.12,2025-11-25
2025,13,0015,11244,9.2,1,ROSTER,2025 UFA,2025-11-25
2025,13,0015,14095,1.8,1,ROSTER,2025 UFA,2025-11-25
2025,13,0015,12231,1.0,1,ROSTER,2025 UFA,2025-11-25
2025,13,0015,16628,1.24,3,INJURED_RESERVE,2024 3.09,2025-11-25
2025,13,0015,14777,24.52,3,INJURED_RESERVE,2023 iEXT,2025-11-25
2025,13,0015,13172,1.0,2,INJURED_RESERVE,2025 R/F,2025-11-25
2025,13,0015,13759,1.8,1,INJURED_RESERVE,2025 UFA,2025-11-25
2025,13,0015,12678,6.53,1,INJURED_RESERVE,2023 UFA,2025-11-25
2025,13,0016,15889,4.51,4,ROSTER,2023 oEXT,2025-11-25
2025,13,0016,16150,6.27,2,ROSTER,2023 1.04,2025-11-25
2025,13,0016,14303,3.08,3,ROSTER,2024 oEXT,2025-11-25
2025,13,0016,16643,1.22,2,ROSTER,2024 3.10,2025-11-25
2025,13,0016,16195,3.4,5,ROSTER,2024 oEXT,2025-11-25
2025,13,0016,15716,5.35,4,ROSTER,2025 SRFA,2025-11-25
2025,13,0016,14896,7.93,2,ROSTER,2024 oEXT,2025-11-25
2025,13,0016,14778,13.6,5,ROSTER,2025 B/R,2025-11-25
2025,13,0016,17042,9.82,4,ROSTER,2025 1.01,2025-11-25
2025,13,0016,17070,2.23,4,ROSTER,2025 2.01,2025-11-25
2025,13,0016,14180,3.5,1,ROSTER,2025 ORFA4,2025-11-25
2025,13,0016,14995,7.18,1,ROSTER,2023 iEXT,2025-11-25
2025,13,0016,16712,2.55,4,ROSTER,2025 UFA,2025-11-25
2025,13,0016,14217,4.5,3,ROSTER,2025 UFA,2025-11-25
2025,13,0016,16265,1.07,2,ROSTER,2023 5.03,2025-11-25
2025,13,0016,17076,0.9,3,ROSTER,2025 UDFA,2025-11-25
2025,13,0016,17205,0.9,3,ROSTER,2025 UDFA,2025-11-25
2025,13,0016,17175,0.9,3,ROSTER,2025 UDFA,2025-11-25
2025,13,0016,17087,0.94,4,ROSTER,2025 5.17,2025-11-25
2025,13,0016,17192,0.9,3,ROSTER,2025 UDFA,2025-11-25
2025,13,0016,17096,0.98,4,ROSTER,2025 4.15,2025-11-25
2025,13,0016,16681,1.86,4,ROSTER,2025 iEXT,2025-11-25
2025,13,0016,13325,1.1,1,ROSTER,2025 ERFA,2025-11-25
2025,13,0016,16691,1.16,2,ROSTER,2024 3.15,2025-11-25
2025,13,0016,14954,3.14,3,ROSTER,2025 iEXT,2025-11-25
2025,13,0016,16188,3.73,2,ROSTER,2023 1.09,2025-11-25
2025,13,0016,17163,0.9,3,ROSTER,2025 UDFA,2025-11-25
2025,13,0016,16809,4.64,5,ROSTER,2024 iEXT,2025-11-25
2025,13,0016,17079,4.11,5,ROSTER,2025 iEXT,2025-11-25
2025,13,0016,17204,1.9,1,ROSTER,2025 UFA,2025-11-25
2025,13,0016,15484,6.31,4,ROSTER,2025 iEXT,2025-11-25
2025,13,0016,17160,1.8,1,ROSTER,2025 UFA,2025-11-25
2025,13,0016,16794,1.0,1,ROSTER,2025 UFA,2025-11-25
2025,13,0016,16274,1.0,2,ROSTER,2025 R/F,2025-11-25
2025,13,0016,16164,1.8,1,ROSTER,2025 UFA,2025-11-25
2025,13,0016,17136,1.4,4,ROSTER,2025 3.01,2025-11-25
2025,13,0016,16228,1.41,2,ROSTER,2023 3.04,2025-11-25
2025,13,0016,16657,1.9,1,ROSTER,2025 UFA,2025-11-25
2025,13,0016,17339,1.8,1,ROSTER,2025 UFA,2025-11-25
2025,13,0016,15252,1.9,1,ROSTER,2025 UFA,2025-11-25
2025,13,0016,16722,1.9,1,ROSTER,2025 UFA,2025-11-25
2025,13,0016,15752,1.0,1,ROSTER,2025 UFA,2025-11-25
2025,13,0016,17202,1.0,1,ROSTER,2025 UFA,2025-11-25
2025,13,0016,14104,33.28,2,ROSTER,2024 oEXT,2025-11-25
2025,13,0016,17077,1.0,1,ROSTER,2025 UFA,2025-11-25
2025,13,0016,15351,5.95,4,INJURED_RESERVE,2025 B/R,2025-11-25
2025,13,0016,16711,1.0,2,INJURED_RESERVE,2025 R/F,2025-11-25
2025,13,0016,16222,1.17,2,INJURED_RESERVE,2023 4.04,2025-11-25
2025,13,0016,17303,1.0,1,INJURED_RESERVE,2025 UFA,2025-11-25
2025,13,0016,14800,6.77,2,INJURED_RESERVE,2025 SRFA,2025-11-25
2025,13,0017,15822,3.05,1,ROSTER,2022 1.14,2025-11-25
2025,13,0017,16162,6.27,2,ROSTER,2023 1.04,2025-11-25
2025,13,0017,16256,2.05,2,ROSTER,2023 2.04,2025-11-25
2025,13,0017,16265,1.06,2,ROSTER,2023 5.13,2025-11-25
2025,13,0017,16223,4.07,2,ROSTER,2023 1.08,2025-11-25
2025,13,0017,14109,9.35,3,ROSTER,2024 B/R,2025-11-25
2025,13,0017,16641,6.38,3,ROSTER,2024 1.03,2025-11-25
2025,13,0017,16614,5.58,3,ROSTER,2024 1.04,2025-11-25
2025,13,0017,16651,2.15,3,ROSTER,2024 2.01,2025-11-25
2025,13,0017,16692,1.35,3,ROSTER,2024 3.03,2025-11-25
2025,13,0017,16677,1.31,3,ROSTER,2024 3.05,2025-11-25
2025,13,0017,15484,8.42,3,ROSTER,2024 UFA,2025-11-25
2025,13,0017,16148,7.21,2,ROSTER,2023 1.03,2025-11-25
2025,13,0017,15402,1.65,2,ROSTER,2024 oEXT,2025-11-25
2025,13,0017,15806,5.01,5,ROSTER,2025 iEXT,2025-11-25
2025,13,0017,16681,0.94,2,ROSTER,2024 UDFA,2025-11-25
2025,13,0017,17042,9.82,4,ROSTER,2025 1.01,2025-11-25
2025,13,0017,17081,2.9,4,ROSTER,2025 1.12,2025-11-25
2025,13,0017,17108,1.23,4,ROSTER,2025 3.09,2025-11-25
2025,13,0017,17126,1.18,4,ROSTER,2025 3.12,2025-11-25
2025,13,0017,17055,1.03,4,ROSTER,2025 4.04,2025-11-25
2025,13,0017,16667,1.06,3,ROSTER,2024 4.09,2025-11-25
2025,13,0017,15380,2.5,1,ROSTER,2025 UFA,2025-11-25
2025,13,0017,16702,4.37,2,ROSTER,2025 UFA,2025-11-25
2025,13,0017,17129,0.9,3,ROSTER,2025 UDFA,2025-11-25
2025,13,0017,15839,6.05,3,ROSTER,2025 iEXT,2025-11-25
2025,13,0017,16165,1.33,2,ROSTER,2023 3.08,2025-11-25
2025,13,0017,15405,1.9,1,ROSTER,2025 UFA,2025-11-25
2025,13,0017,17079,1.0,1,ROSTER,2025 UFA,2025-11-25
2025,13,0017,16192,1.1,1,ROSTER,2025 UFA,2025-11-25
2025,13,0017,16799,2.0,1,ROSTER,2025 UFA,2025-11-25
2025,13,0017,16671,1.07,3,ROSTER,2024 4.07,2025-11-25
2025,13,0017,15779,1.14,1,ROSTER,2022 4.18,2025-11-25
2025,13,0017,15252,1.0,1,ROSTER,2025 UFA,2025-11-25
2025,13,0017,14108,1.8,1,ROSTER,2025 UFA,2025-11-25
2025,13,0017,13839,14.75,1,ROSTER,2024 iEXT,2025-11-25
2025,13,0017,17139,0.94,4,ROSTER,2025 5.09,2025-11-25
2025,13,0017,16225,1.0,2,ROSTER,2025 R/F,2025-11-25
2025,13,0017,16258,1.54,2,ROSTER,2023 2.15,2025-11-25
2025,13,0017,12323,1.0,1,ROSTER,2025 UFA,2025-11-25
2025,13,0017,12140,1.8,1,ROSTER,2025 UFA,2025-11-25
2025,13,0017,13920,1.9,2,ROSTER,2025 UFA,2025-11-25
2025,13,0017,17249,0.9,3,INJURED_RESERVE,2025 UDFA,2025-11-25
2025,13,0017,14777,24.79,4,INJURED_RESERVE,2023 iEXT,2025-11-25
2025,13,0017,16615,7.41,3,INJURED_RESERVE,2024 1.02,2025-11-25
2025,13,0017,11671,16.34,1,INJURED_RESERVE,2023 UFA,2025-11-25
2025,13,0017,15852,3.41,1,INJURED_RESERVE,2022 5.10^,2025-11-25
2025,13,0017,12678,5.1,1,INJURED_RESERVE,2024 oEXT,2025-11-25
2025,13,0017,17201,2.6,1,TAXI_SQUAD,2025 UFA,2025-11-25
2025,13,0017,15622,1.8,1,TAXI_SQUAD,2025 UFA,2025-11-25
2025,13,0017,13715,1.8,1,TAXI_SQUAD,2025 UFA,2025-11-25
2025,13,0018,15287,33.68,4,ROSTER,2024 iEXT,2025-11-25
2025,13,0018,15815,2.76,1,ROSTER,2022 1.16,2025-11-25
2025,13,0018,13837,8.55,2,ROSTER,2024 iEXT,2025-11-25
2025,13,0018,15708,11.66,1,ROSTER,2022 1.01+,2025-11-25
2025,13,0018,16188,4.47,2,ROSTER,2023 1.07,2025-11-25
2025,13,0018,16190,3.21,2,ROSTER,2023 1.11,2025-11-25
2025,13,0018,13284,5.15,2,ROSTER,2024 iEXT,2025-11-25
2025,13,0018,14630,3.63,2,ROSTER,2024 iEXT,2025-11-25
2025,13,0018,13214,20.57,3,ROSTER,2024 B/R,2025-11-25
2025,13,0018,16580,2.93,3,ROSTER,2024 1.11,2025-11-25
2025,13,0018,16689,1.57,3,ROSTER,2024 2.11,2025-11-25
2025,13,0018,14224,6.14,2,ROSTER,2024 UFA,2025-11-25
2025,13,0018,15394,5.84,3,ROSTER,2024 iEXT,2025-11-25
2025,13,0018,14995,5.35,2,ROSTER,2025 SRFA,2025-11-25
2025,13,0018,15904,5.35,3,ROSTER,2025 SRFA,2025-11-25
2025,13,0018,14928,5.42,2,ROSTER,2025 B/R,2025-11-25
2025,13,0018,17132,1.56,4,ROSTER,2025 2.12,2025-11-25
2025,13,0018,14717,1.8,1,ROSTER,2025 UFA,2025-11-25
2025,13,0018,17102,3.1,4,ROSTER,2025 1.11,2025-11-25
2025,13,0018,17118,1.12,4,ROSTER,2025 3.17,2025-11-25
2025,13,0018,17125,1.2,4,ROSTER,2025 3.11,2025-11-25
2025,13,0018,16279,1.1,1,ROSTER,2025 ERFA,2025-11-25
2025,13,0018,13192,6.0,1,ROSTER,2025 UFA,2025-11-25
2025,13,0018,11769,3.04,2,ROSTER,2025 UFA,2025-11-25
2025,13,0018,9431,9.69,2,ROSTER,2025 UFA,2025-11-25
2025,13,0018,15445,2.07,3,ROSTER,2025 UFA,2025-11-25
2025,13,0018,13742,2.95,2,ROSTER,2025 UFA,2025-11-25
2025,13,0018,13164,3.8,2,ROSTER,2025 UFA,2025-11-25
2025,13,0018,13810,1.8,1,ROSTER,2025 UFA,2025-11-25
2025,13,0018,17064,0.94,4,ROSTER,2025 5.11,2025-11-25
2025,13,0018,16013,2.97,2,ROSTER,2024 UFA,2025-11-25
2025,13,0018,15757,1.38,1,ROSTER,2022 3.12,2025-11-25
2025,13,0018,13227,1.9,1,ROSTER,2025 UFA,2025-11-25
2025,13,0018,14907,1.9,1,ROSTER,2025 UFA,2025-11-25
2025,13,0018,15121,2.0,1,ROSTER,2025 UFA,2025-11-25
2025,13,0018,16342,1.8,1,ROSTER,2025 UFA,2025-11-25
2025,13,0018,13744,1.0,1,ROSTER,2025 UFA,2025-11-25
2025,13,0018,14221,5.58,3,ROSTER,2025 UFA,2025-11-25
2025,13,0018,17060,0.94,4,ROSTER,2025 5.13,2025-11-25
2025,13,0018,16572,2.5,1,ROSTER,2025 UFA,2025-11-25
2025,13,0018,15895,1.0,1,ROSTER,2025 UFA,2025-11-25
2025,13,0018,11327,1.0,1,ROSTER,2025 UFA,2025-11-25
2025,13,0018,13704,1.0,1,ROSTER,2025 UFA,2025-11-25
2025,13,0018,15358,1.0,1,ROSTER,2025 UFA,2025-11-25
2025,13,0018,16390,1.0,1,ROSTER,2025 UFA,2025-11-25
2025,13,0018,16738,2.72,4,INJURED_RESERVE,2025 UFA,2025-11-25
2025,13,0018,16231,1.67,2,INJURED_RESERVE,2023 2.11,2025-11-25
2025,13,0018,17166,0.9,3,INJURED_RESERVE,2025 UDFA,2025-11-25
2025,13,0018,14213,1.0,2,INJURED_RESERVE,2025 R/F,2025-11-25
2025,13,0018,13806,1.1,1,INJURED_RESERVE,2025 ERFA,2025-11-25
2025,13,0018,14800,4.2,1,INJURED_RESERVE,2025 UFA,2025-11-25
2025,13,0019,14782,10.45,4,ROSTER,2023 iEXT,2025-11-25
2025,13,0019,15753,11.78,6,ROSTER,2025 iEXT,2025-11-25
2025,13,0019,15712,1.33,1,ROSTER,2022 3.15,2025-11-25
2025,13,0019,11244,30.25,1,ROSTER,2023 NEFToff,2025-11-25
2025,13,0019,14167,13.31,2,ROSTER,2023 B/R,2025-11-25
2025,13,0019,16252,1.21,2,ROSTER,2023 3.17,2025-11-25
2025,13,0019,16263,1.41,2,ROSTER,2023 3.04,2025-11-25
2025,13,0019,16175,1.23,2,ROSTER,2023 3.15,2025-11-25
2025,13,0019,14163,14.71,6,ROSTER,2025 oEXT,2025-11-25
2025,13,0019,14085,8.89,1,ROSTER,2024 UFA,2025-11-25
2025,13,0019,16206,1.04,2,ROSTER,2023 5.22,2025-11-25
2025,13,0019,15076,3.7,2,ROSTER,2024 iEXT,2025-11-25
2025,13,0019,16698,1.09,3,ROSTER,2024 4.04,2025-11-25
2025,13,0019,15798,3.87,5,ROSTER,2024 iEXT,2025-11-25
2025,13,0019,16654,1.0,3,ROSTER,2024 4.24,2025-11-25
2025,13,0019,16236,1.04,2,ROSTER,2023 5.21,2025-11-25
2025,13,0019,14947,3.41,1,ROSTER,2024 RRFA,2025-11-25
2025,13,0019,15349,10.81,5,ROSTER,2024 B/R,2025-11-25
2025,13,0019,16629,1.75,3,ROSTER,2024 2.07,2025-11-25
2025,13,0019,16268,1.04,2,ROSTER,2023 5.17,2025-11-25
2025,13,0019,13933,1.1,1,ROSTER,2025 ERFA,2025-11-25
2025,13,0019,15868,1.1,1,ROSTER,2025 ERFA,2025-11-25
2025,13,0019,17080,1.25,4,ROSTER,2025 3.08,2025-11-25
2025,13,0019,14218,7.29,3,ROSTER,2025 UFA,2025-11-25
2025,13,0019,14059,5.8,2,ROSTER,2025 UFA,2025-11-25
2025,13,0019,12752,6.1,1,ROSTER,2025 UFA,2025-11-25
2025,13,0019,12626,27.84,2,ROSTER,2025 UFA,2025-11-25
2025,13,0019,17134,1.35,4,ROSTER,2025 3.03,2025-11-25
2025,13,0019,17148,1.05,4,ROSTER,2025 4.01,2025-11-25
2025,13,0019,17153,1.04,4,ROSTER,2025 4.03,2025-11-25
2025,13,0019,15032,1.0,1,ROSTER,2025 UFA,2025-11-25
2025,13,0019,12772,1.1,1,ROSTER,2025 ERFA,2025-11-25
2025,13,0019,13759,1.0,2,ROSTER,2025 R/F,2025-11-25
2025,13,0019,17156,0.9,3,ROSTER,2025 UDFA,2025-11-25
2025,13,0019,17171,0.96,4,ROSTER,2025 5.03,2025-11-25
2025,13,0019,17234,0.9,3,ROSTER,2025 UDFA,2025-11-25
2025,13,0019,14600,1.0,1,ROSTER,2025 UFA,2025-11-25
2025,13,0019,17220,0.9,3,ROSTER,2025 UDFA,2025-11-25
2025,13,0019,15446,1.0,1,ROSTER,2025 UFA,2025-11-25
2025,13,0019,15089,1.1,1,ROSTER,2025 ERFA,2025-11-25
2025,13,0019,16080,6.62,5,ROSTER,2025 iEXT,2025-11-25
2025,13,0019,15388,1.0,1,ROSTER,2025 UFA,2025-11-25
2025,13,0019,14080,1.0,1,ROSTER,2025 UFA,2025-11-25
2025,13,0019,15786,1.0,1,ROSTER,2025 UFA,2025-11-25
2025,13,0019,14900,6.72,4,ROSTER,2025 B/R,2025-11-25
2025,13,0020,14892,7.78,1,ROSTER,2024 oEXT,2025-11-25
2025,13,0020,14896,8.33,1,ROSTER,2024 oEXT,2025-11-25
2025,13,0020,15907,3.06,1,ROSTER,2022 iEXT,2025-11-25
2025,13,0020,15861,2.54,1,ROSTER,2024 oEXT,2025-11-25
2025,13,0020,16264,1.08,2,ROSTER,2023 5.02,2025-11-25
2025,13,0020,16333,0.98,1,ROSTER,2023 UDFA,2025-11-25
2025,13,0020,16369,0.98,1,ROSTER,2023 UDFA,2025-11-25
2025,13,0020,16278,0.98,1,ROSTER,2023 UDFA,2025-11-25
2025,13,0020,14842,13.24,2,ROSTER,2024 oEXT,2025-11-25
2025,13,0020,16251,1.14,2,ROSTER,2023 4.05,2025-11-25
2025,13,0020,15794,15.06,6,ROSTER,2025 iEXT,2025-11-25
2025,13,0020,16619,1.38,3,ROSTER,2024 3.02,2025-11-25
2025,13,0020,16675,1.14,3,ROSTER,2024 3.16,2025-11-25
2025,13,0020,16705,0.98,3,ROSTER,2024 5.11,2025-11-25
2025,13,0020,16697,0.98,3,ROSTER,2024 5.16,2025-11-25
2025,13,0020,11675,21.78,2,ROSTER,2024 UFA,2025-11-25
2025,13,0020,14105,12.22,2,ROSTER,2024 oEXT,2025-11-25
2025,13,0020,12620,37.21,3,ROSTER,2021 EXT,2025-11-25
2025,13,0020,17030,6.11,4,ROSTER,2025 1.04,2025-11-25
2025,13,0020,17072,1.98,4,ROSTER,2025 2.04,2025-11-25
2025,13,0020,17056,1.04,4,ROSTER,2025 4.02,2025-11-25
2025,13,0020,15355,7.3,1,ROSTER,2025 UFA,2025-11-25
2025,13,0020,13208,3.0,1,ROSTER,2025 UFA,2025-11-25
2025,13,0020,15911,1.0,1,ROSTER,2025 UFA,2025-11-25
2025,13,0020,16292,1.0,1,ROSTER,2025 UFA,2025-11-25
2025,13,0020,13952,20.1,1,ROSTER,2025 UFA,2025-11-25
2025,13,0020,13693,3.5,1,ROSTER,2023 oEXT,2025-11-25
2025,13,0020,16226,2.53,2,ROSTER,2023 1.15,2025-11-25
2025,13,0020,15001,1.8,1,ROSTER,2025 UFA,2025-11-25
2025,13,0020,14283,1.8,1,ROSTER,2025 UFA,2025-11-25
2025,13,0020,15256,2.0,1,ROSTER,2025 UFA,2025-11-25
2025,13,0020,17181,0.9,3,ROSTER,2025 UDFA,2025-11-25
2025,13,0020,12767,5.96,1,ROSTER,2024 UFA,2025-11-25
2025,13,0020,17205,0.9,3,ROSTER,2025 UDFA,2025-11-25
2025,13,0020,11222,1.8,1,ROSTER,2025 UFA,2025-11-25
2025,13,0020,13319,14.84,1,ROSTER,2024 UFA,2025-11-25
2025,13,0020,14302,1.9,1,ROSTER,2025 UFA,2025-11-25
2025,13,0020,16274,1.04,2,ROSTER,2023 5.26,2025-11-25
2025,13,0020,11232,1.9,1,ROSTER,2025 B/R,2025-11-25
2025,13,0020,14137,1.0,1,ROSTER,2025 UFA,2025-11-25
2025,13,0020,16767,2.6,1,ROSTER,2025 UFA,2025-11-25
2025,13,0020,16383,0.98,1,ROSTER,2023 UDFA,2025-11-25
2025,13,0020,17207,2.9,1,ROSTER,2025 UFA,2025-11-25
2025,13,0020,16596,1.21,3,INJURED_RESERVE,2024 3.11,2025-11-25
2025,13,0020,13685,1.0,1,INJURED_RESERVE,2025 UFA,2025-11-25
2025,13,0021,14779,14.17,4,ROSTER,2023 iEXT,2025-11-25
2025,13,0021,15346,6.7,3,ROSTER,2024 iEXT,2025-11-25
2025,13,0021,15711,9.99,2,ROSTER,2025 iEXT,2025-11-25
2025,13,0021,16650,1.91,3,ROSTER,2024 2.04,2025-11-25
2025,13,0021,14927,3.31,2,ROSTER,2024 iEXT,2025-11-25
2025,13,0021,16716,1.17,3,ROSTER,2024 3.14,2025-11-25
2025,13,0021,16187,1.43,2,ROSTER,2023 3.03,2025-11-25
2025,13,0021,16622,2.46,3,ROSTER,2024 1.14,2025-11-25
2025,13,0021,16660,1.42,3,ROSTER,2024 2.16,2025-11-25
2025,13,0021,14148,7.98,1,ROSTER,2024 iEXT,2025-11-25
2025,13,0021,12225,15.0,1,ROSTER,2025 ORFAN,2025-11-25
2025,13,0021,13681,3.41,2,ROSTER,2025 ORFA1,2025-11-25
2025,13,0021,15799,1.09,1,ROSTER,2025 ERFA,2025-11-25
2025,13,0021,15051,1.1,1,ROSTER,2025 ERFA,2025-11-25
2025,13,0021,9051,5.1,1,ROSTER,2025 RRFA,2025-11-25
2025,13,0021,14909,9.12,2,ROSTER,2025 B/R,2025-11-25
2025,13,0021,17107,1.14,4,ROSTER,2025 3.15,2025-11-25
2025,13,0021,17082,0.99,4,ROSTER,2025 4.12,2025-11-25
2025,13,0021,14303,5.32,2,ROSTER,2025 UFA,2025-11-25
2025,13,0021,11936,3.0,1,ROSTER,2025 UFA,2025-11-25
2025,13,0021,13189,5.89,2,ROSTER,2025 UFA,2025-11-25
2025,13,0021,10775,5.3,1,ROSTER,2025 UFA,2025-11-25
2025,13,0021,10266,11.8,1,ROSTER,2025 UFA,2025-11-25
2025,13,0021,13633,10.45,1,ROSTER,2024 B/R,2025-11-25
2025,13,0021,16287,1.1,1,ROSTER,2024 R/F,2025-11-25
2025,13,0021,16186,4.95,2,ROSTER,2023 1.06,2025-11-25
2025,13,0021,14997,1.0,1,ROSTER,2025 UFA,2025-11-25
2025,13,0021,14802,16.97,3,ROSTER,2025 oEXT,2025-11-25
2025,13,0021,17031,1.13,4,ROSTER,2025 3.16,2025-11-25
2025,13,0021,14472,5.38,1,ROSTER,2024 SRFA,2025-11-25
2025,13,0021,16725,1.1,1,ROSTER,2025 ERFA,2025-11-25
2025,13,0021,15401,1.0,1,ROSTER,2025 UFA,2025-11-25
2025,13,0021,12616,1.0,1,ROSTER,2025 UFA,2025-11-25
2025,13,0021,16693,1.12,3,ROSTER,2024 3.19,2025-11-25
2025,13,0021,15864,2.88,3,ROSTER,2025 iEXT,2025-11-25
2025,13,0021,13418,2.0,1,ROSTER,2025 UFA,2025-11-25
2025,13,0021,16620,3.67,3,ROSTER,2024 1.08,2025-11-25
2025,13,0021,14247,4.97,3,ROSTER,2025 oEXT,2025-11-25
2025,13,0021,16014,1.0,1,ROSTER,2025 UFA,2025-11-25
2025,13,0021,10700,1.9,1,ROSTER,2025 UFA,2025-11-25
2025,13,0021,15759,1.8,1,ROSTER,2025 UFA,2025-11-25
2025,13,0021,13774,1.9,1,ROSTER,2025 UFA,2025-11-25
2025,13,0021,14840,17.58,2,INJURED_RESERVE,2025 B/R,2025-11-25
2025,13,0021,17044,5.38,4,INJURED_RESERVE,2025 1.05,2025-11-25
2025,13,0021,16171,1.91,2,INJURED_RESERVE,2023 2.06,2025-11-25
2025,13,0021,14158,6.91,2,INJURED_RESERVE,2023 iEXT,2025-11-25
2025,13,0021,17074,8.23,4,INJURED_RESERVE,2025 1.02,2025-11-25
2025,13,0022,15365,6.29,2,ROSTER,2024 iEXT,2025-11-25
2025,13,0022,15692,2.31,1,ROSTER,2022 2.04,2025-11-25
2025,13,0022,14164,3.37,1,ROSTER,2023 oEXT,2025-11-25
2025,13,0022,14136,14.52,1,ROSTER,2023 B/R,2025-11-25
2025,13,0022,16276,1.28,2,ROSTER,2023 3.12,2025-11-25
2025,13,0022,16351,1.04,2,ROSTER,2023 5.25,2025-11-25
2025,13,0022,16284,1.06,2,ROSTER,2023 5.10,2025-11-25
2025,13,0022,15694,2.16,1,ROSTER,2022 2.06,2025-11-25
2025,13,0022,14405,5.38,1,ROSTER,2024 SRFA,2025-11-25
2025,13,0022,16018,3.41,1,ROSTER,2024 RRFA,2025-11-25
2025,13,0022,16579,8.79,3,ROSTER,2024 1.01,2025-11-25
2025,13,0022,14073,12.97,2,ROSTER,2024 UFA,2025-11-25
2025,13,0022,14867,6.38,1,ROSTER,2024 UFA,2025-11-25
2025,13,0022,14127,9.41,1,ROSTER,2024 UFA,2025-11-25
2025,13,0022,16684,1.0,3,ROSTER,2024 5.01,2025-11-25
2025,13,0022,13294,2.2,1,ROSTER,2024 UFA,2025-11-25
2025,13,0022,13710,2.02,2,ROSTER,2024 iEXT,2025-11-25
2025,13,0022,14910,5.35,2,ROSTER,2025 SRFA,2025-11-25
2025,13,0022,11247,1.1,1,ROSTER,2025 ERFA,2025-11-25
2025,13,0022,13888,1.1,1,ROSTER,2025 ERFA,2025-11-25
2025,13,0022,17051,4.8,4,ROSTER,2025 1.06,2025-11-25
2025,13,0022,17123,1.85,4,ROSTER,2025 2.06,2025-11-25
2025,13,0022,17120,1.28,4,ROSTER,2025 3.06,2025-11-25
2025,13,0022,17098,1.02,4,ROSTER,2025 4.06,2025-11-25
2025,13,0022,13470,2.79,3,ROSTER,2025 UFA,2025-11-25
2025,13,0022,13635,15.39,2,ROSTER,2025 UFA,2025-11-25
2025,13,0022,13707,1.8,1,ROSTER,2025 UFA,2025-11-25
2025,13,0022,11938,6.2,1,ROSTER,2025 UFA,2025-11-25
2025,13,0022,10703,5.3,1,ROSTER,2025 UFA,2025-11-25
2025,13,0022,13298,14.92,2,ROSTER,2025 UFA,2025-11-25
2025,13,0022,16775,0.98,3,ROSTER,2024 5.10,2025-11-25
2025,13,0022,14957,1.0,2,ROSTER,2025 R/F,2025-11-25
2025,13,0022,17178,0.95,4,ROSTER,2025 5.06,2025-11-25
2025,13,0022,17155,0.9,3,ROSTER,2025 UDFA,2025-11-25
2025,13,0022,14328,1.8,1,ROSTER,2025 UFA,2025-11-25
2025,13,0022,15292,1.8,1,ROSTER,2025 UFA,2025-11-25
2025,13,0022,14170,5.0,1,ROSTER,2025 UFA,2025-11-25
2025,13,0022,16174,5.1,1,ROSTER,2025 UFA,2025-11-25
2025,13,0022,14200,2.41,1,ROSTER,2024 UFA,2025-11-25
2025,13,0022,12238,1.8,1,ROSTER,2025 UFA,2025-11-25
2025,13,0022,14244,1.0,1,ROSTER,2025 UFA,2025-11-25
2025,13,0022,16724,1.0,1,ROSTER,2025 UFA,2025-11-25
2025,13,0022,14122,1.0,2,ROSTER,2025 R/F,2025-11-25
2025,13,0022,13692,3.0,1,ROSTER,2025 UFA,2025-11-25
2025,13,0022,12697,9.1,1,ROSTER,2025 UFA,2025-11-25
2025,13,0022,14223,1.8,1,INJURED_RESERVE,2025 UFA,2025-11-25
2025,13,0022,16645,0.94,2,INJURED_RESERVE,2024 UDFA,2025-11-25
2025,13,0022,16640,1.11,3,INJURED_RESERVE,2024 4.01,2025-11-25
2025,13,0022,13748,3.51,3,INJURED_RESERVE,2025 UFA,2025-11-25
2025,13,0022,16652,1.4,3,INJURED_RESERVE,2024 3.01,2025-11-25
2025,13,0022,13404,3.1,1,INJURED_RESERVE,2025 UFA,2025-11-25
2025,13,0022,15254,3.78,3,INJURED_RESERVE,2025 UFA,2025-11-25
2025,13,0022,12688,15.96,2,INJURED_RESERVE,2025 UFA,2025-11-25
2025,13,0023,13782,4.3,2,ROSTER,2024 iEXT,2025-11-25
2025,13,0023,15352,3.73,2,ROSTER,2024 iEXT,2025-11-25
2025,13,0023,16233,3.45,2,ROSTER,2023 1.10,2025-11-25
2025,13,0023,16244,1.71,2,ROSTER,2023 2.10,2025-11-25
2025,13,0023,16266,1.17,2,ROSTER,2023 4.04,2025-11-25
2025,13,0023,16230,1.3,2,ROSTER,2023 3.10,2025-11-25
2025,13,0023,15787,9.37,2,ROSTER,2025 iEXT,2025-11-25
2025,13,0023,16653,2.24,3,ROSTER,2024 1.16,2025-11-25
2025,13,0023,13590,20.87,2,ROSTER,2024 iEXT,2025-11-25
2025,13,0023,13713,5.23,1,ROSTER,2024 UFA,2025-11-25
2025,13,0023,15448,4.5,1,ROSTER,2024 UFA,2025-11-25
2025,13,0023,14833,24.48,1,ROSTER,2025 oEXT,2025-11-25
2025,13,0023,15754,12.86,3,ROSTER,2025 iEXT,2025-11-25
2025,13,0023,13738,1.0,2,ROSTER,2025 R/F,2025-11-25
2025,13,0023,14860,5.35,1,ROSTER,2025 SRFA,2025-11-25
2025,13,0023,15889,4.5,1,ROSTER,2025 RRFA,2025-11-25
2025,13,0023,15288,1.9,1,ROSTER,2025 UFA,2025-11-25
2025,13,0023,14210,5.6,1,ROSTER,2025 UFA,2025-11-25
2025,13,0023,10768,6.4,1,ROSTER,2025 UFA,2025-11-25
2025,13,0023,16166,1.9,1,ROSTER,2025 UFA,2025-11-25
2025,13,0023,14086,1.8,1,ROSTER,2025 UFA,2025-11-25
2025,13,0023,13223,4.3,1,ROSTER,2025 UFA,2025-11-25
2025,13,0023,13723,5.2,1,ROSTER,2025 UFA,2025-11-25
2025,13,0023,15003,2.0,1,ROSTER,2025 UFA,2025-11-25
2025,13,0023,17047,1.46,4,ROSTER,2025 2.15,2025-11-25
2025,13,0023,16610,1.29,3,ROSTER,2024 3.06,2025-11-25
2025,13,0023,17106,1.74,4,ROSTER,2025 2.08,2025-11-25
2025,13,0023,17149,1.1,4,ROSTER,2025 3.19,2025-11-25
2025,13,0023,15856,5.46,2,ROSTER,2025 oEXT,2025-11-25
2025,13,0023,17124,0.94,4,ROSTER,2025 5.18,2025-11-25
2025,13,0023,14168,2.1,1,ROSTER,2025 UFA,2025-11-25
2025,13,0023,16294,1.9,1,ROSTER,2025 UFA,2025-11-25
2025,13,0023,15241,2.0,1,ROSTER,2025 UFA,2025-11-25
2025,13,0023,13249,1.0,1,ROSTER,2025 UFA,2025-11-25
2025,13,0023,15255,2.6,1,ROSTER,2025 UFA,2025-11-25
2025,13,0023,16927,5.2,1,ROSTER,2025 UFA,2025-11-25
2025,13,0023,15258,4.5,1,ROSTER,2025 UFA,2025-11-25
2025,13,0023,16757,4.4,1,ROSTER,2025 UFA,2025-11-25
2025,13,0023,9064,7.1,1,ROSTER,2025 UFA,2025-11-25
2025,13,0023,13719,1.9,1,ROSTER,2025 UFA,2025-11-25
2025,13,0023,13133,1.0,1,ROSTER,2025 UFA,2025-11-25
2025,13,0023,14592,1.0,1,ROSTER,2025 UFA,2025-11-25
2025,13,0023,15863,1.1,1,ROSTER,2025 UFA,2025-11-25
2025,13,0023,16191,4.41,2,ROSTER,2025 oEXT,2025-11-25
2025,13,0023,16642,0.99,3,ROSTER,2024 5.05,2025-11-25
2025,13,0023,12263,5.0,1,INJURED_RESERVE,2025 UFA,2025-11-25
2025,13,0023,17151,1.07,4,INJURED_RESERVE,2025 3.22,2025-11-25
2025,13,0023,15386,2.54,1,INJURED_RESERVE,2024 oEXT,2025-11-25
2025,13,0024,15284,26.21,1,ROSTER,2025 5YO,2025-11-25
2025,13,0024,14783,37.7,2,ROSTER,2024 oEXT,2025-11-25
2025,13,0024,15834,3.45,1,ROSTER,2022 1.12,2025-11-25
2025,13,0024,13737,6.13,1,ROSTER,2022 UFA,2025-11-25
2025,13,0024,13629,12.1,2,ROSTER,2022 UFA,2025-11-25
2025,13,0024,16253,1.14,2,ROSTER,2023 4.06,2025-11-25
2025,13,0024,15319,5.47,1,ROSTER,2023 oEXT,2025-11-25
2025,13,0024,16696,1.69,3,ROSTER,2024 2.08,2025-11-25
2025,13,0024,16690,1.06,3,ROSTER,2024 4.08,2025-11-25
2025,13,0024,15749,3.98,1,ROSTER,2023 oEXT,2025-11-25
2025,13,0024,15452,8.88,2,ROSTER,2025 oEXT,2025-11-25
2025,13,0024,14412,7.59,1,ROSTER,2024 oEXT,2025-11-25
2025,13,0024,15357,15.29,1,ROSTER,2025 NEFT,2025-11-25
2025,13,0024,15859,5.35,1,ROSTER,2025 SRFA,2025-11-25
2025,13,0024,13770,1.1,1,ROSTER,2025 ERFA,2025-11-25
2025,13,0024,13671,7.79,2,ROSTER,2025 B/R,2025-11-25
2025,13,0024,17043,4.32,4,ROSTER,2025 1.07,2025-11-25
2025,13,0024,17122,1.6,4,ROSTER,2025 2.11,2025-11-25
2025,13,0024,17135,1.26,4,ROSTER,2025 3.07,2025-11-25
2025,13,0024,17105,0.95,4,ROSTER,2025 5.07,2025-11-25
2025,13,0024,13844,1.9,1,ROSTER,2025 UFA,2025-11-25
2025,13,0024,15979,2.3,1,ROSTER,2025 UFA,2025-11-25
2025,13,0024,11348,1.9,1,ROSTER,2025 UFA,2025-11-25
2025,13,0024,14877,1.9,1,ROSTER,2025 UFA,2025-11-25
2025,13,0024,12739,2.9,1,ROSTER,2025 UFA,2025-11-25
2025,13,0024,15362,1.9,1,ROSTER,2025 UFA,2025-11-25
2025,13,0024,14879,1.8,1,ROSTER,2025 UFA,2025-11-25
2025,13,0024,14918,1.9,1,ROSTER,2025 UFA,2025-11-25
2025,13,0024,17059,0.9,3,ROSTER,2025 UDFA,2025-11-25
2025,13,0024,17143,0.9,3,ROSTER,2025 UDFA,2025-11-25
2025,13,0024,17179,0.9,3,ROSTER,2025 UDFA,2025-11-25
2025,13,0024,17048,2.23,4,ROSTER,2025 2.01,2025-11-25
2025,13,0024,15981,1.9,1,ROSTER,2025 UFA,2025-11-25
2025,13,0024,17114,1.4,4,ROSTER,2025 3.01,2025-11-25
2025,13,0024,16432,1.0,1,ROSTER,2025 UFA,2025-11-25
2025,13,0024,12217,1.0,1,ROSTER,2025 UFA,2025-11-25
2025,13,0024,12141,2.6,1,ROSTER,2025 UFA,2025-11-25
2025,13,0024,16626,2.07,3,ROSTER,2024 2.02,2025-11-25
2025,13,0024,11706,1.0,1,ROSTER,2025 UFA,2025-11-25
2025,13,0024,16216,1.0,1,ROSTER,2025 UFA,2025-11-25
2025,13,0024,17141,1.01,4,ROSTER,2025 4.07,2025-11-25
2025,13,0024,16623,1.0,1,ROSTER,2025 UFA,2025-11-25
2025,13,0024,16283,1.1,1,ROSTER,2024 R/F,2025-11-25
2025,13,0024,13354,1.0,1,ROSTER,2025 UFA,2025-11-25
2025,13,0024,15382,1.1,1,INJURED_RESERVE,2025 ERFA,2025-11-25
2025,13,0024,16204,1.36,2,INJURED_RESERVE,2023 3.06,2025-11-25
2025,13,0024,17268,0.9,3,INJURED_RESERVE,2025 UDFA,2025-11-25
2025,13,0024,17195,0.9,3,INJURED_RESERVE,2025 UDFA,2025-11-25
2025,13,0024,16152,8.38,2,INJURED_RESERVE,2023 1.02,2025-11-25
2025,13,0024,14903,2.0,1,INJURED_RESERVE,2025 UFA,2025-11-25
2025,13,0025,14832,22.41,3,ROSTER,2023 iEXT,2025-11-25
2025,13,0025,14104,21.02,2,ROSTER,2022 iEXT,2025-11-25
2025,13,0025,15802,6.68,3,ROSTER,2024 iEXT,2025-11-25
2025,13,0025,14590,4.04,2,ROSTER,2024 iEXT,2025-11-25
2025,13,0025,15698,34.16,5,ROSTER,2025 oEXT,2025-11-25
2025,13,0025,16213,3.73,2,ROSTER,2023 1.09,2025-11-25
2025,13,0025,16241,1.32,2,ROSTER,2023 3.09,2025-11-25
2025,13,0025,16207,1.06,2,ROSTER,2023 5.09,2025-11-25
2025,13,0025,15710,3.41,1,ROSTER,2022 5.13^,2025-11-25
2025,13,0025,13592,1.1,1,ROSTER,2024 R/F,2025-11-25
2025,13,0025,14249,5.38,1,ROSTER,2024 SRFA,2025-11-25
2025,13,0025,7836,6.38,1,ROSTER,2024 B/R,2025-11-25
2025,13,0025,16639,2.34,3,ROSTER,2024 1.15,2025-11-25
2025,13,0025,16694,1.44,3,ROSTER,2024 2.15,2025-11-25
2025,13,0025,16707,1.0,3,ROSTER,2024 4.21,2025-11-25
2025,13,0025,16676,0.99,3,ROSTER,2024 5.09,2025-11-25
2025,13,0025,16717,0.98,3,ROSTER,2024 5.18,2025-11-25
2025,13,0025,12305,3.25,1,ROSTER,2024 UFA,2025-11-25
2025,13,0025,13251,6.7,2,ROSTER,2025 oEXT,2025-11-25
2025,13,0025,16688,1.03,3,ROSTER,2024 4.12,2025-11-25
2025,13,0025,15768,18.81,4,ROSTER,2025 iEXT,2025-11-25
2025,13,0025,15805,9.33,6,ROSTER,2025 iEXT,2025-11-25
2025,13,0025,15809,6.78,5,ROSTER,2025 iEXT,2025-11-25
2025,13,0025,14219,1.0,2,ROSTER,2025 R/F,2025-11-25
2025,13,0025,13130,14.25,2,ROSTER,2025 B/R,2025-11-25
2025,13,0025,17121,2.72,4,ROSTER,2025 1.13,2025-11-25
2025,13,0025,17033,1.17,4,ROSTER,2025 3.13,2025-11-25
2025,13,0025,17053,1.0,4,ROSTER,2025 4.09,2025-11-25
2025,13,0025,17175,0.9,3,ROSTER,2025 UDFA,2025-11-25
2025,13,0025,16752,1.1,1,ROSTER,2025 ERFA,2025-11-25
2025,13,0025,17186,0.9,3,ROSTER,2025 UDFA,2025-11-25
2025,13,0025,13447,1.0,1,ROSTER,2025 UFA,2025-11-25
2025,13,0025,12782,1.8,1,ROSTER,2025 UFA,2025-11-25
2025,13,0025,13307,1.0,1,ROSTER,2025 UFA,2025-11-25
2025,13,0025,13299,18.15,1,ROSTER,2023 B/R,2025-11-25
2025,13,0025,10783,1.8,1,ROSTER,2025 UFA,2025-11-25
2025,13,0025,14154,1.0,1,ROSTER,2025 UFA,2025-11-25
2025,13,0025,15884,1.0,1,ROSTER,2025 UFA,2025-11-25
2025,13,0025,12437,1.8,1,ROSTER,2025 UFA,2025-11-25
2025,13,0025,17036,0.98,4,ROSTER,2025 4.13,2025-11-25
2025,13,0025,12744,1.0,1,ROSTER,2025 UFA,2025-11-25
2025,13,0025,16794,1.0,1,ROSTER,2025 UFA,2025-11-25
2025,13,0025,15866,1.0,1,ROSTER,2025 UFA,2025-11-25
2025,13,0025,15881,1.0,1,ROSTER,2025 UFA,2025-11-25
2025,13,0025,9826,1.0,1,ROSTER,2025 UFA,2025-11-25
2025,13,0025,13832,1.1,1,INJURED_RESERVE,2025 ERFA,2025-11-25
2025,13,0025,16254,1.75,2,INJURED_RESERVE,2023 2.09,2025-11-25
2025,13,0025,17045,1.52,4,INJURED_RESERVE,2025 2.13,2025-11-25
2025,13,0026,15846,5.02,4,ROSTER,2025 iEXT,2025-11-25
2025,13,0026,15761,6.46,2,ROSTER,2025 iEXT,2025-11-25
2025,13,0026,14149,6.75,3,ROSTER,2025 iEXT,2025-11-25
2025,13,0026,16262,1.11,2,ROSTER,2023 4.11,2025-11-25
2025,13,0026,14180,1.81,1,ROSTER,2023 UFA,2025-11-25
2025,13,0026,15259,4.16,2,ROSTER,2024 iEXT,2025-11-25
2025,13,0026,14102,12.72,2,ROSTER,2023 oEXT,2025-11-25
2025,13,0026,14071,15.48,2,ROSTER,2024 iEXT,2025-11-25
2025,13,0026,16618,3.38,3,ROSTER,2024 1.09,2025-11-25
2025,13,0026,16582,1.65,3,ROSTER,2024 2.09,2025-11-25
2025,13,0026,16700,1.13,3,ROSTER,2024 3.17,2025-11-25
2025,13,0026,16673,1.03,3,ROSTER,2024 4.13,2025-11-25
2025,13,0026,16662,1.02,3,ROSTER,2024 4.17,2025-11-25
2025,13,0026,16670,0.99,3,ROSTER,2024 5.07,2025-11-25
2025,13,0026,16672,0.94,2,ROSTER,2024 UDFA,2025-11-25
2025,13,0026,16723,0.94,2,ROSTER,2024 UDFA,2025-11-25
2025,13,0026,16719,0.94,2,ROSTER,2024 UDFA,2025-11-25
2025,13,0026,16282,5.38,2,ROSTER,2024 SRFA,2025-11-25
2025,13,0026,14138,16.82,3,ROSTER,2025 oEXT,2025-11-25
2025,13,0026,15756,6.45,1,ROSTER,2022 1.05,2025-11-25
2025,13,0026,16178,0.98,1,ROSTER,2023 UDFA,2025-11-25
2025,13,0026,14159,12.74,4,ROSTER,2025 iEXT,2025-11-25
2025,13,0026,14235,1.0,2,ROSTER,2025 R/F,2025-11-25
2025,13,0026,16712,1.0,2,ROSTER,2025 R/F,2025-11-25
2025,13,0026,13593,35.95,1,ROSTER,2025 NEFT,2025-11-25
2025,13,0026,15871,7.46,3,ROSTER,2025 FRFA,2025-11-25
2025,13,0026,17070,2.45,4,ROSTER,2025 1.15,2025-11-25
2025,13,0026,17046,0.98,4,ROSTER,2025 4.15,2025-11-25
2025,13,0026,17146,0.97,4,ROSTER,2025 4.17,2025-11-25
2025,13,0026,17058,0.9,3,ROSTER,2025 UDFA,2025-11-25
2025,13,0026,15345,3.6,3,ROSTER,2025 UFA,2025-11-25
2025,13,0026,13813,6.3,1,ROSTER,2025 UFA,2025-11-25
2025,13,0026,14861,1.8,1,ROSTER,2025 UFA,2025-11-25
2025,13,0026,13138,1.8,1,ROSTER,2025 UFA,2025-11-25
2025,13,0026,16887,1.0,1,ROSTER,2025 UFA,2025-11-25
2025,13,0026,16194,1.8,2,ROSTER,2023 2.08,2025-11-25
2025,13,0026,14943,1.0,1,ROSTER,2025 UFA,2025-11-25
2025,13,0026,13330,1.9,1,ROSTER,2025 UFA,2025-11-25
2025,13,0026,15369,1.0,1,ROSTER,2025 UFA,2025-11-25
2025,13,0026,16460,1.9,1,ROSTER,2025 UFA,2025-11-25
2025,13,0026,13303,1.0,1,ROSTER,2025 UFA,2025-11-25
2025,13,0026,14147,24.61,1,INJURED_RESERVE,2022 iEXT,2025-11-25
2025,13,0026,13743,7.2,3,INJURED_RESERVE,2025 B/R,2025-11-25
2025,13,0026,14186,1.1,1,INJURED_RESERVE,2024 R/F,2025-11-25
2025,13,0026,16635,1.04,3,INJURED_RESERVE,2024 4.11,2025-11-25
2025,13,0026,14179,8.68,3,INJURED_RESERVE,2025 oEXT,2025-11-25
2025,13,0027,13589,25.7,1,ROSTER,2021 EXT,2025-11-25
2025,13,0027,15282,26.21,1,ROSTER,2025 5YO,2025-11-25
2025,13,0027,15808,2.89,1,ROSTER,2022 1.15,2025-11-25
2025,13,0027,15742,3.74,2,ROSTER,2023 iEXT,2025-11-25
2025,13,0027,16280,1.56,2,ROSTER,2023 2.14,2025-11-25
2025,13,0027,16164,1.24,2,ROSTER,2023 3.14,2025-11-25
2025,13,0027,16255,1.06,2,ROSTER,2023 5.14,2025-11-25
2025,13,0027,15418,1.81,1,ROSTER,2023 UFA,2025-11-25
2025,13,0027,13132,8.49,1,ROSTER,2023 UFA,2025-11-25
2025,13,0027,16617,2.75,3,ROSTER,2024 1.12,2025-11-25
2025,13,0027,16603,1.2,3,ROSTER,2024 3.12,2025-11-25
2025,13,0027,16680,0.94,2,ROSTER,2024 UDFA,2025-11-25
2025,13,0027,13674,5.94,2,ROSTER,2024 B/R,2025-11-25
2025,13,0027,16679,1.54,3,ROSTER,2024 2.12,2025-11-25
2025,13,0027,10292,1.0,2,ROSTER,2025 R/F,2025-11-25
2025,13,0027,14893,11.22,1,ROSTER,2025 TT,2025-11-25
2025,13,0027,15393,4.1,2,ROSTER,2025 RRFA,2025-11-25
2025,13,0027,12186,5.53,4,ROSTER,2025 B/R,2025-11-25
2025,13,0027,17075,3.33,4,ROSTER,2025 1.10,2025-11-25
2025,13,0027,17039,2.05,4,ROSTER,2025 2.03,2025-11-25
2025,13,0027,17078,1.91,4,ROSTER,2025 2.05,2025-11-25
2025,13,0027,17138,1.3,4,ROSTER,2025 3.05,2025-11-25
2025,13,0027,17086,1.09,4,ROSTER,2025 3.20,2025-11-25
2025,13,0027,17127,1.02,4,ROSTER,2025 4.05,2025-11-25
2025,13,0027,17037,0.96,4,ROSTER,2025 4.19,2025-11-25
2025,13,0027,17145,0.95,4,ROSTER,2025 5.05,2025-11-25
2025,13,0027,17182,0.94,4,ROSTER,2025 5.19,2025-11-25
2025,13,0027,15777,1.1,1,ROSTER,2025 ERFA,2025-11-25
2025,13,0027,12686,2.0,3,ROSTER,2025 UFA,2025-11-25
2025,13,0027,14252,1.0,2,ROSTER,2025 R/F,2025-11-25
2025,13,0027,15836,1.8,1,ROSTER,2025 UFA,2025-11-25
2025,13,0027,16787,1.9,1,ROSTER,2025 UFA,2025-11-25
2025,13,0027,16733,1.03,3,ROSTER,2024 4.14,2025-11-25
2025,13,0027,14982,1.0,1,ROSTER,2025 UFA,2025-11-25
2025,13,0027,16385,2.3,1,ROSTER,2025 UFA,2025-11-25
2025,13,0027,11985,1.0,1,ROSTER,2025 UFA,2025-11-25
2025,13,0027,15727,4.0,1,ROSTER,2025 UFA,2025-11-25
2025,13,0027,16809,1.1,1,ROSTER,2025 ERFA,2025-11-25
2025,13,0027,11721,7.2,1,ROSTER,2025 UFA,2025-11-25
2025,13,0027,12764,1.9,1,ROSTER,2025 UFA,2025-11-25
2025,13,0027,16215,3.1,1,ROSTER,2025 UFA,2025-11-25
2025,13,0027,14434,1.9,1,ROSTER,2025 UFA,2025-11-25
2025,13,0027,13683,3.3,1,ROSTER,2025 UFA,2025-11-25
2025,13,0027,10945,1.0,1,ROSTER,2025 UFA,2025-11-25
2025,13,0027,16036,1.0,1,ROSTER,2025 UFA,2025-11-25
2025,13,0027,16149,2.66,2,INJURED_RESERVE,2023 1.14,2025-11-25
2025,13,0027,15862,3.41,1,INJURED_RESERVE,2022 5.16^,2025-11-25
2025,13,0027,16711,0.98,3,INJURED_RESERVE,2024 5.12,2025-11-25
2025,13,0027,13146,16.25,2,INJURED_RESERVE,2025 UFA,2025-11-25
2025,13,0027,17152,0.94,4,INJURED_RESERVE,2025 5.17,2025-11-25
2025,13,0027,16298,4.8,1,INJURED_RESERVE,2025 UFA,2025-11-25
2025,13,0027,16222,1.1,2,INJURED_RESERVE,2023 4.14,2025-11-25
2025,13,0027,13697,2.79,3,INJURED_RESERVE,2025 UFA,2025-11-25
2025,13,0028,15721,3.41,1,ROSTER,2022 2.08^,2025-11-25
2025,13,0028,14940,7.27,1,ROSTER,2023 FRFA,2025-11-25
2025,13,0028,16150,3.0,2,ROSTER,2023 1.12,2025-11-25
2025,13,0028,16189,1.25,2,ROSTER,2023 3.13,2025-11-25
2025,13,0028,16303,1.12,2,ROSTER,2023 4.10,2025-11-25
2025,13,0028,14889,1.87,1,ROSTER,2024 UFA,2025-11-25
2025,13,0028,14153,12.67,2,ROSTER,2024 UFA,2025-11-25
2025,13,0028,12221,20.59,1,ROSTER,2024 UFA,2025-11-25
2025,13,0028,16330,1.06,2,ROSTER,2023 5.12,2025-11-25
2025,13,0028,16211,1.08,2,ROSTER,2023 5.03,2025-11-25
2025,13,0028,16661,1.16,3,ROSTER,2024 3.15,2025-11-25
2025,13,0028,16691,1.01,3,ROSTER,2024 4.20,2025-11-25
2025,13,0028,16584,4.02,3,ROSTER,2024 1.07,2025-11-25
2025,13,0028,13268,3.6,1,ROSTER,2024 oEXT,2025-11-25
2025,13,0028,13610,11.08,1,ROSTER,2024 UFA,2025-11-25
2025,13,0028,13332,1.0,2,ROSTER,2025 R/F,2025-11-25
2025,13,0028,11947,1.0,2,ROSTER,2025 R/F,2025-11-25
2025,13,0028,13289,1.0,2,ROSTER,2025 R/F,2025-11-25
2025,13,0028,15290,25.25,4,ROSTER,2025 B/R,2025-11-25
2025,13,0028,15261,8.29,2,ROSTER,2025 oEXT,2025-11-25
2025,13,0028,17147,1.64,4,ROSTER,2025 2.10,2025-11-25
2025,13,0028,11760,1.0,2,ROSTER,2025 R/F,2025-11-25
2025,13,0028,16193,1.8,1,ROSTER,2025 UFA,2025-11-25
2025,13,0028,17104,3.93,4,ROSTER,2025 1.08,2025-11-25
2025,13,0028,15972,5.1,1,ROSTER,2025 UFA,2025-11-25
2025,13,0028,13717,1.8,1,ROSTER,2025 UFA,2025-11-25
2025,13,0028,13325,1.8,1,ROSTER,2025 UFA,2025-11-25
2025,13,0028,12218,1.3,1,ROSTER,2025 UFA,2025-11-25
2025,13,0028,16731,1.0,1,ROSTER,2025 UFA,2025-11-25
2025,13,0028,17157,1.01,4,ROSTER,2025 4.08,2025-11-25
2025,13,0028,16314,1.0,1,ROSTER,2025 UFA,2025-11-25
2025,13,0028,16708,0.98,3,ROSTER,2024 5.14,2025-11-25
2025,13,0028,15409,1.0,2,ROSTER,2025 R/F,2025-11-25
2025,13,0028,15833,1.0,2,ROSTER,2025 R/F,2025-11-25
2025,13,0028,16246,0.98,1,ROSTER,2023 UDFA,2025-11-25
2025,13,0028,17161,0.9,3,ROSTER,2025 UDFA,2025-11-25
2025,13,0028,8930,1.0,1,ROSTER,2025 UFA,2025-11-25
2025,13,0028,16405,1.0,1,ROSTER,2025 UFA,2025-11-25
2025,13,0028,15390,1.87,2,ROSTER,2024 oEXT,2025-11-25
2025,13,0028,15789,4.71,1,ROSTER,2022 1.08,2025-11-25
2025,13,0028,15392,1.0,1,ROSTER,2025 UFA,2025-11-25
2025,13,0028,16228,1.2,2,ROSTER,2023 3.19,2025-11-25
2025,13,0028,17142,0.94,4,ROSTER,2025 5.16,2025-11-25
2025,13,0028,17263,1.0,1,ROSTER,2025 UFA,2025-11-25
2025,13,0028,13672,1.1,1,ROSTER,2025 ERFA,2025-11-25
2025,13,0028,16597,2.6,3,INJURED_RESERVE,2024 1.13,2025-11-25
2025,13,0028,11768,1.0,1,INJURED_RESERVE,2025 UFA,2025-11-25
2025,13,0028,15398,1.0,2,INJURED_RESERVE,2025 R/F,2025-11-25
2025,13,0028,15301,1.8,1,INJURED_RESERVE,2025 UFA,2025-11-25
2025,13,0028,13266,1.0,1,INJURED_RESERVE,2025 UFA,2025-11-25
2025,13,0028,17150,0.95,4,INJURED_RESERVE,2025 5.08,2025-11-25
2025,13,0028,16583,1.47,3,INJURED_RESERVE,2024 2.14,2025-11-25
2025,13,0029,13696,12.97,3,ROSTER,2024 oEXT,2025-11-25
2025,13,0029,14974,13.41,1,ROSTER,2024 iEXT,2025-11-25
2025,13,0029,16655,1.62,3,ROSTER,2024 2.10,2025-11-25
2025,13,0029,16643,1.13,3,ROSTER,2024 3.18,2025-11-25
2025,13,0029,16747,1.04,3,ROSTER,2024 4.10,2025-11-25
2025,13,0029,15378,3.27,3,ROSTER,2024 iEXT,2025-11-25
2025,13,0029,16245,1.29,1,ROSTER,2023 3.11,2025-11-25
2025,13,0029,14897,17.72,3,ROSTER,2024 oEXT,2025-11-25
2025,13,0029,16649,1.01,3,ROSTER,2024 4.19,2025-11-25
2025,13,0029,15428,5.35,3,ROSTER,2025 SRFA,2025-11-25
2025,13,0029,15253,12.6,1,ROSTER,2025 B/R,2025-11-25
2025,13,0029,17071,7.03,4,ROSTER,2025 1.03,2025-11-25
2025,13,0029,17069,1.11,4,ROSTER,2025 3.18,2025-11-25
2025,13,0029,17073,1.06,4,ROSTER,2025 3.23,2025-11-25
2025,13,0029,15237,13.59,3,ROSTER,2025 UFA,2025-11-25
2025,13,0029,16703,1.0,2,ROSTER,2025 R/F,2025-11-25
2025,13,0029,16585,1.0,2,ROSTER,2025 R/F,2025-11-25
2025,13,0029,17099,0.9,3,ROSTER,2025 UDFA,2025-11-25
2025,13,0029,17241,0.96,4,ROSTER,2025 5.01,2025-11-25
2025,13,0029,17222,0.96,4,ROSTER,2025 5.02,2025-11-25
2025,13,0029,17172,0.94,4,ROSTER,2025 5.15,2025-11-25
2025,13,0029,16722,0.94,2,ROSTER,2024 UDFA,2025-11-25
2025,13,0029,17066,0.94,4,ROSTER,2025 5.14,2025-11-25
2025,13,0029,17076,0.93,4,ROSTER,2025 5.22,2025-11-25
2025,13,0029,17096,0.94,4,ROSTER,2025 5.12,2025-11-25
2025,13,0029,17185,0.94,4,ROSTER,2025 5.20,2025-11-25
2025,13,0029,17154,0.94,4,ROSTER,2025 5.10,2025-11-25
2025,13,0029,17256,0.9,3,ROSTER,2025 UDFA,2025-11-25
2025,13,0029,17160,0.9,3,ROSTER,2025 UDFA,2025-11-25
2025,13,0029,15331,1.0,1,ROSTER,2025 UFA,2025-11-25
2025,13,0029,15716,3.41,1,ROSTER,2022 4.24^,2025-11-25
2025,13,0029,14182,4.94,2,ROSTER,2025 UFA,2025-11-25
2025,13,0029,17159,1.0,4,ROSTER,2025 4.10,2025-11-25
2025,13,0029,17163,1.0,1,ROSTER,2025 UFA,2025-11-25
2025,13,0029,16736,1.0,2,ROSTER,2025 R/F,2025-11-25
2025,13,0029,17255,0.9,3,ROSTER,2025 UDFA,2025-11-25
2025,13,0029,17034,1.8,1,ROSTER,2025 UFA,2025-11-25
2025,13,0029,14778,18.63,3,ROSTER,2025 B/R,2025-11-25
2025,13,0029,16734,1.0,3,ROSTER,2024 4.22,2025-11-25
2025,13,0029,16240,1.0,1,ROSTER,2025 UFA,2025-11-25
2025,13,0029,15877,1.0,1,ROSTER,2025 UFA,2025-11-25
2025,13,0029,17202,1.0,1,ROSTER,2025 UFA,2025-11-25
2025,13,0029,17184,1.0,1,ROSTER,2025 UFA,2025-11-25
2025,13,0029,15351,4.94,2,INJURED_RESERVE,2025 B/R,2025-11-25
2025,13,0029,16628,1.08,3,INJURED_RESERVE,2024 4.05,2025-11-25
2025,13,0029,16604,1.25,3,INJURED_RESERVE,2024 3.08,2025-11-25
2025,13,0029,12801,6.1,1,INJURED_RESERVE,2025 UFA,2025-11-25
2025,13,0029,14056,27.12,1,INJURED_RESERVE,2024 oEXT,2025-11-25
2025,13,0029,17113,1.79,4,INJURED_RESERVE,2025 2.07,2025-11-25
2025,13,0030,13198,20.82,6,ROSTER,2025 iEXT,2025-11-25
2025,13,0030,13116,37.7,4,ROSTER,2023 oEXT,2025-11-25
2025,13,0030,13714,5.49,3,ROSTER,2025 iEXT,2025-11-25
2025,13,0030,14171,7.67,1,ROSTER,2022 iEXT,2025-11-25
2025,13,0030,15762,3.41,1,ROSTER,2022 2.01^,2025-11-25
2025,13,0030,16169,2.41,2,ROSTER,2023 1.16,2025-11-25
2025,13,0030,16267,0.98,1,ROSTER,2023 UDFA,2025-11-25
2025,13,0030,14836,39.2,4,ROSTER,2024 iEXT,2025-11-25
2025,13,0030,16616,4.94,3,ROSTER,2024 1.05,2025-11-25
2025,13,0030,15835,4.06,3,ROSTER,2025 iEXT,2025-11-25
2025,13,0030,17068,2.33,4,ROSTER,2025 1.16,2025-11-25
2025,13,0030,17032,2.14,4,ROSTER,2025 2.02,2025-11-25
2025,13,0030,17144,1.43,4,ROSTER,2025 2.16,2025-11-25
2025,13,0030,17103,1.21,4,ROSTER,2025 3.10,2025-11-25
2025,13,0030,17128,1.08,4,ROSTER,2025 3.21,2025-11-25
2025,13,0030,17119,0.99,4,ROSTER,2025 4.11,2025-11-25
2025,13,0030,13604,26.48,1,ROSTER,2025 NEFT,2025-11-25
2025,13,0030,15387,1.86,2,ROSTER,2025 UFA,2025-11-25
2025,13,0030,15872,1.1,1,ROSTER,2025 ERFA,2025-11-25
2025,13,0030,15081,1.0,2,ROSTER,2025 R/F,2025-11-25
2025,13,0030,15845,1.1,1,ROSTER,2025 ERFA,2025-11-25
2025,13,0030,16295,1.8,1,ROSTER,2025 UFA,2025-11-25
2025,13,0030,15819,1.86,3,ROSTER,2025 iEXT,2025-11-25
2025,13,0030,10816,1.9,1,ROSTER,2025 UFA,2025-11-25
2025,13,0030,8851,1.0,1,ROSTER,2025 UFA,2025-11-25
2025,13,0030,12711,1.8,1,ROSTER,2025 UFA,2025-11-25
2025,13,0030,14251,1.87,1,ROSTER,2024 UFA,2025-11-25
2025,13,0030,13772,1.8,1,ROSTER,2025 UFA,2025-11-25
2025,13,0030,16010,1.0,1,ROSTER,2025 UFA,2025-11-25
2025,13,0030,15366,2.43,3,ROSTER,2025 UFA,2025-11-25
2025,13,0030,17136,1.33,4,ROSTER,2025 3.04,2025-11-25
2025,13,0030,13448,1.0,1,ROSTER,2025 UFA,2025-11-25
2025,13,0030,14888,1.0,1,ROSTER,2025 UFA,2025-11-25
2025,13,0030,16450,1.8,1,ROSTER,2025 UFA,2025-11-25
2025,13,0030,13347,1.0,1,ROSTER,2025 UFA,2025-11-25
2025,13,0030,12187,1.8,1,ROSTER,2025 UFA,2025-11-25
2025,13,0030,10413,1.8,1,ROSTER,2025 UFA,2025-11-25
2025,13,0030,13682,1.0,1,ROSTER,2025 UFA,2025-11-25
2025,13,0030,11383,1.0,1,ROSTER,2025 UFA,2025-11-25
2025,13,0030,14849,1.0,1,ROSTER,2025 UFA,2025-11-25
2025,13,0030,12741,2.6,1,ROSTER,2025 UFA,2025-11-25
2025,13,0030,15281,18.74,5,ROSTER,2024 iEXT,2025-11-25
2025,13,0030,16594,1.8,3,INJURED_RESERVE,2024 2.06,2025-11-25
2025,13,0030,16665,1.86,3,INJURED_RESERVE,2024 2.05,2025-11-25
2025,13,0030,16214,2.21,2,INJURED_RESERVE,2023 2.02,2025-11-25
2025,13,0030,14169,1.0,1,INJURED_RESERVE,2025 UFA,2025-11-25
2025,13,0030,15391,1.0,2,INJURED_RESERVE,2025 R/F,2025-11-25
2025,13,0030,16786,1.2,1,TAXI_SQUAD,2025 UFA,2025-11-25
2025,13,0030,16224,1.8,1,TAXI_SQUAD,2025 UFA,2025-11-25
2025,13,0030,15626,1.8,1,TAXI_SQUAD,2025 UFA,2025-11-25
2025,13,0031,12611,24.53,3,ROSTER,2024 oEXT,2025-11-25
2025,13,0031,14797,5.96,2,ROSTER,2024 oEXT,2025-11-25
2025,13,0031,15751,9.82,1,ROSTER,2022 1.02+,2025-11-25
2025,13,0031,15817,1.86,1,ROSTER,2022 2.11,2025-11-25
2025,13,0031,16161,9.94,2,ROSTER,2023 1.01,2025-11-25
2025,13,0031,16185,5.54,2,ROSTER,2023 1.05,2025-11-25
2025,13,0031,13690,6.53,1,ROSTER,2023 UFA,2025-11-25
2025,13,0031,14414,2.83,1,ROSTER,2023 UFA,2025-11-25
2025,13,0031,14908,5.35,2,ROSTER,2023 UFA,2025-11-25
2025,13,0031,16581,4.43,3,ROSTER,2024 1.06,2025-11-25
2025,13,0031,13630,6.27,1,ROSTER,2024 UFA,2025-11-25
2025,13,0031,14921,6.44,2,ROSTER,2024 UFA,2025-11-25
2025,13,0031,13764,2.41,1,ROSTER,2024 UFA,2025-11-25
2025,13,0031,14217,5.23,1,ROSTER,2024 UFA,2025-11-25
2025,13,0031,13317,1.87,1,ROSTER,2024 UFA,2025-11-25
2025,13,0031,14215,1.87,2,ROSTER,2024 UFA,2025-11-25
2025,13,0031,14823,3.25,1,ROSTER,2024 UFA,2025-11-25
2025,13,0031,15873,1.87,2,ROSTER,2024 UFA,2025-11-25
2025,13,0031,16598,1.01,3,ROSTER,2024 4.18,2025-11-25
2025,13,0031,13163,22.63,1,ROSTER,2022 B/R,2025-11-25
2025,13,0031,14669,3.26,1,ROSTER,2025 RRFA,2025-11-25
2025,13,0031,14260,1.9,1,ROSTER,2025 B/R,2025-11-25
2025,13,0031,16846,1.1,1,ROSTER,2025 ERFA,2025-11-25
2025,13,0031,17112,3.61,4,ROSTER,2025 1.09,2025-11-25
2025,13,0031,17115,1.69,4,ROSTER,2025 2.09,2025-11-25
2025,13,0031,17167,0.93,4,ROSTER,2025 5.21,2025-11-25
2025,13,0031,13869,1.86,2,ROSTER,2025 UFA,2025-11-25
2025,13,0031,15361,2.85,2,ROSTER,2025 UFA,2025-11-25
2025,13,0031,15404,6.75,3,ROSTER,2025 UFA,2025-11-25
2025,13,0031,15788,1.86,3,ROSTER,2025 UFA,2025-11-25
2025,13,0031,15869,4.68,3,ROSTER,2025 UFA,2025-11-25
2025,13,0031,13193,4.56,2,ROSTER,2025 UFA,2025-11-25
2025,13,0031,13700,7.2,3,ROSTER,2025 UFA,2025-11-25
2025,13,0031,14157,11.5,2,ROSTER,2025 UFA,2025-11-25
2025,13,0031,15923,3.99,2,ROSTER,2025 UFA,2025-11-25
2025,13,0031,13959,1.8,1,ROSTER,2025 UFA,2025-11-25
2025,13,0031,12676,3.1,1,ROSTER,2025 UFA,2025-11-25
2025,13,0031,15385,2.9,1,ROSTER,2025 UFA,2025-11-25
2025,13,0031,15375,1.0,1,ROSTER,2025 UFA,2025-11-25
2025,13,0031,14954,1.0,1,ROSTER,2025 UFA,2025-11-25
2025,13,0031,15752,7.33,1,ROSTER,2022 1.04,2025-11-25
2025,13,0031,15821,5.35,1,ROSTER,2022 2.02^,2025-11-25
2025,13,0031,16586,0.98,3,ROSTER,2024 5.13,2025-11-25
2025,13,0031,16663,1.9,1,ROSTER,2025 UFA,2025-11-25
2025,13,0031,10814,1.0,1,ROSTER,2025 UFA,2025-11-25
2025,13,0031,13172,1.87,2,INJURED_RESERVE,2024 UFA,2025-11-25
2025,13,0032,15350,10.07,4,ROSTER,2024 iEXT,2025-11-25
2025,13,0032,14322,9.66,3,ROSTER,2024 oEXT,2025-11-25
2025,13,0032,15715,3.41,1,ROSTER,2022 2.03^,2025-11-25
2025,13,0032,15853,1.25,1,ROSTER,2022 4.02,2025-11-25
2025,13,0032,15329,9.15,3,ROSTER,2024 iEXT,2025-11-25
2025,13,0032,16239,2.82,2,ROSTER,2023 1.13,2025-11-25
2025,13,0032,14882,18.77,2,ROSTER,2025 oEXT,2025-11-25
2025,13,0032,16414,1.81,1,ROSTER,2023 iEXT,2025-11-25
2025,13,0032,15832,5.35,1,ROSTER,2022 4.03^,2025-11-25
2025,13,0032,16167,1.59,2,ROSTER,2023 2.13,2025-11-25
2025,13,0032,16181,8.83,3,ROSTER,2025 iEXT,2025-11-25
2025,13,0032,12860,1.81,2,ROSTER,2023 iEXT,2025-11-25
2025,13,0032,14835,14.03,3,ROSTER,2024 B/R,2025-11-25
2025,13,0032,16627,3.14,3,ROSTER,2024 1.10,2025-11-25
2025,13,0032,16644,1.51,3,ROSTER,2024 2.13,2025-11-25
2025,13,0032,16593,1.26,3,ROSTER,2024 3.07,2025-11-25
2025,13,0032,13431,2.17,2,ROSTER,2024 iEXT,2025-11-25
2025,13,0032,15363,1.87,3,ROSTER,2024 oEXT,2025-11-25
2025,13,0032,14225,22.99,4,ROSTER,2023 iEXT,2025-11-25
2025,13,0032,16704,1.09,2,ROSTER,2024 4.03,2025-11-25
2025,13,0032,15850,3.41,1,ROSTER,2022 3.18^,2025-11-25
2025,13,0032,13987,1.09,1,ROSTER,2025 ERFA,2025-11-25
2025,13,0032,17137,1.49,4,ROSTER,2025 2.14,2025-11-25
2025,13,0032,17052,1.37,4,ROSTER,2025 3.02,2025-11-25
2025,13,0032,17131,1.15,4,ROSTER,2025 3.14,2025-11-25
2025,13,0032,17049,0.98,4,ROSTER,2025 4.14,2025-11-25
2025,13,0032,17083,2.58,4,ROSTER,2025 1.14,2025-11-25
2025,13,0032,17087,1.87,2,ROSTER,2025 UFA,2025-11-25
2025,13,0032,16346,1.0,2,ROSTER,2025 R/F,2025-11-25
2025,13,0032,15928,1.1,1,ROSTER,2025 UFA,2025-11-25
2025,13,0032,17174,1.0,1,ROSTER,2025 UFA,2025-11-25
2025,13,0032,16063,1.0,1,ROSTER,2025 UFA,2025-11-25
2025,13,0032,16350,3.71,2,ROSTER,2024 iEXT,2025-11-25
2025,13,0032,15469,3.49,2,ROSTER,2024 iEXT,2025-11-25
2025,13,0032,13115,1.0,1,ROSTER,2025 UFA,2025-11-25
2025,13,0032,14985,1.0,1,ROSTER,2025 UFA,2025-11-25
2025,13,0032,14789,1.9,1,ROSTER,2025 UFA,2025-11-25
2025,13,0032,11150,2.1,1,ROSTER,2025 UFA,2025-11-25
2025,13,0032,14358,1.0,1,ROSTER,2025 UFA,2025-11-25
2025,13,0032,16657,1.0,1,ROSTER,2025 UFA,2025-11-25
2025,13,0032,16234,1.0,1,ROSTER,2025 UFA,2025-11-25
2025,13,0032,14207,1.0,1,ROSTER,2025 UFA,2025-11-25
2025,13,0032,16159,1.1,2,ROSTER,2023 4.15,2025-11-25
2025,13,0032,16269,1.0,2,ROSTER,2025 R/F,2025-11-25
2025,13,0032,16455,2.31,2,INJURED_RESERVE,2025 oEXT,2025-11-25
2025,13,0032,16184,1.86,2,INJURED_RESERVE,2023 2.07,2025-11-25
2025,13,0032,16227,1.0,2,INJURED_RESERVE,2025 R/F,2025-11-25
