season,player_id,player_name,position,games_played,mean_score,median_score,min_score,max_score,std_dev,coefficient_variation,floor_score,ceiling_score,std_dev_vs_position,cv_vs_position,value_score,consistency_score_std,consistency_score_trailing_10,consistency_score_trailing_5,consistency_score_last_season,consistency_score_2seasons_ago
2018,12150,"Gurley, Todd",RB,14,19.550000000000004,19.75,0.6,35.0,8.258307505605664,0.42241982125860167,16.825,24.8,1.2166627438270416,-0.5476063625042418,13.744184176723262,2.111617051838361,1.8317579473756982,1.5577381240882744,,
2018,13138,"Hunt, Kareem",RB,11,16.718181818181815,10.5,0.8,32.5,10.512747083406383,0.628821195853563,9.95,28.1,1.9960180488195642,-0.4381555168062528,10.263976095559627,1.4521453217953653,1.7144650815628344,1.9340244529442456,,
2018,13604,"Barkley, Saquon",RB,17,16.5,15.6,-3.8,36.8,10.159261205190765,0.6157128003145917,10.2,24.3,1.873818679566105,-0.44510665741904976,10.212210980062375,1.4785925068520642,1.3101949492102984,1.0135632570693223,,
2018,13130,"McCaffrey, Christian",RB,17,16.11764705882353,15.8,4.0,34.1,9.389621009335889,0.5825677268566062,8.2,23.8,1.6077555854466654,-0.46268287912696004,10.184491181832323,1.551321943730244,1.851262733020074,1.7027278423900496,,
2018,12151,"Gordon, Melvin",RB,13,16.09230769230769,16.7,6.7,30.0,6.718569162971617,0.41750190783284435,10.3,19.2,0.6843782428590083,-0.5502142413741133,11.352582739666644,2.0848822304407797,1.9480140348289792,1.775504099441279,,
2018,13132,"Kamara, Alvin",RB,15,15.66,12.3,1.9,32.2,8.551865293607005,0.546096123474266,11.0,20.45,1.3181450907719543,-0.482023098357536,10.128736345842507,1.6394703566936948,1.9611898010599558,1.5857607690762752,,
2018,13146,"Conner, James",RB,14,14.021428571428574,12.05,0.3,30.9,8.823360112421422,0.6292768292098823,8.575,19.25,1.4120003128876937,-0.43791390283311327,8.605921547554484,1.4273556513212609,1.5116857411301055,1.5518467148132615,,
2018,12625,"Elliott, Ezekiel",RB,15,13.979999999999999,12.1,-4.1,33.5,9.148202009138188,0.6543778261186115,9.75,16.95,1.5242975143664832,-0.42460330669530005,8.450306682844586,1.3775839293907806,1.4734630575429923,2.4616998525109763,,
2018,13131,"Mixon, Joe",RB,15,12.813333333333334,13.5,0.2,22.6,6.001762704035837,0.4683997947998832,8.600000000000001,16.3,0.4365796671395899,-0.523224029784122,8.726052250013806,1.830015365409012,2.3384973606440393,2.7712579982295273,,
2018,13614,"Lindsay, Phillip",RB,15,11.833333333333336,12.8,-2.2,29.8,8.242545453654202,0.6965531369285239,6.75,16.4,1.2112138336291804,-0.40223851651510356,6.974926441005353,1.280311078010963,1.2456137860521892,0.9511697036830385,,
2018,13364,"Carson, Chris",RB,15,11.406666666666666,11.8,0.8,20.8,6.545172945682099,0.5738024207202308,4.8,16.55,0.624435513348354,-0.4673309594573877,7.247839065749148,1.5117833280673039,1.8448437561972986,3.850477783144944,,
2018,13319,"Jones, Aaron",RB,12,10.858333333333333,8.75,-0.4,31.4,8.412238934367526,0.7747265327122818,5.2250000000000005,14.6,1.2698765344257976,-0.36078460519108096,6.118313516583732,1.1536397884764258,1.0988651571146224,1.3174144142945303,,
2018,13378,"Breida, Matt",RB,14,10.428571428571427,9.2,-3.5,27.8,8.514729135145636,0.8164808759728693,4.125,15.724999999999998,1.3053071942104748,-0.3386430463453435,5.741085175469355,1.0960450140456681,0.9953650057937429,1.3883887377499713,,
2018,13290,"Cohen, Tarik",RB,17,10.223529411764705,9.6,-1.9,32.9,9.762926840063335,0.9549468140453204,3.2,11.3,1.7368066730991878,-0.2652171108246354,5.229569079994264,0.9498837596581252,0.7715098896578891,1.3856362548044825,,
2018,12626,"Henry, Derrick",RB,17,10.211764705882352,6.4,0.7,55.6,13.017268275502406,1.2747324924167105,1.4,12.7,2.861826073459722,-0.09564065810701776,4.489215650598641,0.7285131813970609,0.9398715634035657,1.303196287967949,,
2018,13404,"Ekeler, Austin",RB,15,10.18,10.6,-3.4,24.2,6.248967914784008,0.6138475358333997,7.0,12.9,0.5220380197676646,-0.446095772803177,6.307906895766949,1.404337847769785,1.2860996965855451,1.1972069584447174,,
2018,13612,"Johnson, Kerryon",RB,10,10.08,10.1,-0.7,24.3,6.425698405620979,0.6374700799227162,6.575,11.95,0.5831334010517759,-0.4335691729528249,6.1558376690924,1.3574480741595716,1.3574480741595718,1.3063284718925128,,
2018,11747,"White, James",RB,17,10.029411764705882,10.7,-0.8,20.4,5.7716105108776485,0.575468496685748,6.6,12.8,0.3570165089783587,-0.46644747007278065,6.365986870447975,1.481096963358278,1.1974153718244338,1.159763918030217,,
2018,13234,"Mack, Marlon",RB,14,9.628571428571428,8.95,0.0,30.3,8.692478569054364,0.9027796733439251,2.725,11.75,1.3667548221000303,-0.292880384282084,5.060266074658175,0.9934065223845864,1.189778507710795,1.3019018858313538,,
2018,13610,"Chubb, Nick",RB,17,9.176470588235293,9.0,-2.5,39.3,11.01595257218659,1.2004563700459747,1.8,11.5,2.169975191447796,-0.13502791715312495,4.170257912472751,0.7636906465057239,0.8950529168402221,0.704073370918462,,
2018,12152,"Coleman, Tevin",RB,17,8.823529411764707,6.9,-3.3,28.2,7.93336434913926,0.8991146262357828,3.9,11.0,1.1043305370529937,-0.29482389122963387,4.646127879734012,0.9877050870106807,0.9401421491979903,1.3182586423065512,,
2018,13850,"Edwards, Gus",RB,12,8.525,7.55,-1.0,20.5,5.943080710652795,0.6971355672319994,4.9,12.45,0.4162934180420538,-0.40192966445730777,5.023169724681533,1.227841120573474,1.5751678611946385,2.2383965942739734,,
2018,13128,"Cook, Dalvin",RB,12,8.416666666666666,10.05,-8.0,29.6,8.982467490741184,1.0672238602860813,3.375,12.25,1.4670034190157035,-0.2056786620733184,4.071482933397397,0.8431449112629907,0.8207183268066993,1.1014601569855471,,
2018,13129,"Fournette, Leonard",RB,8,8.4125,5.35,-0.8,19.1,7.165444420969296,0.8517615953603918,3.8499999999999996,15.775,0.8388621360712392,-0.3199343309534256,4.542971417636918,1.0302562317852844,,1.061968319638662,,
2018,10708,"Miller, Lamar",RB,15,8.360000000000001,5.7,0.1,30.9,7.716631389408206,0.9230420322258618,3.3499999999999996,10.3,1.0294063813575427,-0.2821356287308375,4.347278873735048,0.9590860994946331,1.0228163912154362,1.0938717506434135,,
2018,11668,"Crowell, Isaiah",RB,13,8.261538461538462,6.5,-1.9,42.2,11.573347262737144,1.4008707115044958,0.6,7.9,2.362665433995356,-0.02875188480747524,3.4410592881785806,0.6570675484341927,0.5853475651551866,1.3688094369776616,,
2018,12171,"Johnson, David",RB,17,8.105882352941176,6.4,-5.3,29.6,7.3913678259913675,0.9118523442805025,4.6,11.2,0.9169634105341781,-0.288069314061759,4.239805640425493,0.9659786724917564,0.9041049821661478,0.7110776552083893,,
2018,10276,"Ingram, Mark",RB,13,7.892307692307691,5.6,-2.8,28.4,8.272146176589477,1.0481276831935986,1.6,10.4,1.2214467450269324,-0.2158050129102368,3.8534256223720367,0.8511845630987103,0.7781560824799836,1.6864267906591768,,
2018,13607,"Michel, Sony",RB,14,7.8,4.0,0.7,21.5,7.319250547113998,0.9383654547582049,1.55,15.625,0.892032609802968,-0.27400990011859444,4.024008981821741,0.9375844561750661,0.8955271513534345,0.865882063601074,,
2018,12630,"Drake, Kenyan",RB,17,7.758823529411765,6.3,-3.5,20.0,6.80839091498212,0.8775029988983778,2.6,12.4,0.7154294449503937,-0.3062841389805541,4.132522575976839,0.9936520358534754,1.183079016364132,1.512864136465041,,
2018,11454,"Anderson, C.J.",RB,11,7.6,2.7,-1.2,24.9,9.729523953597953,1.280200520210257,-0.1,15.45,1.725259361285999,-0.0927410637245761,3.3330402009114555,0.7083259269346686,0.7207513955208996,1.0624603868824383,,
2018,8658,"Peterson, Adrian",RB,17,7.5,4.4,-2.0,22.5,8.163909098263275,1.08852121310177,1.8,10.9,1.1840294010355235,-0.1943850683102927,3.5910576119365167,0.818428022318705,0.5291474079828645,0.2637663366207113,,
2018,13116,"Mahomes, Patrick",QB,17,42.982352941176465,42.6,20.2,71.6,12.930913042423827,0.30084237268537717,36.3,51.7,-0.7441716720183376,-0.048260096426896354,33.041937934760234,3.0853938151994957,3.511081007337386,4.302901855182684,,
2018,9099,"Ryan, Matt",QB,17,36.35294117647059,34.4,-2.9,71.2,20.451581778235,0.5625839647734547,25.5,49.4,0.5207089679469825,0.031407343349716475,23.264632170816547,1.6946508445057726,1.9427128597582581,2.816960430826619,,
2018,4925,"Brees, Drew",QB,15,36.053333333333335,27.6,-2.9,72.9,25.837746719781034,0.7166534778045774,14.75,62.8,1.4265932712644176,0.07830215877778438,21.00210310320859,1.3433815330986731,1.1600787660918843,0.9668670582142097,,
2018,8062,"Fitzpatrick, Ryan",QB,8,33.3,34.7,-4.1,87.1,29.89736610472568,0.8978188019437142,7.5,47.15,2.1093695171045495,0.13344424542639174,17.546459106577874,1.077761770603056,,0.8136910296635465,,
2018,7401,"Roethlisberger, Ben",QB,17,32.95294117647059,29.8,3.8,73.3,19.148771044794273,0.581094444415392,20.2,45.7,0.3015928052550418,0.03704145946533183,20.84185501559643,1.6354814446603412,1.6118313835741112,1.7088812804472227,,
2018,12611,"Goff, Jared",QB,17,30.605882352941173,31.8,-41.5,90.6,27.33613145719384,0.8931659326778691,23.3,43.8,1.678602489081476,0.13202803114012568,16.166508082917687,1.0801009445899892,0.910957405609173,0.4507942269894312,,
2018,10695,"Luck, Andrew",QB,17,30.447058823529414,35.5,0.5,57.1,15.653269444133945,0.5141143364572586,21.1,39.7,-0.2863060182351739,0.016654429362794727,20.108824076502554,1.8282931724409395,2.319978695340635,3.604279584701381,,
2018,5848,"Brady, Tom",QB,17,29.299999999999997,29.9,-6.1,49.4,14.88990972990454,0.5081880453892335,25.9,39.5,-0.4146933941157963,0.014850618080857947,19.42728566876967,1.8439374734053962,1.7979365367303692,1.467505513487967,,
2018,7394,"Rivers, Philip",QB,17,29.03529411764706,29.5,-16.4,55.7,17.294675861339204,0.5956432124043081,23.5,37.2,-0.010242376507197221,0.04146973197767617,18.196608046166414,1.5870898362842938,1.2533294000647757,0.6314256580004242,,
2018,13113,"Watson, Deshaun",QB,17,27.658823529411762,31.5,-20.7,58.1,19.725798539670876,0.7131828480952891,21.9,39.2,0.39864147640866887,0.07724578794598087,16.14470023451539,1.334511839264987,1.9380027172826821,2.776628735028662,,
2018,7836,"Rodgers, Aaron",QB,17,27.43529411764706,23.1,-1.7,64.0,18.46994191450692,0.6732182944824563,16.4,41.9,0.18742239635823787,0.06508160096006929,16.396721341212135,1.4091102191324574,1.072022411022674,0.7312454781966402,,
2018,12610,"Wentz, Carson",QB,11,27.345454545454547,32.8,-22.2,44.0,17.6661136147126,0.6460347398997294,25.6,38.099999999999994,0.05222872010646674,0.05680762287215076,16.612926740003275,1.4649784689996157,1.5172787699055121,0.8962347456233903,,
2018,12140,"Winston, Jameis",QB,12,26.491666666666664,25.45,-5.7,54.8,20.677220087708974,0.7805179020211,7.199999999999999,46.475,0.5586584561260216,0.09774085451409577,14.87862977204299,1.2220970474755428,1.2712497914069394,1.255402779622033,,
2018,13590,"Mayfield, Baker",QB,15,24.85333333333333,25.5,-6.6,48.3,15.503284239870666,0.6237909431278433,13.5,33.75,-0.31153161822078523,0.050037180598952076,15.305746985790764,1.505962872122725,2.0696173881173308,2.171685550588088,,
2018,13115,"Trubisky, Mitchell",QB,15,24.69333333333334,19.3,-21.4,84.4,26.628592819665773,1.078371739457307,6.0,34.7,1.5596035069330934,0.18839993726391338,11.881095602166496,0.8937600801643744,0.925381451849978,0.7498502599830617,,
2018,12620,"Prescott, Dak",QB,17,24.364705882352943,25.6,-10.9,55.1,18.10459613976747,0.7430664760406734,15.7,35.8,0.12597589291625158,0.0863415992408265,13.978070381857547,1.2753321611251551,1.5775735000637683,1.4987827347878433,,
2018,12437,"Myers, Jason",PK,17,6.423529411764706,5.3,-0.3,22.5,5.6131703751890205,0.8738452049286937,3.0,7.8,1.3435230044035238,-0.39414276577678253,3.4279936223489407,0.971323744487848,0.9573879087108025,0.7927938753208739,,
2018,10976,"Tucker, Justin",PK,17,6.270588235294118,6.2,0.3,13.3,3.993636807234339,0.636883918602099,4.1,9.5,-0.13296741082879013,-0.6275336615257681,3.8308081373596785,1.2557157192949726,1.348200789789324,1.381717540598952,,
2018,12860,"Fairbairn, Ka'imi",PK,17,5.911764705882353,4.2,-0.4,19.1,5.518938767653367,0.9335518313443506,2.8,8.4,1.2576142785263342,-0.33533576300716483,3.0574637876513764,0.906859983900481,0.8494258540018629,0.7001295921431596,,
2018,10868,"Zuerlein, Greg",PK,13,5.73076923076923,6.5,-1.5,10.7,3.2749361979421394,0.5714653768221184,4.2,7.6,-0.7881897427633452,-0.6919665159439311,3.6467677336666666,1.3405508212094246,1.4320929293128575,1.095293350272139,,
2018,13241,"Rosas, Aldrick",PK,17,5.676470588235294,5.0,0.0,13.2,3.4466572743430706,0.6071831467754631,3.4,7.7,-0.6316357025037452,-0.6567869199314506,3.5319376012772143,1.276570294946761,1.3117118103940213,1.206233984580899,,
2018,6789,"Bryant, Matt",PK,14,5.364285714285715,4.4,-3.8,14.0,4.39717557771173,0.8197131569635714,3.375,7.9,0.23492933337822644,-0.44745918450137573,2.947874335995199,0.9939060971887153,0.964513022615402,0.7229859732179186,,
2018,8153,"Gould, Robbie",PK,17,5.194117647058824,4.8,-3.0,11.9,3.8485246353001448,0.7409390577588048,2.8,7.0,-0.26526274278968753,-0.5250463628131966,2.983514916223123,1.0712779737659899,1.139909846913348,1.2640100924088595,,
2018,8930,"Prater, Matt",PK,17,4.958823529411764,5.6,-4.7,11.5,4.684650633408368,0.9447100921464089,1.1,8.7,0.4970135363568084,-0.32434562818824825,2.5499037360055183,0.8723180805991911,1.1959139154329845,1.0288536305368425,,
2018,12956,"Lutz, Wil",PK,17,4.952941176470588,3.2,0.2,12.5,3.6900689690762953,0.7450258013574468,2.6,6.4,-0.40972302261842347,-0.5210211958166396,2.8383197386638757,1.0560486869441637,0.9660483564828514,0.7043031884623426,,
2018,11387,"Hopkins, Dustin",PK,17,4.829411764705882,2.9,-2.7,14.1,4.785488444660507,0.9909050372622243,0.2,8.4,0.5889449817758848,-0.27884672080640827,2.425736875600559,0.8347457281956896,0.6224901738542148,0.6764340859745438,,
2018,8742,"Crosby, Mason",PK,17,4.641176470588236,3.2,-9.8,12.5,5.903245251407898,1.2719286346506242,0.0,10.0,1.607977402207557,-0.0020574184784194005,2.0428355009936094,0.6723180622391592,0.7086730896970982,1.0016174536054314,,
2018,12417,"Lambo, Josh",PK,13,4.407692307692307,4.0,-2.7,15.1,4.979258755224445,1.1296747612202058,0.1,7.0,0.7656007868578145,-0.14216789584107534,2.0696551360579125,0.7371636666235654,0.6429568350024067,0.6058161571074894,,
2018,13718,"Carlson, Daniel",PK,13,4.392307692307693,5.0,-8.7,10.3,4.8976386050142,1.1150490694428126,3.6,7.9,0.6911896280774237,-0.15657321646450276,2.0766930449820724,0.7447570097925857,1.4718812911810413,1.9523895576799757,,
2018,13909,"Maher, Brett",PK,17,4.205882352941177,4.8,-3.0,17.8,5.855462064274618,1.3922077635338252,-2.6,8.1,1.5644146016534195,0.11640941661154267,1.7581593108485478,0.6135082235899156,0.396796568137012,0.25139835318832765,,
2018,13980,"Badgley, Mike",PK,11,4.09090909090909,2.9,-0.9,15.3,4.495746382658845,1.0989602268721623,0.55,5.0,0.3247940028150883,-0.1724196420023567,1.949016964940445,0.7443773431425899,0.7122022789897384,0.5789902803135003,,
2018,5666,"Janikowski, Sebastian",PK,17,3.7882352941176474,4.7,-0.7,6.8,2.527235726089854,0.667127443222477,1.4,6.0,-1.4698505628899643,-0.5977458281999988,2.2723129593471096,1.0739954991091925,1.1030208876284815,1.1586208228077983,,
2018,7578,"Lee, Andy",PN,17,6.294117647058824,5.9,2.1,10.1,2.4858353048079747,0.39494579609098657,4.3,8.2,-0.4778640711945319,-1.5763598463865214,4.5120876127922935,1.805626800089326,1.7433447690282802,3.607489490696593,,
2018,9310,"Kern, Brett",PN,17,6.029411764705882,6.8,-2.4,12.2,3.683950038921993,0.6109965918212086,3.6,7.9,0.8688886264499899,-0.9348992629958945,3.742659540880666,1.2872493759761678,1.2580499632503885,2.3249875910613538,,
2018,11985,"Way, Tress",PN,17,5.370588235294117,4.8,-0.5,10.9,3.35397300944669,0.6245075702146082,2.4,8.3,0.49797468811568407,-0.894784807258225,3.305979198720894,1.233491393640178,1.5641028304843312,1.442710569431062,,
2018,13844,"Cooke, Logan",PN,17,4.758823529411765,4.4,1.1,9.7,2.4468608517203547,0.5141734793479114,2.9,6.4,-0.5216736900402483,-1.2223696701420488,3.1428522519501416,1.380625367292271,1.8270527152237694,2.457756540010387,,
2018,13782,"Dickson, Michael",PN,17,4.570588235294117,3.6,-2.2,16.4,5.004676014181179,1.0949741601168603,2.1,5.5,2.3534637004263623,0.502043064652651,2.181691937927847,0.7611714977627116,0.7461760757620949,0.50935756005354,,
2018,8444,"Koch, Sam",PN,17,4.264705882352941,3.5,1.2,12.6,2.719848866145191,0.6377576651650793,2.9,4.2,-0.21481881681048404,-0.8554449214309893,2.603990793670367,1.1464728906506287,1.5026158728048933,1.5732479396097054,,
2018,13869,"Bojorquez, Corey",PN,8,4.225,4.0,0.5,8.9,2.78735986194822,0.6597301448398154,1.675,6.575,-0.13893241534190423,-0.7902080423764247,2.545594543267011,1.1155528267722248,,0.9126188527219551,,
2018,13848,"Johnston, Cam",PN,17,4.0588235294117645,3.8,-0.7,11.5,3.068829787227662,0.7560884983024675,2.0,6.1,0.17745663353846522,-0.5041175171469136,2.311286437634122,0.9975407529095202,0.9941339192481753,0.7925741496667361,,
2018,13908,"Daniel, Trevor",PN,17,4.041176470588235,3.9,-1.5,11.7,3.167492759363916,0.783804612943036,2.0,6.0,0.28835972161406936,-0.4218276324622925,2.265481567468783,0.9696901000027267,0.8440907795243724,1.176961686152603,,
2018,11383,"Martin, Sam",PN,17,3.829411764705882,2.7,-0.4,8.3,2.515777205576218,0.6569617894745885,2.1,5.9,-0.44420758197519544,-0.798427363400488,2.3111044497412117,1.0892077457673432,1.097690378537356,1.4331295584376578,,
2018,13732,"Wadman, Colby",PN,13,3.7000000000000006,3.2,-1.1,7.0,2.029399304834201,0.548486298603838,2.9,5.6,-0.9909254640346068,-1.1204939932518434,2.389430247678673,1.2213642467322416,1.1996904135837854,1.064098591637005,,
2018,13430,"Haack, Matt",PN,17,3.5823529411764703,4.2,-9.5,13.7,5.763091010306846,1.6087446169986273,-1.3,7.2,3.205967565777459,2.0274412743022276,1.373209519181676,0.5296916654998461,0.3619915489832461,-0.11751060925485617,,
2018,13431,"Sanchez, Rigoberto",PN,17,3.5588235294117645,3.5,-1.2,8.8,2.5539033155796482,0.7176257250389094,2.7,5.1,-0.4013515515502121,-0.6183145183339456,2.0719435424915673,1.0013844534854246,1.0765424273972606,2.16003840129712,,
2018,9712,"Colquitt, Britton",PN,17,3.4823529411764707,1.3,-4.2,12.0,4.691573835282049,1.3472424864830208,0.1,7.2,2.00151810451263,1.251034463896909,1.4835931784765182,0.6118435852644791,0.2421579152747831,0.09866366316096888,,
2018,13056,"Wile, Matt",PN,17,3.4529411764705884,3.8,-1.2,10.2,2.94101176009386,0.8517410548823785,1.1,4.3,0.033781518001769595,-0.22012252171458827,1.864699800961057,0.8761560194858065,0.9757914683776764,0.8543739706799465,,
2018,12844,"Edwards, Lachlan",PN,17,3.3235294117647065,3.2,-0.3,8.9,2.4510572536967907,0.737486253324698,1.7,3.9,-0.5169566829613351,-0.5593480793648625,1.9128378169352989,0.963046732477279,0.9725309506454066,1.220425783835151,,
2018,13707,"Ward, Denzel",CB,13,9.984615384615385,6.5,1.0,27.4,8.284911786712605,0.829767744431925,3.5,15.9,2.2231984365155393,-0.3964830791543258,5.4567665295221595,1.0753592079252823,1.0125024117545967,1.420477709433908,,
2018,13470,"Moore, Kenny",CB,16,9.818750000000001,8.75,2.5,21.5,6.067044044466795,0.617903912867401,4.375,16.075,1.122872487089754,-0.8218376333590284,6.068809106591684,1.389371558776074,1.4625086442829647,1.5794538848085369,,
2018,12742,"Howard, Xavien",CB,12,9.658333333333333,6.5,0.5,26.4,8.987533804603402,0.9305470720900847,3.0,12.625,2.571782449978983,-0.1941505447498829,5.002899682149086,0.9670388628754042,0.9868843347469345,1.1954918836652582,,
2018,11965,"Butler, Malcolm",CB,17,9.311764705882354,6.5,1.0,29.9,8.040184542288097,0.8634436968976478,3.0,12.0,2.101784642337226,-0.3288725783779639,4.9970732796408255,1.0300414402298825,1.0176204824824016,1.1783996382726898,,
2018,10810,"Johnson, Trumaine",CB,10,9.26,6.5,2.5,22.2,6.738427116174813,0.7276919131938243,3.95,11.600000000000001,1.455958271121888,-0.6014185765005706,5.359751891691091,1.1966256011696232,1.1966256011696232,1.4172960385743703,,
2018,10264,"Amukamara, Prince",CB,16,9.20625,5.75,1.5,31.0,8.847278448059607,0.9610078422875336,4.5,8.25,2.502199126586204,-0.1329950977234198,4.694652311670935,0.9349029834546905,1.036704809583295,1.0146871320648698,,
2018,11764,"Fuller, Kyle",CB,17,9.117647058823529,4.5,2.0,28.8,7.865205228549172,0.8626354121634576,2.5,16.2,2.0149741099270764,-0.3304953546217571,4.895025080744787,1.0284755765677487,1.2559021084428037,1.053181904513454,,
2018,11883,"Mitchell, Terrance",CB,9,9.055555555555555,8.5,1.0,21.0,5.387456854400292,0.5949338857619955,5.5,11.0,0.785716485456249,-0.8679540731842662,5.677699644101031,1.417709076080447,,1.4790703208489129,,
2018,12276,"Darby, Ronald",CB,9,9.044444444444444,10.5,2.0,18.9,5.585121327859724,0.6175195571343676,4.0,12.0,0.8837815527657911,-0.8226092962722928,5.591551832898871,1.3734666370048556,,1.4327023346677747,,
2018,10592,"Harris, Chris",CB,12,8.966666666666667,6.25,1.0,28.0,7.6744525682436935,0.8558869035216015,3.375,11.350000000000001,1.9203381232728023,-0.3440441933438072,4.831472569611945,1.0336867480828402,1.0285235751884318,0.9994768136577609,,
2018,13232,"King, Desmond",CB,17,8.958823529411765,9.0,0.5,27.0,8.046413802838206,0.8981551848210735,2.0,14.5,2.104875095793246,-0.259183054864584,4.719752948047951,0.990317679985083,1.0629011340116505,1.4921708592444318,,
2018,13730,"Alexander, Jaire",CB,13,8.923076923076923,6.5,3.0,22.5,6.035427949412069,0.676384166744456,3.5,10.4,1.1071871470013497,-0.7044280588508999,5.32281150114032,1.2683062050010192,1.2771638779167283,0.9730653319537855,,
2018,12269,"Randall, Damarious",CB,16,8.86875,6.75,1.5,25.5,6.17188370252551,0.6959135957745466,4.5,11.75,1.1748854155857151,-0.6652192353456162,5.229482222500565,1.236599806669614,1.2710677958853418,0.869780854116949,,
2018,13224,"Lattimore, Marshon",CB,17,8.776470588235293,8.0,0.5,22.0,7.309021775036552,0.8327973872360683,1.5,15.0,1.7390410256929858,-0.3904005290803487,4.788565637072716,1.0562579838944621,0.9870944095208912,0.7799476949625443,,
2018,12715,"Apple, Eli",CB,16,8.6375,8.25,1.0,18.4,4.860539450513698,0.5627252619986916,4.375,11.625,0.524302839521978,-0.9326186490168556,5.5272031559487464,1.473840432768163,1.3576874059823076,1.6640280420464841,,
2018,13738,"Jackson, Donte",CB,17,8.535294117647059,7.5,0.5,24.0,6.506733270595259,0.7623326368030282,4.5,11.5,1.3410105915297392,-0.5318711250110333,4.8431799646691935,1.1370184353133728,1.2844684486020796,1.7446425381958603,,
2018,12291,"Nelson, Steven",CB,17,8.470588235294118,6.0,3.0,19.2,5.112356968329412,0.6035421420944445,5.0,8.5,0.6492342518396704,-0.8506714581775915,5.282423213542972,1.3858137342409242,1.4902000765896488,1.6244246646883191,,
2018,9103,"Talib, Aqib",CB,9,8.411111111111111,7.0,0.0,15.1,5.137540363603415,0.6108040062408288,5.0,15.0,0.661728208438982,-0.8360919664169146,5.221684996140728,1.3704367894654232,,2.0850452669287307,,
2018,12714,"Fuller, Kendall",CB,16,8.34375,8.5,2.5,16.0,3.8353566897356495,0.4596682174964074,4.5,10.75,0.01569036768639109,-1.1395241075758495,5.71619625609923,1.7255707356009256,2.0063485601751267,3.654657239646325,,
2018,11348,"Slay, Darius",CB,16,8.325,6.25,1.0,32.1,7.226556925673527,0.86805488596679,4.375,9.0,1.6981286611090889,-0.319614791164476,4.456507173605605,1.0119664976752607,1.0129888170320838,1.0843754997117383,,
2018,10779,"Jenkins, Janoris",CB,17,8.258823529411766,6.0,1.5,18.9,5.118715236730842,0.6197874574389195,5.5,12.0,0.6523887085199513,-0.8180560805775714,5.098708161668302,1.3497643230451035,1.5833192974920798,1.5157655142216993,,
2018,8265,"Joseph, Johnathan",CB,14,8.064285714285715,8.0,0.0,26.7,6.269382191350635,0.7774256038875897,4.5,9.875,1.2232562517905168,-0.5015692927517374,4.5370594958503405,1.1093495295763764,1.1657398835927766,1.8356450549278733,,
2018,11737,"Dennard, Darqueze",CB,14,7.928571428571429,6.0,2.5,20.0,5.53191113597521,0.697718521654531,4.25,7.875,0.8573829746228174,-0.6615955236559715,4.670133080037643,1.213821079852719,1.1822039250283398,1.8888654614441107,,
2018,10851,"Norman, Josh",CB,17,7.817647058823528,5.5,1.0,20.1,5.42209372346336,0.6935710556725141,4.0,11.0,0.8029004884114317,-0.6699223037903272,4.616072666475251,1.2173050402957313,1.3019021000084592,1.8244355943036406,,
2018,11788,"Breeland, Bashaud",CB,8,7.65,5.5,2.0,22.8,6.823855215345648,0.8920072176922416,2.75,8.1,1.4983407597334977,-0.2715261990343006,4.0433249558799345,0.9777788301853223,,0.7867736765628456,,
2018,10789,"Gilmore, Stephon",CB,17,7.641176470588236,6.0,1.5,18.5,4.959964281599262,0.6491100291546379,3.5,9.5,0.5736293703952501,-0.7591857706800736,4.633515250953408,1.2820842725818897,1.527957530304009,1.8707883361467714,,
2018,12711,"Ramsey, Jalen",CB,17,7.529411764705882,6.0,3.0,27.5,5.691765435401067,0.7559375968892043,4.0,10.0,0.936689702627907,-0.5447103120094873,4.287972293574036,1.1251756860563973,1.3031788837635223,2.0277777777777777,,
2018,13226,"Jackson, Adoree",CB,17,7.447058823529411,7.0,2.0,19.0,4.675105239087116,0.6277787445851578,3.0,9.0,0.43230543550303185,-0.8020121416168303,4.5749822255034465,1.3122327269348273,1.6072406597657507,3.757230183730551,,
2018,10294,"Smith, Jimmy",CB,13,7.438461538461538,5.5,0.5,20.1,6.465712937254658,0.8692271787415776,2.5,11.5,1.3206596317457016,-0.3172612036411365,3.979431512155384,0.9963497928433421,1.2711891799324602,1.3647105803488722,,
2018,10777,"Claiborne, Morris",CB,15,7.34,5.0,2.0,23.1,5.915944556873399,0.8059869968492369,3.25,9.5,1.047909186088045,-0.44422718541348316,4.064259605858469,1.0613156221307696,0.9316339122903109,1.8992786786086333,,
2018,13248,"Conley, Gareon",CB,16,7.19375,5.25,0.0,20.9,5.888279539687292,0.8185271297567044,1.875,13.5,1.0341840501291444,-0.4190506245860205,3.9558112069312,1.044346408787959,1.3551020540826875,1.4862307778439783,,
2018,10379,"Skrine, Buster",CB,15,7.180000000000001,6.5,2.0,14.5,4.16736527476694,0.5804129909146155,3.85,10.0,0.18040607844926382,-0.8971073680569664,4.543116287499507,1.3894895402616636,1.323896461788573,2.170216182151762,,
2018,13970,"Brown, Tony",CB,9,7.166666666666667,10.0,1.0,11.5,4.013864859597432,0.5600741664554556,3.0,10.5,0.10425163206752759,-0.9379411977247684,4.593798692884961,1.4293697312061349,,2.249548706510101,,
2018,12938,"Poole, Brian",CB,17,7.158823529411765,4.5,0.5,21.6,6.53650912621511,0.9130702970062191,2.0,11.9,1.3557829541827537,-0.22923829814241745,3.742059839941414,0.9498858701716956,0.7109274086756938,1.0787469533952616,,
2018,11858,"Carrie, T.J.",CB,17,7.105882352941176,6.5,0.0,20.0,4.720103511855408,0.664252977661771,4.0,10.0,0.4546299259418327,-0.7287835917709533,4.269712867165629,1.242264644024994,1.3399928023162206,1.4963081209920577,,
2018,11801,"Desir, Pierre",CB,17,7.1000000000000005,5.0,0.0,16.5,4.815538574729298,0.6782448696801827,4.0,8.5,0.5019770576778713,-0.7006923647407309,4.2306102811760855,1.2208671490637464,1.4930109158573721,1.453415715839174,,
2018,13263,"Awuzie, Chidobe",CB,17,6.9411764705882355,6.5,0.0,14.5,3.6294642002123174,0.5228889102000797,5.5,8.5,-0.08645677332617255,-1.0125972538372812,4.557900726768239,1.499347693469559,1.6247432197927192,1.4096394878955387,,
2018,9820,"Haden, Joe",CB,16,6.875,5.0,1.0,21.0,5.658235148878138,0.8230160216550019,2.875,9.0,0.9200546961078598,-0.41003837082768174,3.7712230272988054,1.0325559020183277,0.7996598039138095,0.896722000605432,,
2018,13223,"Humphrey, Marlon",CB,15,6.733333333333333,5.5,1.0,20.0,4.989544624066966,0.7410214788218266,3.25,8.75,0.5883047352919673,-0.574657088220234,3.867461381286274,1.1241811783616578,1.002990344084996,1.3608063106288715,,
2018,13778,"Flowers, Tre",CB,16,6.71875,5.75,2.0,19.5,4.492941512806504,0.668716876324689,3.0,8.875,0.34193058074830773,-0.7198215164050965,4.026297148020636,1.2231606661632184,1.047873580944828,1.6149980541865727,,
2018,12506,"Callahan, Bryce",CB,13,6.6692307692307695,4.0,1.0,21.1,5.670759631028229,0.8502869112268394,3.0,9.0,0.9262683275387904,-0.3552871799758262,3.604430604121126,0.9997708114394727,0.9318100370448328,0.7960967275026553,,
2018,11346,"Hayden, D.J.",CB,11,6.654545454545455,7.0,0.5,16.5,4.29087056993495,0.6448029544984214,4.0,8.35,0.24167938098949737,-0.7678329937893347,4.045801009990733,1.2577411158684366,1.2229157020787234,1.3236203739553007,,
2018,12770,"Young, Tavon",CB,16,6.59375,4.5,1.0,22.3,5.494027296755997,0.8332174099345587,2.375,10.225,0.8385880886326524,-0.3895572583514427,3.5968183393127284,1.0153560646863646,0.8854778267209359,0.7758345358903121,,
2018,13281,"Douglas, Rasul",CB,17,6.488235294117647,3.5,0.0,22.1,6.843965341210861,1.0548269338221636,0.0,10.5,1.5083177718493357,0.05536351715157412,3.157558034363966,0.8271626673347932,1.3636599942950498,3.262818412217806,,
2018,12988,"Jones, Jonathan",CB,17,6.417647058823529,6.5,1.0,20.2,4.480708359717723,0.6981855372612401,3.0,8.0,0.3358614831504258,-0.6606579062545893,3.7791200772876863,1.1709521174292261,1.3157176826810726,2.072899420319453,,
2018,11735,"Roby, Bradley",CB,16,6.40625,5.25,2.0,18.0,4.272801883717522,0.666973952580296,4.125,7.125,0.2327151655232783,-0.7233207477124625,3.843041452497692,1.214961256136435,1.4358399116643152,1.7823024955302345,,
2018,12523,"Coleman, Justin",CB,17,6.341176470588235,5.0,1.0,15.4,4.230430213629288,0.6671364900899619,3.0,8.5,0.21169378213303966,-0.7229944245762531,3.8036336606404992,1.2123623127720164,1.1092751370459517,1.0547039004832386,,
2018,13414,"Hilton, Mike",CB,16,6.3125,6.0,1.0,17.3,5.111980413694873,0.8098186793972076,1.875,8.625,0.6490474359949435,-0.43653439703138663,3.4879184704306896,1.0328076290715578,0.9335774859710227,0.9646263853799263,,
2018,13711,"Wallace, Levi",CB,8,6.25,6.25,3.0,9.5,2.462214450449026,0.39395431207184417,4.125,8.375,-0.6655513535218193,-1.2714565320038589,4.483647667555603,1.8052030252457114,,3.207634809016629,,
2018,12268,"Jones, Byron",CB,17,6.117647058823529,5.0,2.0,14.0,3.521068570112279,0.5755592854991225,3.5,8.0,-0.140233886510865,-0.9068520502332595,3.8828415503803244,1.353141843338952,1.3198340541058455,1.144015674202285,,
2018,13273,"Griffin, Shaq",CB,17,6.1000000000000005,4.0,2.5,24.7,5.302718503693343,0.8692981153595642,3.0,6.0,0.7436761940455515,-0.31711878568665286,3.2632569143882377,0.9678363386252217,1.415446377129951,1.5630214399366236,,
2018,12245,"Peters, Marcus",CB,17,6.064705882352941,4.5,0.0,24.0,6.4167924162695815,1.0580550055924625,1.5,7.0,1.296389240110535,0.061844448883322134,2.946814281383633,0.8176992885832042,1.0930346195183656,1.0073987245202989,,
2018,11312,"Trufant, Desmond",CB,17,5.970588235294118,6.0,1.5,11.5,2.7678330249455505,0.463577945064772,3.5,7.5,-0.513928223909714,-1.1316746298494114,4.0794467116883775,1.5846212387239214,1.4965548179943378,2.0277777777777777,,
2018,11512,"Bouye, A.J.",CB,13,5.953846153846154,4.5,1.5,16.9,3.995500427811146,0.6710788832240943,3.0,8.0,0.09514069165570252,-0.7150793648811402,3.5628755851184635,1.191841786400351,1.2853689772419836,1.3203773276864255,,
2018,11537,"Melvin, Rashaan",CB,15,5.953333333333333,4.0,1.0,18.3,5.044847756760247,0.8473988393214301,2.25,6.75,0.615741660780291,-0.361085501136946,3.2225490276480078,0.9848607562821464,1.0031912602816178,1.2038824502798302,,
2018,13249,"White, Tre'Davious",CB,17,5.829411764705882,4.0,1.0,16.6,4.352925278190363,0.7467177571063186,2.5,9.5,0.27246589024650886,-0.5632207902337694,3.3373518652281384,1.0890142233923732,1.2355667972484468,1.47530210148154,,
2018,12713,"Alexander, Mackensie",CB,16,5.61875,4.5,0.0,15.1,4.6073607887270995,0.8199974707411968,1.875,7.925,0.3986961380499598,-0.4160986519469474,3.087229565056349,1.0020311179718981,1.204157201934529,1.219769482212325,,
2018,9028,"Grimes, Brent",CB,14,5.607142857142857,4.5,0.0,12.5,3.752040261304372,0.669153677175302,3.0,6.375,-0.025644481308518187,-0.7189445605334089,3.3592729859552466,1.179944307880037,1.0846467501117334,1.237440766332359,,
2018,13022,"Williams, Trevor",CB,9,5.544444444444444,2.0,0.0,28.9,8.596137519078763,1.550405564563304,1.0,4.5,2.3776033827296734,1.050326300537636,2.1739461838861684,0.5777787608213346,,0.6761281351044867,,
2018,13764,"Johnson, Taron",CB,11,5.5181818181818185,4.5,1.5,12.5,3.9592970408711747,0.7175002874725357,2.0,8.75,0.07717950968422237,-0.6218800888941084,3.212914640207918,1.1126943542007453,1.1774770307341629,1.2504901728366846,,
2018,13270,"Moreau, Fabian",CB,17,5.405882352941177,4.0,0.5,19.0,4.6139775603415805,0.8535105389097591,2.0,6.0,0.40197884304185666,-0.34881517054474664,2.9165641303129224,0.9629326613504059,0.9511264473686077,1.1210378602911704,,
2018,11363,"Webb, B.W.",CB,17,5.347058823529412,4.5,0.0,17.5,4.837125744399046,0.9046329775003715,2.0,5.9,0.5126868590379058,-0.24617772688110445,2.8073959060326987,0.916043110542912,0.8953929490662678,0.8275701429667444,,
2018,9191,"Scandrick, Orlando",CB,16,5.34375,4.5,0.0,19.0,4.669444392805208,0.8738141553787524,3.125,7.625,0.4294969830687195,-0.30805202721755875,2.851803624527467,0.9425526788447683,1.0705596220374733,0.9021110198517777,,
2018,12817,"Brown, Anthony",CB,16,5.29375,3.75,1.0,16.1,3.7979383798977047,0.717438182743368,3.0,6.0,-0.0028735604117982854,-0.6220047752513505,3.0823525720989697,1.1033384718277408,1.088440628896531,1.4380038725301365,,
2018,13299,"Kittle, George",TE,17,13.776470588235295,12.1,1.1,40.5,10.618160326521878,0.77074605273643,5.9,23.6,3.316639895101844,-0.6900613488377512,7.780037440685392,1.1857703974687315,1.1454386534661736,1.3816181073358857,,
2018,11244,"Kelce, Travis",TE,17,12.270588235294117,13.8,-4.3,30.6,8.67815138256329,0.7072318959902969,5.9,16.8,2.438448415082317,-0.7218690774241624,7.187417400127965,1.267864879381977,1.2536640997150588,1.6790924076536227,,
2018,13188,"Howard, O.J.",TE,10,10.4,11.95,-3.0,20.7,6.72933874908969,0.6470518027970855,7.525,14.55,1.5562717342992085,-0.7520071154405631,6.314312629595698,1.3455226038870198,1.3455226038870198,1.628470635708963,,
2018,11247,"Ertz, Zach",TE,17,9.594117647058825,7.1,-1.1,28.0,8.41409675612619,0.8770057930971502,2.1,16.0,2.3189177686288907,-0.6368467404069766,5.111394798216402,1.0191224814866586,0.7906881186792908,0.49436710662628797,,
2018,13189,"Engram, Evan",TE,12,9.191666666666668,9.45,-0.4,18.6,6.332384797390492,0.6889267231975148,3.0999999999999996,14.6,1.3765810274971064,-0.7310362615252978,5.442312292427226,1.253571235096373,1.3752911260933087,2.717141271635948,,
2018,9474,"Cook, Jared",TE,17,8.252941176470587,3.4,0.0,28.5,8.620981085635947,1.04459499968504,2.1,15.8,2.4125689118830524,-0.5529184908599316,4.036467455775796,0.8578066106784231,0.8392056578437145,0.668854482863786,,
2018,11695,"Ebron, Eric",TE,17,7.876470588235295,9.9,-1.9,24.2,7.359869676896436,0.9344121322422658,0.7,12.0,1.8416966496909961,-0.6080977913818685,4.071764468880433,0.9421762410965477,0.9240848193869593,1.11110888532581,,
2018,9902,"Gronkowski, Rob",TE,14,7.1571428571428575,3.8,-3.0,21.4,7.376963591935009,1.030713475919063,2.25,10.675,1.8494346194533529,-0.5598703227496135,3.524447413194847,0.8543839039760727,0.8336668193031554,0.5674014661995799,,
2018,12677,"Hooper, Austin",TE,17,6.317647058823531,6.7,-1.0,13.3,4.176719130964152,0.6611194155157408,3.4,9.9,0.4007673705954108,-0.7449620906754193,3.8032467743217855,1.2203959494412215,1.1433124459969257,1.105006439303102,,
2018,8687,"Olsen, Greg",TE,9,5.966666666666666,4.0,1.0,16.2,4.886261920482318,0.8189265788517852,3.2,5.6,0.7219588962348117,-0.6659326635754531,3.2803229861169996,1.0136597295992835,,0.9433142694509264,,
2018,13671,"Andrews, Mark",TE,17,5.776470588235294,4.9,-2.0,19.6,5.223873862516963,0.9043366157106759,3.2,7.8,0.8747870220900914,-0.6231595337703664,3.033324329627293,0.9281149836637697,1.0286265313666432,0.8940566708580251,,
2018,10312,"Rudolph, Kyle",TE,17,5.68235294117647,4.7,-2.6,27.9,6.704628365725528,1.179903542622505,0.8,7.9,1.5450859878592236,-0.4851563157848501,2.6066992552984196,0.7375245983900711,0.5782547375260061,0.495864076672888,,
2018,11257,"McDonald, Vance",TE,16,5.45625,4.75,-0.3,23.4,5.466370911079854,1.0018549207019205,1.8499999999999999,6.45,0.9845591149667714,-0.5743226139988193,2.7255971167415303,0.8437885910087443,1.0690142137722711,2.105345590673212,,
2018,13192,"Njoku, David",TE,17,5.452941176470589,5.9,-2.9,16.1,5.2037449916109715,0.9543005917733172,2.5,7.9,0.8656752069167114,-0.598137701298424,2.790226436723653,0.8789757128709097,0.9189083092167624,1.3781694160083529,,
2018,13722,"Jarwin, Blake",TE,17,5.305882352941175,1.9,-1.0,32.3,10.143759054259178,1.9117949437073842,0.0,4.0,3.101890805047948,-0.11862695866080451,1.8222032991737969,0.4761303907511578,0.6435169552909558,1.0177508206189925,,
2018,11705,"Burton, Trey",TE,17,5.28235294117647,4.5,-3.4,22.7,6.5802051902673035,1.2456958600728751,1.1,7.6,1.4887628595846565,-0.4522076900966127,2.352212084945934,0.6968614712381151,0.6564693648122518,1.189613667319006,,
2018,13679,"Herndon, Chris",TE,17,5.029411764705881,3.1,-1.2,16.4,4.880063247647315,0.9703049732164254,1.1,7.4,0.7191529186190484,-0.590122747668944,2.552605730114773,0.8553329365493152,1.0561995071645434,0.840517773405228,,
2018,12205,"Funchess, Devin",TE,14,4.985714285714286,4.3,-3.0,14.3,4.743244390387109,0.9513670697051508,1.925,7.75,0.6572185883026387,-0.5996068017088952,2.5549853551990203,0.8681006669434514,0.6544964144538257,0.11787073954130992,,
2018,11248,"Reed, Jordan",TE,13,4.584615384615385,3.7,-1.0,10.7,4.082579530309455,0.8904955351346125,1.2,8.0,0.3581528272527899,-0.6300911118131289,2.4250865973555116,0.9020253116110608,0.7850047219357174,0.957924108049092,,
2018,9925,"Graham, Jimmy",TE,17,4.31764705882353,3.7,-1.4,14.3,4.618280211369449,1.0696289317885643,0.7,4.5,0.6006505618186916,-0.5403815611643639,2.0861938062936907,0.7684997715290367,0.7349557299895794,0.5200250055670078,,
2018,8247,"Davis, Vernon",TE,14,4.278571428571429,1.5,-2.0,15.6,5.478292039812169,1.280402146199839,0.925,7.4750000000000005,0.9899554992038324,-0.4348268700413106,1.8762354857898316,0.660447445449755,0.6626764059959752,0.6488018796592682,,
2018,12211,"James, Jesse",TE,17,4.152941176470588,1.3,-1.1,29.1,7.0403975194468895,1.6952798559574664,0.0,5.0,1.6970799314798057,-0.2270571653868297,1.5408200255313762,0.5165094345678912,0.5073913903809696,0.25255432823042157,,
2018,12378,"Swaim, Geoff",TE,9,3.877777777777777,3.2,0.0,10.0,3.143168174444299,0.8105591280801919,1.8,4.9,-0.067094206542319,-0.6701230616967223,2.1417570504253787,0.9359450581071048,,0.9410203317523818,,
2018,13674,"Goedert, Dallas",TE,17,3.864705882352941,2.4,-3.0,15.1,4.9515227813947575,1.2812159403913375,1.0,8.5,0.7515007868588309,-0.43441932397450467,1.6941429410185338,0.6493642088432425,0.6652987890763049,1.32725756664935,,
2018,7422,"Watson, Ben",TE,17,3.841176470588235,3.3,-1.3,13.9,4.183870825743212,1.0892159883251855,0.0,4.8,0.4040047564034656,-0.5305724129359815,1.838573173885915,0.7409861471688051,0.6150770551928513,1.15084741367726,,
2018,12208,"Heuerman, Jeff",TE,11,3.427272727272727,1.1,-1.6,15.6,4.742667241329869,1.3838021128548692,0.15,5.699999999999999,0.656957327968583,-0.3830444290281517,1.437733740057888,0.5968085182799221,0.5901450869344737,0.6798164611012972,,
2018,12317,"Uzomah, C.J.",TE,17,3.411764705882353,3.1,-4.0,10.8,3.704827114000959,1.0858976023795914,0.7,6.5,0.18715415500852856,-0.5322342522000104,1.6356338403142188,0.7251626092124364,0.48555702026204145,0.7560810737996274,,
2018,11676,"Matthews, Jordan",TE,15,3.4,0.7,-1.0,15.6,4.7945802736006,1.410170668706059,0.0,4.1,0.6804570044953876,-0.36983912314520256,1.4106884811710647,0.5867551814736237,0.5389578067739845,0.19696969696969693,,
2018,9912,"Dickson, Ed",TE,11,3.3818181818181814,1.6,-1.0,13.8,4.148782555667973,1.2267905406545083,0.8,5.3,0.3881212111627808,-0.4616754261054897,1.5186961324275172,0.656818994636965,0.64202941898791,0.7080487358300016,,
2018,10838,"Ellison, Rhett",TE,14,3.35,2.0999999999999996,-1.0,11.4,4.268949352174206,1.274313239454987,0.175,3.9750000000000005,0.44251758763395405,-0.4378761790938158,1.4729721226979224,0.6358003799405737,0.5850325496131488,0.75638369096447,,
2018,13678,"Thomas, Ian",TE,17,3.3117647058823527,0.5,-0.2,11.7,4.4759333371660395,1.351525163975536,0.0,6.7,0.5362138423271992,-0.3992086431521754,1.4083475510350978,0.6047854314450605,0.8019631903546238,1.5559880215227886,,
2018,11252,"Toilolo, Levine",TE,17,3.2764705882352945,1.9,-1.0,15.0,4.409819178867929,1.3459053149148077,0.0,3.7,0.5062856862190167,-0.4020230493062983,1.3966763992579472,0.6056525144193333,0.9056849646948377,1.405485327765183,,
2018,11757,"Donald, Aaron",DT,17,14.388235294117647,12.6,2.0,45.3,11.156896171423789,0.7754179677604431,5.5,17.6,4.070666866799575,-0.21188838629334764,8.104139732385004,1.1835451328389959,1.6606998973541092,1.2924514694517053,,
2018,10272,"Watt, J.J.",DT,17,14.21176470588235,11.1,5.0,29.5,7.4084913406601665,0.5212928509570482,8.3,20.0,1.9096546937023913,-0.9267099311027729,9.341899356814634,1.6901682037965395,1.9806283639865336,2.360654410890985,,
2018,12688,"Buckner, DeForest",DT,17,13.164705882352942,12.1,4.0,34.4,7.308813469042668,0.5551824350926066,8.0,16.6,1.8521888905997017,-0.8313828528924337,8.46505566504101,1.5844266971935963,1.6227409265029056,1.5862217835979275,,
2018,12739,"Clark, Kenny",DT,13,13.00769230769231,14.0,0.0,23.0,6.209107645344803,0.47734121460368084,10.0,17.4,1.2181918227448891,-1.0503402789810683,8.804798904349136,1.8043415284680726,1.6702378766257484,1.5524107470130761,,
2018,9051,"Campbell, Calais",DT,17,12.735294117647058,13.1,2.5,23.4,5.334233632201215,0.418854372967301,9.8,15.0,0.7138136998662767,-1.2148563056353165,8.975758443069305,2.0105501086832196,2.3519860891960263,2.1726839665222246,,
2018,11045,"Harrison, Damon",DT,18,12.405555555555557,10.25,5.5,23.9,5.4884193456386186,0.442416248192992,8.175,16.25,0.802704099569455,-1.148579755488305,8.600537862144021,1.9119534195788863,1.9633867451167228,2.6332705413396664,,
2018,10762,"Cox, Fletcher",DT,17,11.270588235294117,10.7,4.5,26.0,6.4802654907380015,0.5749713640007622,6.5,13.2,1.3745184286430392,-0.7757191195700975,7.1560591467926296,1.5067096547908974,1.4898944253863888,1.7409698813854753,,
2018,12741,"Jones, Chris",DT,17,10.958823529411765,9.7,0.0,24.6,7.601242841375614,0.6936185094116234,6.5,12.9,2.0207788540412777,-0.4419798306849491,6.470656448611292,1.274097677686205,1.3149021737250322,0.9855140283770776,,
2018,10823,"Hicks, Akiem",DT,17,10.805882352941175,9.6,2.0,24.1,6.266669120714138,0.5799312740998386,7.0,16.0,1.251376885349033,-0.7617675250022903,6.839463545082236,1.4870475280260482,1.48443619921883,4.023890265409988,,
2018,9904,"Joseph, Linval",DT,16,10.6625,9.5,1.5,36.1,8.634731828493575,0.8098224458141688,4.375,15.75,2.616600912425726,-0.11511297715599457,5.8914619081339525,1.106673251503163,1.156474298997621,1.294155024075665,,
2018,12305,"Jarrett, Grady",DT,15,10.513333333333332,7.5,2.0,27.3,7.149253263259193,0.6800177485661884,6.5,11.0,1.7602000146356998,-0.4802370364283664,6.257870395896673,1.2900977541994632,1.1075701377117522,1.1720406887265946,,
2018,12698,"Reed, Jarran",DT,17,10.329411764705881,11.1,3.0,19.2,5.016298694770449,0.4856325615666153,5.0,13.0,0.5305193917376615,-1.0270177773757625,6.952871141847758,1.7169047430581401,1.8579270775519667,2.346321592656052,,
2018,12696,"Nkemdiche, Robert",DT,10,10.23,9.85,0.0,27.4,6.954574034403544,0.6798215087393493,6.375,11.925,1.647964489818994,-0.4807890340346586,6.089932737959331,1.2860525222036072,1.286052522203607,0.8513576558042593,,
2018,9815,"Suh, Ndamukong",DT,17,10.170588235294119,8.5,1.5,20.5,6.051617645272004,0.5950115672043034,5.5,15.0,1.1273964517366137,-0.7193485837000332,6.3764981047258935,1.4423056874210038,1.42341585629943,1.9272277651367842,,
2018,13723,"Payne, Da'Ron",DT,17,10.147058823529411,12.0,1.5,18.7,5.102838615684045,0.5028884432848045,6.5,14.1,0.5804109672201984,-0.9784791827574757,6.751704605134485,1.6626785439568867,1.5725197626366907,7.039355053993949,,
2018,10335,"Casey, Jurrell",DT,15,9.853333333333332,11.0,3.0,18.3,4.1049346997106895,0.41660365693951523,5.85,12.4,0.005104241462816864,-1.2211872827860477,6.9556034851843105,1.930158545199755,1.7770631898317295,2.216542802932819,,
2018,12697,"Robinson, A'Shawn",DT,13,9.738461538461538,10.5,2.5,20.1,5.573776300545323,0.5723466975283508,4.5,14.0,0.851913677227138,-0.7831019716313921,6.1935841209638465,1.481410545967877,1.3740587111849891,1.2771813673567642,,
2018,13265,"Ogunjobi, Larry",DT,17,9.629411764705882,9.4,0.0,20.0,5.279679658941257,0.5482868308002528,6.0,11.5,0.6823625077917079,-0.8507793083654608,6.219397835818827,1.5334240419406018,1.6566082930701007,2.445512318796552,,
2018,11333,"Short, Kawann",DT,14,9.392857142857142,8.75,0.5,24.0,5.520023846443611,0.5876831471498902,6.625,11.625,0.8209245730902768,-0.7399624947144283,5.916077877200254,1.4406169922186,1.5541393247083244,1.9451116018338592,,
2018,9919,"Peters, Corey",DT,16,9.325,9.0,0.0,20.0,6.257145914872051,0.6710076048120163,3.625,15.350000000000001,1.2458866129049369,-0.5055814217387532,5.5804653271156335,1.2849404034842815,1.1153912937828736,1.3035496156682946,,
2018,12298,"Gunter, Rodney",DT,17,9.229411764705882,7.0,0.0,19.5,6.817603918048555,0.7386823875514686,2.5,16.0,1.5689991426493368,-0.3152208885062847,5.308279321620881,1.1805934224165382,1.8488848176710004,1.4848379812167118,,
2018,10266,"Heyward, Cameron",DT,17,8.652941176470588,9.0,0.0,18.4,4.925338763751815,0.5692097823506517,6.0,11.0,0.478079613466619,-0.7919257139732158,5.514202927991321,1.4603285181608259,1.8673126202201413,2.6544662726859625,,
2018,13328,"Taylor, Vincent",DT,8,8.5875,7.1,5.0,18.5,4.0563029657558864,0.47234969033547436,6.25,9.25,-0.022932689930674956,-1.064380800174861,5.832513876539303,1.69837528687647,,2.5257633484492654,,
2018,13208,"Allen, Jonathan",DT,17,8.423529411764704,7.8,2.0,20.4,5.20752051327633,0.6182112341180002,5.0,10.0,0.6407616671081168,-0.6540908793419753,5.20545725685554,1.356987768908518,1.4886924634310787,1.9303110462773203,,
2018,11707,"Tuitt, Stephon",DT,15,8.233333333333333,8.0,3.0,15.1,3.1197578253590272,0.3789179544970479,6.25,9.5,-0.5628651519855591,-1.3271923576720297,5.970865276271199,1.998499349319354,2.1813400712643896,2.3911195806103027,,
2018,10457,"Guy, Lawrence",DT,17,8.094117647058825,7.5,0.0,17.0,3.968474382849868,0.49029116648581206,6.0,10.5,-0.0735671985750136,-1.0139137158532905,5.431232385376876,1.6290951755730134,1.5306412909324005,2.3638135390766553,,
2018,9868,"Atkins, Geno",DT,17,8.058823529411764,5.0,0.5,26.0,6.924046659672992,0.8591882716382545,2.5,14.2,1.6303649957984985,0.023746795227962542,4.334592495202543,1.0170085911311801,0.8059180870456683,0.8395758701880011,,
2018,12735,"Rankins, Sheldon",DT,17,8.041176470588235,8.9,0.5,14.8,4.532115312318548,0.5636134623951377,5.5,11.5,0.2513803363980143,-0.8076674483053764,5.142688179641783,1.4535446238227674,1.389974790071627,1.132491442802565,,
2018,12764,"Hargrave, Javon",DT,17,8.01764705882353,8.0,0.0,20.1,4.80933348618235,0.5998435015781362,5.0,10.0,0.41120081347316667,-0.7057569685264999,5.0115195960821595,1.3801320027321051,1.355233468769403,1.415446377129951,,
2018,13317,"Godchaux, Davon",DT,17,7.888235294117647,6.5,0.0,17.0,5.077039706357515,0.6436217375695582,4.0,10.0,0.5655375051411557,-0.5826143737524841,4.799300905926243,1.2980391235333453,1.2873826397075534,2.1735681854792666,,
2018,8721,"Mebane, Brandon",DT,13,7.869230769230769,5.5,0.5,27.3,6.957385076348133,0.8841251807676024,4.0,8.5,1.6495850980872064,0.0938911403869003,4.176596570948011,0.9889216989913702,1.2852771749556524,1.2567439728603407,,
2018,10275,"Bailey, Allen",DT,17,7.8352941176470585,7.0,0.0,18.0,5.723834705599404,0.7305194444083324,3.0,12.6,0.9384246211187972,-0.33818220654192965,4.527712267530146,1.1653014181211303,1.2698967621814963,1.2937896558281756,,
2018,11274,"Hunt, Margus",DT,16,7.731249999999999,7.5,0.0,26.7,6.637085085901792,0.8584750313211696,2.375,8.8,1.4649273010646675,0.021740541176052338,4.159996701437489,1.012329954824261,1.2332585934148133,1.4156042136618352,,
2018,12225,"Williams, Leonard",DT,17,7.611764705882353,6.0,0.0,16.2,5.6094334780471975,0.7369425743956906,3.5,15.0,0.8724705802615788,-0.3201147610338681,4.382277697655379,1.151651609954822,1.2794457006832316,1.7134018710531203,,
2018,13691,"Hurst, Maurice",DT,13,7.546153846153846,6.5,1.5,17.8,4.91162128717586,0.6508774386675452,5.0,8.5,0.47017128040143774,-0.5622050118886149,4.57099580465797,1.2764948022844078,1.3151279876406914,1.109427219057192,,
2018,8375,"Williams, Kyle",DT,17,7.464705882352941,6.0,2.0,18.0,5.2296598895677375,0.7005848551824392,3.0,13.3,0.653525352950653,-0.42238438845472004,4.389493332017311,1.1982525554650947,1.1179028961310786,1.3962797522597454,,
2018,11283,"Richardson, Sheldon",DT,17,7.423529411764705,6.5,1.5,20.7,5.502569390402431,0.7412335945866984,2.5,9.5,0.8108618147483244,-0.3080446684734477,4.2633736420223185,1.1416301720242432,1.1024781782377324,1.1944520030887111,,
2018,12791,"Lowry, Dean",DT,17,7.270588235294118,5.0,2.0,16.0,4.7312185603440415,0.6507339443838892,4.0,11.1,0.3661663752898237,-0.5626086430086104,4.404457944316249,1.2685937831094805,1.7196690433937192,1.92127070549851,,
2018,10806,"Wolfe, Derek",DT,17,7.017647058823529,6.0,1.0,18.5,4.52304365172751,0.6445242420734926,4.0,8.5,0.24615038663203717,-0.5800757436799638,4.267281004003537,1.270612274923544,1.3650184121609876,2.285066374724096,,
2018,12271,"Goldman, Eddie",DT,17,6.964705882352941,8.0,0.0,12.5,3.9158713516797987,0.5622450420486197,5.9,9.0,-0.10389364297807774,-0.8115166402245025,4.458139213051949,1.4167795257646514,1.3370059612375071,1.182527362588182,,
2018,12428,"Williams, Xavier",DT,17,6.8999999999999995,7.5,0.0,12.6,3.3136083051561784,0.480233087703794,5.0,8.5,-0.4511074135565878,-1.0422058087531019,4.661428025976367,1.599588908374512,1.6770709563679147,2.124996012926763,,
2018,13683,"Hand, Da'Shawn",DT,13,6.830769230769231,4.0,0.0,21.2,6.675256793145704,0.9772335395370962,2.5,9.0,1.4869338685904037,0.3557930794296713,3.4547103790118947,0.889972728582758,0.7738383488156538,0.7755696971710628,,
2018,9819,"McCoy, Gerald",DT,15,6.713333333333334,5.3,0.5,17.6,4.449249624624609,0.6627482062499417,3.5,10.25,0.20360701203107529,-0.5288140565668428,4.037492452615039,1.231973903892466,1.208889043519488,1.429328689506504,,
2018,10846,"Jackson, Malik",DT,17,6.629411764705882,5.5,0.0,13.1,4.0585080866339736,0.6121973156413271,3.5,10.0,-0.021661404336977167,-0.6710072650575174,4.112034985040726,1.3105468353846632,1.0447261061051742,1.1057599883691582,,
2018,13742,"Hill, B.J.",DT,17,6.564705882352942,5.5,0.0,14.0,3.733148990340868,0.5686696490662612,5.0,8.0,-0.20923585252539872,-0.7934450400186208,4.184887421172797,1.3869637097310497,1.4351039934455794,1.4180467631196203,,
2018,10819,"Crawford, Tyrone",DT,15,6.533333333333333,7.5,0.0,13.5,3.566261659247989,0.5458563764155085,4.4,8.85,-0.3054489272358859,-0.8576158665921544,4.226352093900635,1.430783827313413,1.524006453673859,1.4425723223256284,,
2018,10861,"Crawford, Jack",DT,17,6.423529411764705,7.0,0.0,15.8,4.5597380486892405,0.7098493299241492,2.5,8.1,0.2673052623989127,-0.3963246025114025,3.7567809627118787,1.1553654786450076,1.2988598490605767,1.0998928905808312,,
2018,12952,"Pierce, Michael",DT,15,6.333333333333333,5.5,0.0,14.0,4.015248712374144,0.6339866387959175,3.5,9.25,-0.04660108897531266,-0.6097166778316739,3.8760006862726595,1.2628154048885099,1.67600625086952,2.1822062945731897,,
2018,12801,"Hill, Tyreek",WR,17,18.21764705882353,13.0,2.2,42.0,11.58311323050615,0.6358182916325623,10.2,27.2,2.3051505960270418,-0.4775176086428185,11.136718027918702,1.4477853552694075,1.489522871901707,1.8246222365915596,,
2018,10271,"Jones, Julio",WR,17,16.14117647058824,18.6,-3.4,27.1,7.974965153789215,0.4940758294986029,9.3,22.2,1.021790906849247,-0.5637696424373465,10.803451974726784,1.798466756583836,1.8090233004161334,2.4352982583942624,,
2018,11671,"Evans, Mike",WR,17,16.023529411764706,15.0,-6.3,32.0,10.120307447769076,0.6315904060648836,8.0,24.2,1.7848543291484664,-0.4800903290779848,9.820803893062052,1.4409250362029604,1.300027645678589,3.404919679663495,,
2018,11232,"Hopkins, DeAndre",WR,17,15.61176470588235,13.3,3.2,36.0,8.502724985552032,0.5446357375824588,9.7,19.4,1.2095065103252374,-0.5330033157132099,10.107085007832751,1.6428724107683343,1.6416484432002074,1.5653653799494516,,
2018,11679,"Beckham, Odell",WR,12,15.366666666666667,14.7,3.2,35.1,8.639380121796291,0.5622156261472641,9.375,19.175,1.2581125235614121,-0.522305737021776,9.836456894599076,1.5941550672869513,1.7925528811099423,3.4032110819023087,,
2018,11675,"Adams, Davante",WR,15,14.58,13.6,5.7,26.2,6.619889223645161,0.4540390414022744,8.850000000000001,19.450000000000003,0.5398123994415488,-0.5881325210548017,10.02724107458563,1.913413643174369,2.0250672443952418,2.6433469568665067,,
2018,9988,"Brown, Antonio",WR,15,13.693333333333335,12.1,0.9,33.0,9.123410668287503,0.6662666018710445,6.4,19.2,1.4302743302527656,-0.45898943688583427,8.217972632925093,1.3526403088861085,1.4727155194809374,1.133823526957498,,
2018,10729,"Hilton, T.Y.",WR,15,13.679999999999998,11.0,2.3,34.5,9.762526995267839,0.7136350142739649,6.800000000000001,19.25,1.6575976310991807,-0.43016517458743736,7.983030158727212,1.2710769511672249,1.3080053758650534,1.490580548445802,,
2018,12652,"Thomas, Michael",WR,17,13.576470588235296,12.3,1.3,37.2,9.275491387761033,0.6832034384399374,6.5,18.3,1.4843669729945996,-0.44868316325322355,8.065852456206084,1.3212478192922243,1.0411156143993372,0.9679647803062945,,
2018,9662,"Edelman, Julian",WR,13,13.238461538461538,13.7,5.5,18.7,4.397121166878737,0.3321474443313398,10.7,17.8,-0.250790109600067,-0.6623050589912116,9.937684897264862,2.4528746213266146,2.912101047239458,3.6441498306008673,,
2018,13164,"Kupp, Cooper",WR,8,13.025,11.6,0.9,33.9,9.713231954401172,0.7457375780730267,7.7749999999999995,16.575,1.6400641854147076,-0.4106303691663858,7.461029746737311,1.215786240365039,,1.0938387323262404,,
2018,11938,"Thielen, Adam",WR,17,12.941176470588237,11.4,2.1,24.0,7.924055618144435,0.6123133886747971,4.4,20.7,1.003683211585055,-0.49182063156007416,8.026464682046045,1.4501452057600548,1.1166385154868956,1.4247255994699293,,
2018,13156,"Smith-Schuster, JuJu",WR,17,12.57058823529412,10.1,1.0,31.3,8.785132139746263,0.6988640448090148,3.9,18.3,1.3099541499237959,-0.4391534914142239,7.399408018378127,1.2846620828178295,1.1536415103368336,0.8858307258761281,,
2018,12187,"Lockett, Tyler",WR,17,12.505882352941178,13.8,1.9,22.0,5.57562664251718,0.4458403241899908,7.5,16.3,0.16838515392899,-0.5931215414472747,8.649559805262314,1.9018540791351666,1.9412621856899046,2.29530120046595,,
2018,11228,"Woods, Robert",WR,17,12.423529411764704,11.8,0.6,23.9,7.602362590341064,0.6119325948664683,8.5,17.2,0.8892622245871905,-0.4920523492819921,7.70722637617106,1.4441996929673875,1.359102082350077,0.9458061642973579,,
2018,11674,"Cooks, Brandin",WR,17,12.194117647058825,12.9,-2.1,26.3,7.039758567738067,0.577307745545331,8.4,14.7,0.6891531081578751,-0.5131219965056638,7.730969230004565,1.5167268450064364,1.5757344119168817,1.2499518047821148,,
2018,9918,"Sanders, Emmanuel",WR,12,12.066666666666668,10.25,-0.2,29.5,8.914438974059008,0.7387656608336194,4.6000000000000005,18.025,1.355946491469591,-0.4148728666670831,6.939788919503693,1.2170801291166282,1.0767757347720543,1.0145145634872499,,
2018,12650,"Boyd, Tyler",WR,14,12.014285714285716,10.5,2.9,26.9,7.244491221695591,0.6029897568593238,6.1000000000000005,15.875,0.7619731891415097,-0.4974941763421305,7.494923571953975,1.4572501069162176,1.3996327070665846,1.7642987938329546,,
2018,10261,"Green, A.J.",WR,9,11.200000000000001,12.9,0.9,19.3,5.236410984634419,0.46753669505664447,8.5,14.7,0.04773165190842587,-0.5799190325798852,7.631836422030797,1.7959047323204198,,1.648185585075707,,
2018,11222,"Allen, Keenan",WR,17,11.164705882352942,10.8,-2.1,23.6,6.604449585337109,0.5915471177593827,8.4,14.0,0.5343207707725647,-0.5044571631527727,7.015001791508929,1.4681806693650405,1.5770618330864106,1.370053665447051,,
2018,13277,"Golladay, Kenny",WR,15,10.779999999999998,10.6,-2.0,25.3,7.92567137009015,0.7352199786725558,4.95,15.7,1.0042579083188785,-0.4170304579278563,6.212468812309724,1.2077522858531053,0.9255088969705697,0.7031942644153809,,
2018,9075,"Jackson, DeSean",WR,12,10.591666666666667,7.25,-2.0,34.7,10.45804780486726,0.987384529177082,3.825,12.775,1.9049830906328657,-0.26358522349032465,5.329450094417495,0.9243866710145368,1.0517707365248954,0.7271657065089641,,
2018,12186,"Diggs, Stefon",WR,16,10.25,9.649999999999999,-4.6,26.8,8.156362547116208,0.7957426875235325,6.375,15.375,1.0863110144967179,-0.38020164424309577,5.70794472460614,1.1194401649406327,1.1869189170595926,1.6166757588858789,,
2018,10722,"Jeffery, Alshon",WR,14,10.171428571428574,10.45,0.8,28.0,7.133264987910873,0.701304142069889,3.7,14.425,0.7224118236478144,-0.43766866218070916,5.978606834550771,1.2505959890089882,1.1451603434902948,1.9471685186749241,,
2018,10960,"Gordon, Josh",WR,12,9.491666666666665,8.6,1.9,23.5,6.056464636146147,0.6380823146071447,5.15,13.049999999999999,0.3394114214013707,-0.47613992278090145,5.794377109152184,1.3451022794114775,1.3938311839028912,1.7244201658478007,,
2018,12175,"Cooper, Amari",WR,16,9.2625,3.4000000000000004,-6.3,47.4,14.861354034878516,1.604464673131284,0.3,12.125,3.4711676247897287,0.11191564356790511,3.556393026004811,0.5839665377641854,0.5945644752538481,0.36750432236896646,,
2018,13163,"Godwin, Chris",WR,17,8.864705882352942,9.2,-10.9,24.8,8.815423727860738,0.9944406328708197,3.4,11.7,1.3207283760034156,-0.25929149749539465,4.444707822459968,0.903140417381145,0.7779163977178496,0.500268046089548,,
2018,13629,"Ridley, Calvin",WR,17,8.852941176470589,7.9,-2.0,38.0,9.103142162563095,1.0282619054057982,3.9,12.9,1.423065151845032,-0.23871083664230508,4.364791920055001,0.8762562214827492,1.116720939900627,0.9709307958719274,,
2018,13154,"Williams, Mike",WR,17,8.83529411764706,8.9,-0.5,27.0,7.026666951187211,0.7952951942089387,4.5,11.0,0.6844966327055626,-0.3804739494359934,4.921360089497793,1.1007425836125224,1.0844898324608616,1.0550530370367024,,
2018,10738,"Jones, Marvin",WR,9,8.677777777777777,6.7,2.1,24.9,6.539415158657841,0.7535817724445656,5.5,8.2,0.5111890810984244,-0.4058570802885237,4.948601721424485,1.1509881861078715,,0.9448300955917405,,
2018,11680,"Landry, Jarvis",WR,17,8.658823529411766,9.3,-6.8,21.7,7.585051771782632,0.8759910334259832,2.5,14.6,0.8831050474835341,-0.33136953748745307,4.615599635142604,1.0085930474958356,1.0874411292051263,1.9258442706838523,,
2018,10723,"Sanu, Mohamed",WR,17,8.605882352941176,7.3,-0.4,19.5,6.158253246252763,0.7155865016151537,3.2,13.9,0.3756159773815477,-0.4289776705073775,5.016291714139214,1.2022321726946759,1.2742922880605447,1.6375937553963653,,
2018,13635,"Moore, D.J.",WR,17,8.6,7.4,-1.2,30.9,8.827297234747917,1.0264299110171997,1.5,12.9,1.3249515896255255,-0.2398256277891348,4.243916827936619,0.8751134512947905,0.8440569996675397,0.913135206400282,,
2018,11670,"Watkins, Sammy",WR,10,8.569999999999999,9.15,-1.0,24.4,8.547988067375854,0.997431513112702,0.39999999999999997,10.75,1.2256058536408545,-0.2574715100349369,4.2905100594137116,0.8975712935044918,0.897571293504492,0.9095447686780064,,
2018,13157,"Samuel, Curtis",WR,14,8.392857142857144,9.25,-1.3,17.1,5.631349024588575,0.6709692454828939,3.5,11.649999999999999,0.18820470052599692,-0.4561278203340523,5.0227478246804536,1.2656334498059174,1.3683899195379374,1.0304260641591136,,
2018,12505,"Humphries, Adam",WR,17,8.299999999999999,8.8,0.1,21.3,6.126125346800038,0.7380873911807275,2.4,13.7,0.36418860517317037,-0.41528560210389065,4.775364024913381,1.1647283195386235,1.6035819553538917,1.2049344738444958,,
2018,12658,"Shepard, Sterling",WR,17,7.8352941176470585,5.1,-0.6,27.9,7.486375167515245,0.9554683021603542,1.9,11.0,0.8480073814540009,-0.2830066406845522,4.0068632710593235,0.9232792520933506,0.8882229674755004,0.968387188070269,,
2018,13153,"Davis, Corey",WR,17,7.694117647058825,5.1,-3.5,28.5,8.802303882121885,1.144030321070887,2.4,8.8,1.3160618598872602,-0.16826432999952332,3.5886235243239537,0.7849295165284443,0.9736191483155278,1.482931619885389,,
2018,11678,"Robinson, Allen",WR,13,7.584615384615385,5.6,-3.7,29.6,7.495829215056983,0.9882939127357077,4.4,9.3,0.8513700326691576,-0.26303185239566534,3.814634916917117,0.8927457453091604,0.8259303604471095,1.726855994436293,,
2018,13633,"Kirk, Christian",WR,12,7.583333333333335,6.9,-3.4,19.0,6.580379083980564,0.8677422967886456,3.225,12.175,0.5257592842474889,-0.3363889953160704,4.060160412050394,1.0003897231682006,1.2113696563557477,0.9067968841868991,,
2018,12656,"Higgins, Rashard",WR,14,7.578571428571429,9.0,-2.2,14.7,5.432334222232725,0.7168018766376827,2.7249999999999996,12.899999999999999,0.11741836652232698,-0.42823809983858857,4.414354114881263,1.1781992612225978,1.179663576079358,1.121928728183991,,
2018,9118,"Nelson, Jordy",WR,16,7.34375,6.85,-1.9,37.6,9.233699742654622,1.2573548585742464,0.725,10.225,1.4695023633572941,-0.09930495331498926,3.253254565672647,0.7176045989888532,0.8451662315226052,2.6329742716670608,,
2018,13634,"Pettis, Dante",WR,12,7.083333333333333,4.5,-1.6,28.4,8.768678476385267,1.2379310790190965,0.0,12.674999999999999,1.3041018490071388,-0.11112456238192439,3.1651257716292207,0.7251066099121322,0.6082244118395587,1.3056638472842983,,
2018,13653,"Foster, Robert",WR,14,6.992857142857143,4.6,-2.0,22.6,8.73167176643366,1.2486558195104314,0.0,15.325000000000001,1.2909391631164309,-0.10459842571568022,3.1097943412165234,0.7185668927898702,1.0493147678075616,1.371534600272893,,
2018,10527,"Baldwin, Doug",WR,14,6.92857142857143,4.5,-1.0,20.7,6.793213900801359,0.98046386197133,1.85,11.875,0.601461173015281,-0.2677965347143886,3.49845890228707,0.8890518747161528,1.0395572984644388,1.0043639283542445,,
2018,12181,"Agholor, Nelson",WR,17,6.829411764705883,7.0,-9.1,23.7,7.45573326222905,1.0917094354685086,1.8,12.5,0.8371085532441321,-0.20010223323046195,3.2649906573549528,0.8076664143619822,1.0282719591104388,1.3052915406818977,,
2018,12391,"Williams, Tyrell",WR,17,6.688235294117646,4.7,0.0,28.8,8.110333448787358,1.2126268129233517,1.3,6.6,1.0699392115472677,-0.12652251992814795,3.0227579522463897,0.7341372664035576,0.7695886470018632,0.82497088516684,,
2018,9831,"Tate, Golden",WR,16,6.65,3.45,-1.1,30.4,7.750564495570629,1.1654984203865606,1.4000000000000001,8.925,0.9419752360786787,-0.15520072718211378,3.07088656237067,0.7599509726905167,0.5743248550491138,0.6339598190096677,,
2018,7393,"Fitzgerald, Larry",WR,17,6.6117647058823525,5.0,0.1,18.4,4.942002732036903,0.7474559292226632,3.3,9.0,-0.05698458354295175,-0.409584731330003,3.7836517621497467,1.1127165375125732,1.418392091630192,1.4107755435478533,,
2018,11227,"Stills, Kenny",WR,16,6.574999999999999,3.4,-2.3,26.2,8.374626857359079,1.2737075068226738,1.275,8.725,1.1639440859217607,-0.08935416546977475,2.891752778345726,0.701361248830787,0.6075718509745497,0.6417935085178548,,
2018,12930,"Chosen, Robbie",WR,15,6.54,3.1,-2.1,29.1,9.514185899662323,1.4547684861868995,-1.0,11.8,1.569266735445817,0.020823670274564048,2.6642023623819906,0.6220167745188946,0.7020985796052297,0.9040437616531846,,
2018,10973,"Beasley, Cole",WR,17,6.511764705882353,5.7,-1.5,21.7,7.255171166176511,1.1141635937217766,0.6,7.6,0.7657718719943323,-0.18643860140601837,3.0800666160460333,0.7888103801605802,0.7000409585030967,1.1201059494737124,,
2018,9884,"Thomas, Demaryius",WR,15,6.459999999999999,5.6,-4.9,21.5,6.4427530347411786,0.9973301911364055,2.2,10.399999999999999,0.4768079330226424,-0.25753316570531315,3.234317504770958,0.8679583979000918,1.114560600038406,1.446112062563644,,
2018,11957,"Inman, Dontrelle",WR,10,6.369999999999999,6.300000000000001,-2.2,15.9,6.046660235204224,0.9492402253067858,1.375,9.35,0.3359241551700885,-0.28679650214992747,3.2679399477288342,0.903974334987273,0.903974334987273,0.8689963024190418,,
2018,12197,"Perriman, Breshad",WR,11,6.309090909090909,5.6,-2.2,15.2,5.5057745793855615,0.8726732042253772,1.85,11.0,0.14353990918765175,-0.33338847741573424,3.36902930786615,0.9697678319630268,1.062376309680742,3.7257111900638105,,
2018,13176,"Jones, Zay",WR,17,6.088235294117647,2.9,-3.3,20.6,7.504342456827417,1.2325973117494309,0.7,10.9,0.8543980545463363,-0.11437022545189815,2.726974211640071,0.715897240148169,0.7719890474219802,0.782521700482913,,
2018,13158,"Westbrook, Dede",WR,17,6.0588235294117645,4.8,-3.5,18.4,6.403864533924661,1.0569485153079539,1.8,8.1,0.46297592467394755,-0.22125468123565808,2.9455397081266637,0.8183325750559196,0.5647975577789237,0.43559143660830824,,
2018,11975,"Gabriel, Taylor",WR,17,6.000000000000001,5.2,-6.1,26.8,7.798793270153289,1.2997988783588812,2.2,8.3,0.9591294281577762,-0.07347724456967292,2.608923787405947,0.6819116912716681,0.6555060066117226,1.263511494300829,,
2018,13630,"Sutton, Courtland",WR,17,5.741176470588236,5.7,-3.7,16.0,5.182670084440283,0.9027191745439016,2.5,9.1,0.028616886243920284,-0.31510513445493876,3.017353557686434,0.9285917560176566,0.9381829411213999,0.6571055856573116,,
2018,11239,"Goodwin, Marquise",WR,11,5.663636363636363,0.9,-1.4,31.7,9.424366168923532,1.6640132882529513,-0.35000000000000003,9.05,1.537319315530653,0.14815170922222703,2.125979021429939,0.5433075039632089,0.5952542566210102,0.35860593103363775,,
2018,13640,"Callaway, Antonio",WR,17,5.58235294117647,6.5,-5.0,18.1,6.789805099352796,1.216298068377213,-0.5,8.3,0.6002487176851558,-0.12428851577224771,2.518773544419457,0.7166229282989727,1.2110787206597566,0.8699353495821934,,
2018,10983,"Hogan, Chris",WR,17,5.394117647058824,4.8,-2.0,15.6,5.253846835833194,0.9739955966102977,1.7,8.8,0.05393330109222849,-0.2717325538445238,2.73258849022839,0.8625279429856985,0.6306809395358657,0.7027245434288192,,
2018,13645,"Smith, Tre'Quan",WR,16,5.24375,1.4,-2.0,28.7,9.1198936911293,1.7391930757815113,-0.25,6.824999999999999,1.429023398579057,0.19389953578707422,1.914341141689664,0.5181625578336326,0.5583341786786599,0.7405227028656587,,
2018,11783,"Brown, John",WR,17,5.070588235294117,0.4,-4.0,27.3,8.737058645312295,1.7230858117205223,-1.1,10.0,1.2928551884724675,0.18409806724187,1.8620743472238863,0.520751534934551,-0.06845147167109385,0.07922321771868963,,
2018,11330,"Williams, Shawn",S,17,12.323529411764707,8.5,2.0,29.7,9.337560420263749,0.7577018002123328,4.0,21.2,2.773675602494601,-0.5154021757045282,7.01116048824437,1.1921119597625809,1.4978619632891848,1.3308471104904067,,
2018,13229,"Jackson, Eddie",S,14,12.178571428571427,10.75,2.0,33.3,8.384950683169441,0.6885003493511566,5.875,16.475,2.2943123309722115,-0.6683895660318823,7.212655557490001,1.2976702637779378,1.2997062667052393,2.4092191622548884,,
2018,13274,"Johnson, John",S,17,10.294117647058824,10.5,4.0,20.8,4.371090937759036,0.4246202625251635,7.0,12.0,0.27449575334523524,-1.2517635464972696,7.2258677753272496,1.9165785436047387,1.6738006778572712,1.6506521677598447,,
2018,9966,"Jones, Reshad",S,15,10.120000000000001,6.5,1.0,35.5,8.77725849378191,0.8673180329824021,5.0,11.75,2.4917257608544228,-0.2730676410912224,5.419537444211771,1.0350549703105494,1.2293804776649893,1.4815454278494218,,
2018,13251,"Baker, Budda",S,15,9.886666666666667,8.5,2.5,29.4,6.962745307866878,0.7042560999191043,5.0,12.1,1.578643579190104,-0.6335574760678354,5.801162552468467,1.241615332955461,1.1121126591427053,1.519671565272442,,
2018,13717,"Reid, Justin",S,17,9.794117647058824,5.5,3.0,34.7,7.833598120632111,0.7998268351396148,5.0,13.5,2.016865903701458,-0.4222740825681297,5.44169997681976,1.1087348001697388,1.2782594320135574,2.0437031313469958,,
2018,11317,"Poyer, Jordan",S,17,9.776470588235293,9.0,2.0,19.5,5.116125534467373,0.5233100727192861,6.0,14.5,0.6494050239189787,-1.0335846452515554,6.417912389158665,1.5984744808032598,1.6806428145685008,2.505374385259593,,
2018,9861,"Jackson, Kareem",S,17,9.75294117647059,9.0,1.0,20.0,5.650415668942764,0.5793550444633714,5.5,14.0,0.9182654573483984,-0.9096829949046803,6.17526832276299,1.4665160287674233,1.4082561032285503,1.5784225627201622,,
2018,10783,"Smith, Harrison",S,17,9.63529411764706,8.0,1.0,26.6,6.769911040902244,0.7026159199959593,5.5,12.5,1.481607341290892,-0.6371835105365731,5.659111960887766,1.2400777907140887,1.435427018481686,1.4721356257806126,,
2018,13301,"Kazee, Damontae",S,17,9.529411764705882,9.0,3.0,19.5,5.072853322386705,0.5323364597566296,5.0,12.8,0.62762999019712,-1.013629523216642,6.218876868738979,1.569181941144053,1.6627421189381237,1.6796756883092203,,
2018,13714,"James, Derwin",S,17,9.223529411764707,7.0,4.5,18.0,4.526072107216497,0.4907093483589314,6.5,13.7,0.352483913157777,-1.1056568298749299,6.187342570782535,1.669093206315513,1.5977309563621318,3.098655106220078,,
2018,9430,"Jenkins, Malcolm",S,17,9.217647058823529,8.0,3.0,23.3,4.91076072867087,0.5327564287645488,5.5,12.0,0.5460632866589219,-1.0127010750159124,6.013771585517505,1.5594688199967561,1.6070410615183222,1.7583570928144077,,
2018,11956,"Sorensen, Daniel",S,8,9.025,5.25,2.0,23.6,8.615502016713826,0.9546262622397591,2.75,11.525,2.4103281947600332,-0.08005061641957573,4.617250967281321,0.9385885400796126,,1.0872096250898857,,
2018,12752,"Byard, Kevin",S,17,8.941176470588236,6.5,1.0,24.2,6.341187384035136,0.7092117468986665,5.0,13.0,1.2658690733179776,-0.622601759253346,5.231169565041802,1.2179469073398934,1.464010716987865,1.847907418200915,,
2018,12250,"Collins, Landon",S,12,8.875,8.0,5.5,13.5,2.6467354105262078,0.2982237082283051,6.5,11.375,-0.5932181431380755,-1.5311952455094457,6.836263999608954,2.4336835555391656,2.6813218261477147,2.7065680672115384,,
2018,8448,"Bethea, Antoine",S,17,8.694117647058823,8.0,5.0,11.8,2.04808966607344,0.23557188310722924,7.0,11.0,-0.8944629985803053,-1.6697030239626363,7.036513023584482,2.852316893373618,2.8646790177314454,3.1975175703714727,,
2018,11517,"McDougald, Bradley",S,17,8.58235294117647,8.0,0.0,25.9,5.914313176187135,0.689124907437843,6.0,10.5,1.051061467606628,-0.6670088216890838,5.080946295555283,1.2412444623905752,1.167138744096183,1.4165019704950959,,
2018,11740,"Clinton-Dix, Ha Ha",S,17,8.51764705882353,7.0,3.5,18.0,3.988547619212618,0.46826871220037647,5.0,11.0,0.08199591890433607,-1.1552675579804736,5.80115001296923,1.7074402629773708,1.5637458016010364,2.7128868672313584,,
2018,13737,"Bates, Jessie",S,17,8.405882352941177,7.5,2.0,24.2,4.816206780326718,0.5729567198429265,6.5,8.0,0.49848274213093274,-0.9238281172101764,5.344001043957889,1.4452516339986432,1.158531950864433,2.5037492620093054,,
2018,11802,"Boston, Tre",S,15,8.326666666666666,6.5,2.0,19.4,5.7277647375646366,0.6878820741670901,3.75,11.5,0.9571883248564386,-0.6697564204220342,4.933204039610161,1.237657229625543,1.236380047178846,1.0505972214274792,,
2018,11326,"McDonald, T.J.",S,14,8.192857142857143,7.0,2.5,22.0,5.130227547962912,0.6261829613904164,4.75,9.75,0.6565013059125832,-0.8061579861659693,5.038090631482265,1.3364686838712287,1.2567260379398495,1.568161298417938,,
2018,12088,"Phillips, Adrian",S,17,8.0,8.0,0.5,18.0,4.976414962837499,0.6220518703546873,5.0,10.5,0.5791011900666806,-0.8152908125575542,4.9320247682650695,1.3385951360047024,1.6589599976096236,2.4576889386649863,,
2018,12349,"Diggs, Quandre",S,17,7.98235294117647,6.5,2.0,23.6,5.346602581972049,0.6698028289869186,5.0,9.5,0.7653835061877624,-0.7097251855965023,4.780416467505581,1.2577363775464496,1.3323827334672864,1.809739271250403,,
2018,12716,"Mills, Jalen",S,8,7.9375,8.75,1.0,14.0,4.4960920531056745,0.5664367940920535,4.125,11.625,0.3373976335835011,-0.9382420697117675,5.0672328624665495,1.444207979652517,,1.2150987887081377,,
2018,11350,"Swearinger, D.J.",S,15,7.88,5.5,0.0,25.8,7.12743057957541,0.9044962664435799,3.25,10.35,1.661514945651835,-0.1908757095142832,4.1375770269767775,0.9695561128264554,0.8313529787135552,1.0686316356788579,,
2018,13257,"Evans, Justin",S,10,7.81,6.5,2.0,19.6,4.841993391156168,0.6199735456025824,6.0,7.375,0.511458836797343,-0.819885477497674,4.821066381732122,1.3368724469670017,1.336872446967002,1.9805014761531436,,
2018,11313,"Mathieu, Tyrann",S,17,7.764705882352941,7.5,2.0,16.2,4.194526009325317,0.5402041072615938,4.0,10.0,0.1856464182667664,-0.9962360893388663,5.041348640576086,1.4947862169548454,1.6093536463493932,1.5991442507038762,,
2018,9846,"McCourty, Devin",S,17,7.6647058823529415,5.0,1.5,29.1,7.303177485456796,0.952832058731892,4.0,7.0,1.7499526431503,-0.08401715915775355,3.9249180942523862,0.9231051480927449,0.9719585726077511,1.5892944541906249,,
2018,12750,"Bradberry, James",S,17,7.541176470588234,6.5,1.0,21.4,4.534969851839528,0.6013610567961933,5.5,8.8,0.3569613521399534,-0.8610331131982438,4.709229338744938,1.3624602612933745,1.2783245867082917,1.2784405571616353,,
2018,11327,"Jefferson, Tony",S,15,7.513333333333333,6.5,2.0,17.3,4.196008685511612,0.5584749803254142,5.0,9.5,0.18639251656872005,-0.9558436820374118,4.820952166819211,1.4459816732568744,1.7318754157877108,1.3125275652414135,,
2018,12295,"Geathers, Clayton",S,12,7.5,7.25,1.5,14.0,3.391164991562634,0.4521553322083512,6.0,8.375,-0.21861332283448548,-1.1908902786554814,5.164736742449204,1.70797499397331,1.633773249901486,3.1462895200637733,,
2018,12274,"Tartt, Jaquiski",S,8,7.3125,7.25,4.0,12.5,2.703441094235271,0.369701346220208,4.875,8.75,-0.5646832447445277,-1.3731757651797423,5.338755065240596,1.9745150021104816,,2.3024866789256473,,
2018,12767,"Simmons, Justin",S,17,7.2176470588235295,6.5,1.0,17.2,4.4949952946540375,0.622778484181896,3.5,10.0,0.33684573315778193,-0.8136844480692804,4.447709363402251,1.3134946750264596,1.0794601333534481,1.1648304734498764,,
2018,11543,"Heath, Jeff",S,17,7.205882352941177,5.5,2.5,20.5,4.497381014119124,0.6241263448165315,5.0,8.0,0.33804625236642144,-0.8107046596623649,4.436774500911865,1.3107845962348337,1.2243481570523063,2.909090909090909,,
2018,13231,"Peppers, Jabrill",S,17,7.152941176470588,6.5,0.0,20.2,4.632381885997339,0.6476191781410754,4.0,9.5,0.40598011560753305,-0.7587677823716339,4.341380138911035,1.2699673639412679,1.225565343146695,1.3662613700841708,,
2018,11316,"Ryan, Logan",S,14,7.135714285714285,7.2,2.5,11.4,2.6020890351674706,0.3646571220454914,5.5,9.350000000000001,-0.6156846703214546,-1.3843273043904467,5.2289429853401765,1.9809933113945162,1.9847829080560402,1.9947691836262416,,
2018,13017,"Riley, Curtis",S,17,7.094117647058823,5.5,1.0,18.4,5.193374805318032,0.73206775862692,4.5,6.5,0.688277672135491,-0.5720727379093928,4.095750649317909,1.1454365140258191,1.0225900586649512,0.9972159312787072,,
2018,12308,"Amos, Adrian",S,17,6.929411764705883,6.0,2.0,21.1,4.846316333765309,0.699383511663924,3.5,7.8,0.5136341871334018,-0.644329570467925,4.077603270330109,1.1852611745767456,1.2922786495056373,1.6903742801415191,,
2018,12998,"Adams, Andrew",S,14,6.9071428571428575,4.5,0.0,28.2,7.672163439130758,1.1107578919113816,1.25,8.125,1.9356302685317928,0.26511802200877205,3.272352022755269,0.7964728646575399,1.0140406224884082,1.8077881019144733,,
2018,13713,"Fitzpatrick, Minkah",S,17,6.858823529411764,4.5,1.5,29.5,6.9019229054219045,1.0062837855246345,3.0,6.5,1.5480371044895547,0.034151464313985413,3.4186706680771044,0.8679942352646319,0.7721797899182336,0.805659722976617,,
2018,12246,"Williams, P.J.",S,16,6.83125,4.5,0.0,26.3,6.917072967484151,1.0125632889272316,1.75,8.25,1.555660775580801,0.04803390212648563,3.3943031941327426,0.8628504534512079,0.9660954924769127,1.0873360382418817,,
2018,10610,"Parker, Ron",S,16,6.73125,5.1,1.0,20.0,5.122465074307486,0.7609975969259033,4.375,6.875,0.6525951472605404,-0.5081159796496201,3.822407260379259,1.0994346098023882,1.0164114064113192,1.0977244179978833,,
2018,11323,"Reid, Eric",S,14,6.685714285714285,6.25,3.0,16.9,3.3542844974444126,0.5017092197032241,4.125,7.875,-0.23717197663304798,-1.0813388193425217,4.4520698135126,1.5354334999557837,1.5019698560804235,1.9614047802963097,,
2018,12718,"Bell, Vonn",S,17,6.429411764705883,5.0,2.0,17.3,4.044279141160548,0.6290278627605609,4.0,7.0,0.11004060882045072,-0.7998686088344126,3.9467782667698272,1.2745947606750911,1.2736568960012902,1.529331574863422,,
2018,12748,"Davis, Sean",S,15,6.2733333333333325,4.5,1.0,19.1,4.254325902994374,0.6781603458545762,3.75,8.25,0.21573835576189224,-0.6912487710229879,3.7382204560069843,1.193936853014435,1.129979048719311,1.2075843662021672,,
2018,11742,"Joyner, Lamarcus",S,15,6.2,5.5,0.0,16.8,3.796314001765397,0.6123087099621608,4.25,7.25,-0.014738065819736473,-0.8368305442169915,3.8454174201822107,1.292659320828024,1.4550851205342548,1.5715653412664072,,
2018,13253,"Williams, Marcus",S,17,5.982352941176471,4.0,1.0,23.2,6.022822798627552,1.006764872926926,2.5,5.5,1.1056646545983524,0.03521503025487303,2.98109311254339,0.85184449511464,0.8230511642236534,1.845234179197571,,
2018,13325,"Woods, Xavier",S,15,5.92,5.5,0.5,16.5,4.610451893975976,0.7787925496581041,2.5,8.0,0.3949447122199024,-0.4687757151664464,3.3281002897936935,1.0551734712058383,1.3895744614510754,1.5606690863553014,,
2018,12221,"Hunter, Danielle",DE,17,12.13529411764706,10.0,5.0,39.0,7.925382987700348,0.6530853649583418,6.0,15.4,2.0330882123661107,-0.8805052361111938,7.34099664475154,1.3596384753875703,1.0997127473071922,1.5896186807181416,,
2018,12083,"Autry, Denico",DE,13,11.892307692307693,7.5,2.5,38.6,10.215106576383036,0.858967564637642,6.0,11.5,3.237369481608799,-0.28151793814166753,6.397264760574665,1.0603829407516037,1.077452235541282,1.7526170845278037,,
2018,11769,"Lawrence, Demarcus",DE,17,11.623529411764705,11.6,1.0,25.2,6.583806284385305,0.5664205811465091,8.3,13.1,1.3274852727623132,-1.132645075132848,7.420439664586828,1.5326775204816343,2.4858181630376905,3.8358629805722706,,
2018,9833,"Pierre-Paul, Jason",DE,17,10.894117647058822,10.6,0.0,27.0,7.125469692525564,0.654065792510446,7.6,14.3,1.6123734137945493,-0.8776528105435412,6.586266215278145,1.340736973898269,1.2321567164243756,1.4665188121798642,,
2018,12222,"Flowers, Trey",DE,16,10.5625,8.35,2.0,22.4,6.210160525300453,0.5879441917444216,6.225,13.825000000000001,1.1309660984733634,-1.070024948795194,6.651682127692827,1.4649465796130596,1.5414950450010803,1.7163482444668647,,
2018,12686,"Bosa, Joey",DE,8,10.2625,12.8,2.5,16.5,5.458923314171028,0.5319291901750088,4.675000000000001,14.4,0.7358525107054318,-1.232993260228068,6.699069425544142,1.5888871102531648,,1.6122033186588107,,
2018,10753,"Jones, Chandler",DE,17,10.247058823529413,9.7,1.0,30.9,7.041400065249292,0.6871630373664636,5.0,12.0,1.5681569511868179,-0.7813607109962147,6.07354392941438,1.2742879026516565,1.472113748546236,1.51809520865345,,
2018,13214,"Watt, T.J.",DE,17,9.94705882352941,7.4,1.0,25.0,8.102513600334072,0.8145637563907703,3.5,18.2,2.126250146871489,-0.4107050031855661,5.481790754662957,1.0927815392843074,1.1972000274029186,1.7139778261383263,,
2018,11721,"Mack, Khalil",DE,15,9.9,10.7,0.0,32.5,8.431449064860283,0.8516615217030589,1.5,13.850000000000001,2.2992539193252894,-0.3027739132723592,5.3465495091643485,1.0496796337357581,1.0328555192162117,0.9687402687050687,,
2018,10277,"Houston, Justin",DE,13,9.884615384615385,8.5,0.5,21.6,6.879607116895574,0.6959913814758169,4.3,16.5,1.4830618688978556,-0.7556757999556106,5.828222650526676,1.2544553602705193,1.5127794712990168,1.9139012880793298,,
2018,10292,"Jordan, Cameron",DE,17,9.847058823529412,9.0,1.5,26.0,6.634058082621723,0.6737096021778333,4.4,12.0,1.3539152312345926,-0.8205017188375837,5.883373561767469,1.2898852375704863,1.0881227745509188,1.03534882279885,,
2018,13198,"Garrett, Myles",DE,17,9.68235294117647,8.5,2.5,30.4,7.090775722445377,0.7323401414433257,4.8,14.2,1.5941261028397486,-0.6499238430045209,5.589175422044697,1.1967150336791255,1.6079353023116454,1.4999645738715122,,
2018,12280,"Clark, Frank",DE,17,9.629411764705882,9.5,1.7,24.9,5.927777552574216,0.6155908270846773,5.0,10.3,0.9824466324172344,-0.9895906838310359,5.960303564041701,1.3899712702420413,1.9494431031117305,6.938538620759458,,
2018,11723,"Van Noy, Kyle",DE,17,9.07058823529412,7.0,1.0,18.9,5.476878104506827,0.6038062761129446,5.0,13.5,0.7452958416827845,-1.023876291597699,5.655663262073021,1.4004568387634935,1.4986998696923928,1.4139246880940661,,
2018,11711,"Ford, Dee",DE,17,9.052941176470586,8.7,0.5,20.3,5.378510360910551,0.5941174537717958,4.5,13.5,0.6935592776292969,-1.052064651366885,5.6789674782436395,1.4192876807020272,1.671055473326685,2.0665626031377755,,
2018,10267,"Miller, Von",DE,17,8.92941176470588,7.0,2.0,32.8,7.822498826415593,0.876037417978031,4.7,7.5,1.978976236165413,-0.23185543528798486,4.759719437968293,1.0121182150764563,1.3416898465754235,2.0451706524632094,,
2018,9825,"Dunlap, Carlos",DE,17,8.758823529411766,6.5,2.0,21.6,5.556136916909659,0.6343473981696722,5.0,11.5,0.7869820537963016,-0.9350208965892297,5.359217715414048,1.3359732477247255,1.1670433192252712,1.050899905185391,,
2018,10320,"Sheard, Jabaal",DE,17,8.482352941176472,8.0,2.0,17.0,4.363112123799284,0.5143752157044924,5.0,11.7,0.1595100658296082,-1.284064250110142,5.601222770428433,1.5816102190993326,1.328042825601165,1.425220286842736,,
2018,9749,"Bennett, Michael",DE,17,8.476470588235296,6.0,1.0,26.1,6.789137466810685,0.8009391876181932,4.0,12.6,1.435479311085778,-0.45034390177805317,4.706694510571306,1.0882425203500798,1.0573762832746736,1.0872071395775935,,
2018,11491,"Mayowa, Benson",DE,15,8.433333333333334,7.5,0.0,23.4,6.3385241885543735,0.7516036587218624,4.5,9.8,1.1984790315069127,-0.5938791622014524,4.814635600548529,1.149186555314009,1.1417838874306356,1.336494047352951,,
2018,9853,"Hughes, Jerry",DE,17,7.876470588235295,5.8,0.0,16.6,5.200399239398351,0.6602448623582671,4.5,12.0,0.5998816439877824,-0.8596756160222248,4.744162000927558,1.2703166818979836,1.1247344478557586,1.2242965386676283,,
2018,10749,"Ingram, Melvin",DE,17,7.870588235294118,4.5,0.0,27.1,7.503706120067082,0.9533856804270582,2.0,12.5,1.8113070524594577,-0.006820795094956459,4.029203405224827,0.9255480050893421,0.9833061646801261,1.122988888078318,,
2018,11706,"Clowney, Jadeveon",DE,16,7.8125,4.25,1.0,26.8,7.917770756342975,1.0134746568119009,2.875,8.9,2.0290845554679,0.16800021254230724,3.8801084352212163,0.8760597478291505,0.8506045530320933,0.904152372421585,,
2018,12691,"Ogbah, Emmanuel",DE,15,7.453333333333333,6.5,1.9,18.8,4.29555842961334,0.5763271596082299,4.0,9.25,0.12398016650971495,-1.1038231824478446,4.728290880419605,1.407468812288706,1.4686407314366647,1.5850976350492776,,
2018,13681,"Chubb, Bradley",DE,17,7.311764705882353,5.9,2.5,16.8,4.617980505008297,0.6315822090518186,3.5,11.8,0.29355821868495025,-0.9430658522029636,4.481395215832568,1.3014934279967842,1.471287586931141,1.694796303428208,,
2018,9828,"Griffen, Everson",DE,12,7.283333333333332,6.65,2.0,12.2,3.1026422431355,0.42599206999572087,4.875,9.325,-0.5034346997441552,-1.5412034380370658,5.107555284900839,1.7752786866853263,1.8205611136414306,2.372659009844206,,
2018,9826,"Graham, Brandon",DE,17,7.264705882352941,8.0,0.0,15.9,4.634898460271187,0.6380022172033213,3.0,11.5,0.3024562257359699,-0.9243876792399731,4.435101372912971,1.289234568035733,1.1604952704636673,1.1725470966839535,,
2018,12756,"Ngakoue, Yannick",DE,17,7.158823529411765,6.6,0.0,16.5,5.0345931342742745,0.7032710212215503,3.5,9.2,0.5126758398837654,-0.7344966414451586,4.202985573181188,1.1862976293716099,1.4505950908219793,1.3446905792478512,,
2018,12687,"Lawson, Shaq",DE,15,7.153333333333334,7.0,0.0,14.7,4.735239052982319,0.6619625889537257,3.5,10.75,0.3552304107703502,-0.8546781154434139,4.304148228653362,1.2472598382126039,1.291054836182664,1.7770833210578578,,
2018,12753,"Nassib, Carl",DE,15,7.066666666666666,7.0,0.0,14.2,4.641503587799492,0.6568165454433244,4.0,10.55,0.30593019587044934,-0.8696498551194537,4.265207687659708,1.2526211419858495,1.8530374606810704,1.5309150226772257,,
2018,13684,"Hubbard, Sam",DE,17,7.01764705882353,5.0,0.0,23.9,6.445083424287133,0.9184108819185351,2.0,13.0,1.2545239149557514,-0.10857539111288082,3.6580521539814392,0.9425881026303571,1.1804513615863843,0.9889825124036687,,
2018,12278,"Golden, Markus",DE,11,6.836363636363637,6.5,0.0,22.6,5.802236673320312,0.8487314282782371,3.25,8.3,0.9164183440434776,-0.3112986363716176,3.697867376404418,1.0050170208245146,1.1312923733813822,1.2835956788603156,,
2018,10815,"Vernon, Olivier",DE,12,6.808333333333334,4.45,0.0,17.4,5.497038344013578,0.8073985327804521,2.375,11.7,0.75589912975713,-0.431551282933778,3.7669242338376696,1.0479133680358506,1.0866782965001176,1.4956236358788328,,
2018,13245,"Reddick, Haason",DE,17,6.635294117647058,5.5,0.5,23.1,5.485375334519384,0.8266966372945881,4.0,6.5,0.7497649640673149,-0.37540597509822154,3.6324006855753557,1.0231164389714977,1.4164207546506473,2.0506710448168968,,
2018,12751,"Gotsis, Adam",DE,17,6.611764705882353,5.5,0.0,22.8,5.307251681918327,0.8026982081193199,3.0,8.5,0.6560807396933345,-0.4452262619884835,3.6677047084770407,1.0482798276208014,0.9838784538943742,0.9436521598639338,,
2018,12008,"Wynn, Kerry",DE,15,6.54,6.0,0.0,21.0,5.033461367025016,0.7696424108600941,3.0,8.55,0.5120805863316942,-0.5413977751808543,3.6956618805385566,1.0839548978872056,1.3178268356936138,1.7041482195064463,,
2018,10280,"Kerrigan, Ryan",DE,17,6.423529411764706,4.3,0.0,17.5,5.17192982662061,0.8051539107376406,3.8,7.7,0.5849081420664013,-0.4380817168152928,3.558438631495891,1.040765140274101,1.3737343167438683,1.306807488382532,,
2018,12217,"Fowler, Dante",DE,16,6.393750000000001,4.5,0.0,19.0,5.462081648739792,0.8542845198420006,2.0,8.5,0.7375136383550588,-0.2951426436906705,3.4480954414400213,0.9894257528062776,1.1379041975300122,1.2448275467899206,,
2018,6510,"Peppers, Julius",DE,17,6.364705882352942,6.0,0.0,18.2,5.498228717609142,0.8638621829884973,2.0,9.5,0.756525207346418,-0.2672776870410979,3.4147942591698692,0.9794524260288999,1.0920202524232876,1.0991290851494357,,
2018,10269,"Quinn, Robert",DE,17,6.288235294117648,5.5,0.0,12.9,3.8744840040420674,0.6161480642536495,3.5,9.2,-0.09748413869244517,-0.9879694752627828,3.8908782141948155,1.290030963052347,1.0700536362917787,0.9771698058987917,,
2018,12215,"Gregory, Randy",DE,15,6.233333333333333,5.5,0.0,17.3,5.007949236519431,0.80341431601916,2.25,9.5,0.4986624685037573,-0.44314283983422237,3.456406704751427,1.0375143144425891,1.2134669835673437,1.4826513032321031,,
2018,10554,"Addison, Mario",DE,17,6.223529411764707,4.5,0.0,22.8,5.6268818459212815,0.9041303533143834,2.0,9.0,0.8241903846724383,-0.15012271893190357,3.268436638768903,0.9391339028618972,0.7601581891155266,1.1917635934509643,,
2018,6938,"Suggs, Terrell",DE,17,6.194117647058825,6.0,0.0,18.5,4.977179757563548,0.8035332941935451,2.0,9.1,0.4824792456230232,-0.44279668841703673,3.434434876805832,1.0362943559160593,0.7556710947590549,0.6696974698757737,,
2018,11790,"Marsh, Cassius",DE,17,6.158823529411764,5.0,1.0,13.9,3.9733019049251292,0.6451397553364585,2.5,9.5,-0.04551081418832153,-0.903621946761974,3.743647619865694,1.2383771681571545,1.4522576957503928,1.6056334359595883,,
2018,12794,"Blair, Ronald",DE,17,6.141176470588236,5.9,1.5,11.7,3.612569368115492,0.5882536327391127,2.0,9.1,-0.23523827274858156,-1.0691246707450288,3.866622020563002,1.3314003498872624,1.590244901218556,1.7695391036754546,,
2018,12734,"Floyd, Leonard",DE,17,5.988235294117647,5.0,0.5,19.9,4.775659160286139,0.7975069324642865,3.0,6.5,0.3764893864682749,-0.46032959866580225,3.331411515564001,1.0368055191506447,1.1980637664734666,1.4327023346677747,,
2018,13294,"Ebukam, Samson",DE,17,5.982352941176471,3.0,0.0,35.1,7.927260137474815,1.325107397611326,2.0,7.5,2.034075500230955,1.0746548609822857,2.5729361780545608,0.6701219466052944,0.5708450828394955,0.8452624903444373,,
2018,13200,"Charlton, Taco",DE,12,5.841666666666666,6.5,0.0,17.1,4.671805206650732,0.7997384091270869,1.0,8.25,0.32186734749462154,-0.4538374095459321,3.245842082961381,1.0299483945282104,1.0358190490183055,1.0735824812321966,,
2018,13733,"Leonard, Shaquille",LB,16,16.0625,14.75,8.5,29.0,6.073598089271301,0.37812283824257126,11.875,20.2,1.4380711231858163,-1.3459964812564398,11.655347081021779,2.2707679737080886,2.4896508217800353,3.0793029052389196,,
2018,12985,"Littleton, Cory",LB,17,14.06470588235294,11.0,3.0,31.7,8.497400375926095,0.60416481133728,8.5,16.5,2.6073446101556983,-0.8797479909560649,8.76761900208257,1.4809005965468194,1.3985852846122495,1.4711588674818439,,
2018,10775,"Wagner, Bobby",LB,16,13.29375,10.5,5.5,58.7,12.131079339345696,0.9125400537354544,8.125,13.0,4.360278211827751,-0.24367368473011813,6.950834819922058,1.0123882170269796,1.0734867391429996,3.0131307156310942,,
2018,11293,"Ogletree, Alec",LB,13,12.138461538461538,8.6,4.0,33.7,8.43860528592241,0.695195619245826,6.0,12.5,2.578981100357959,-0.6919820810363178,7.160507849744095,1.286043983274302,1.3064166375872714,1.7924652121550553,,
2018,13697,"Edmunds, Tremaine",LB,16,11.85,10.0,4.5,24.9,5.937171043518958,0.5010270922800809,7.625,14.625,1.3722569565839673,-1.0924863826143925,7.8945943487267005,1.7081891055678733,1.528352589867502,1.8846072127122637,,
2018,13230,"Adams, Jamal",LB,17,11.358823529411765,9.1,5.0,25.2,4.766187133588812,0.41960218162097257,8.3,13.5,0.8073592142687938,-1.2604385604683064,8.00141312578267,1.9699019935105986,2.452810119633246,5.109344865387158,,
2018,10773,"Kuechly, Luke",LB,17,11.094117647058825,12.0,0.0,22.5,6.111461805323165,0.5508740757714411,8.5,13.0,1.4563370682017787,-0.9896688373563854,7.153461277338298,1.5600333589297366,1.3538802229361704,0.9832256575798196,,
2018,10768,"David, Lavonte",LB,15,10.946666666666667,9.5,7.0,18.1,3.703307830695268,0.33830461303549947,8.35,14.0,0.29461252879648336,-1.4281280744958025,8.179503051878294,2.3274399764406817,2.1791496291645966,2.182027560490184,,
2018,13304,"Brown, Jayon",LB,17,10.935294117647059,7.5,2.0,37.9,10.40276779778686,0.9513020578933653,5.4,11.9,3.5265184312154916,-0.16372071992357512,5.604101155642121,0.9590034903428858,0.9535709282621391,1.1377837935739419,,
2018,13307,"Milano, Matt",LB,13,10.907692307692308,11.5,2.5,23.6,5.784257353895544,0.5302915768733574,6.0,14.5,1.2984894203225146,-1.032123603196798,7.127852281575355,1.6077945954436816,1.825164465714762,2.2586800941635023,,
2018,11308,"Alonso, Kiko",LB,16,10.63125,10.5,3.0,25.0,6.092589633111687,0.573083093061652,5.875,14.225,1.4472328889005592,-0.9438591116631968,6.758225326361283,1.4989236019476033,1.4465042376042223,1.4146038478118057,,
2018,12768,"Schobert, Joe",LB,14,10.357142857142858,10.05,5.5,18.9,4.4070907614425,0.4255122114496207,6.125,12.850000000000001,0.6341264924706591,-1.248248158626066,7.265558845413574,1.9154742012097805,2.046654220976092,3.063545680357115,,
2018,11813,"Smith, Telvin",LB,17,10.270588235294117,9.0,5.0,24.5,4.920158379311447,0.47905322135334827,7.5,11.8,0.8816369292336046,-1.1378110805250399,6.944028846978493,1.7348502484639023,1.7366682213632598,1.5002991370389211,,
2018,13216,"Cunningham, Zach",LB,15,10.013333333333332,9.0,2.0,23.2,4.954710441141394,0.49481129571984633,7.25,11.75,0.8983052895368949,-1.1053074782832457,6.698727365791866,1.6815819060068324,1.5862470108746143,2.101136143609835,,
2018,13727,"Vander Esch, Leighton",LB,17,9.758823529411766,8.0,2.5,27.2,6.271509699429205,0.6426501801705635,6.0,11.0,1.5335462367275816,-0.8003656316910741,5.940901871388383,1.3420629185405346,1.392675470823315,1.941212721515907,,
2018,12701,"Smith, Jaylon",LB,17,9.711764705882352,7.5,1.0,31.9,6.880225915659967,0.70844240197589,5.5,11.5,1.8271987910824103,-0.6646584279790085,5.684572505722324,1.2324221170591902,1.091721369612638,1.0890871381750382,,
2018,12705,"Lee, Darron",LB,12,9.658333333333333,5.75,2.5,39.1,9.814314234264607,1.0161498775770086,4.5,9.25,3.2426408418890347,-0.029961499842349554,4.790483803188597,0.8931064073144271,1.3920316459083983,2.0093029768425428,,
2018,12788,"Martinez, Blake",LB,17,9.488235294117647,9.0,5.0,15.5,2.838575109191059,0.2991678664367514,8.0,10.5,-0.12254568998119691,-1.5088540067955047,7.30331740742725,2.4718118114711576,2.6131682638999925,3.0919522341608396,,
2018,11816,"Williamson, Avery",LB,17,9.447058823529414,7.5,2.5,22.4,5.615537022882435,0.5944217272042427,4.5,12.6,1.217096556369619,-0.8998446933768797,5.925069046879127,1.4280108766458486,1.5165343256689885,1.4433067035957559,,
2018,10847,"Whitehead, Tahir",LB,17,9.382352941176471,9.5,2.5,18.0,4.135674821401424,0.44079292767287903,6.0,11.5,0.5031919420832837,-1.2167291855244753,6.511937115301181,1.826897782172317,2.0625121470524252,1.7264440519081994,,
2018,10653,"Bynes, Josh",LB,11,9.263636363636364,7.9,2.0,30.5,7.137897924239286,0.7705287258747021,6.0,9.25,1.9515030916538474,-0.5365952440056828,5.232129944155415,1.1383328286834353,1.0888676194456326,1.6285831593898334,,
2018,12762,"Vigil, Nick",LB,12,9.208333333333334,9.75,1.0,17.0,5.141572122307426,0.5583607734632499,4.875,12.75,0.9884497748033121,-0.9742263005197485,5.908986859871374,1.4993446547483849,1.3671284026845079,1.3320463640347646,,
2018,12239,"Kendricks, Eric",LB,14,9.171428571428573,9.0,3.5,20.0,4.288261148002694,0.4675674148912594,5.625,11.725,0.5768015542002982,-1.1615024323988241,6.249408700661385,1.7342994823340938,1.6198705996320453,1.9716177110375825,,
2018,13221,"Davis, Jarrad",LB,17,9.141176470588235,9.0,1.0,17.0,4.547922450517044,0.49752047399478605,6.0,12.4,0.7020655158252908,-1.09971935558483,6.1042080087247355,1.647675603276739,1.563344060358542,2.0862372295595155,,
2018,8951,"Alexander, Lorenzo",LB,17,9.135294117647058,10.0,0.0,20.7,6.059211866481199,0.6632749628472658,3.0,13.4,1.4311310237483643,-0.7578236486507974,5.4923535324603625,1.2940954727571765,1.283029414712236,1.7914597406652026,,
2018,11349,"Collins, Jamie",LB,17,9.082352941176469,8.3,2.5,16.0,3.8185669153750905,0.4204380671073611,6.0,11.6,0.3502149979378649,-1.2587144101224352,6.394050646412305,1.8848659986844811,2.011238564845587,2.726712418018916,,
2018,13696,"Smith, Roquan",LB,17,8.952941176470588,8.5,3.5,16.3,3.777972946538274,0.4219812095344984,6.0,12.4,0.33063194376174215,-1.2555314268157476,6.296103715323661,1.8737948658661103,2.079138278585496,1.7502477070591702,,
2018,10816,"Davis, Demario",LB,17,8.947058823529412,8.5,2.5,17.4,4.3707742815282975,0.48851520569349804,5.5,10.8,0.6166069541248321,-1.1182941923407725,6.010727192646302,1.6658787643154227,1.5318195562363541,1.3842490006804071,,
2018,10339,"Foster, Mason",LB,17,8.882352941176471,7.5,4.0,22.1,4.603609235488997,0.5182871324722711,5.0,11.9,0.7289295391826427,-1.0568847305320126,5.85024581398716,1.5851128385117232,1.4044569931261772,2.0522573167033795,,
2018,10879,"Trevathan, Danny",LB,17,8.794117647058824,8.0,3.5,17.0,4.284097899171841,0.4871549450563297,6.0,11.0,0.5747931492638159,-1.1210999520844684,5.9133835894455,1.6642609230304186,1.4795068618088676,1.3010385048220596,,
2018,9330,"Woodyard, Wesley",LB,15,8.68,7.5,1.0,17.8,4.799749993489244,0.5529665891116641,4.25,12.95,0.8235503708018714,-0.985352686809409,5.589302474926507,1.496616235138429,1.7800180759087985,1.924456026208246,,
2018,12087,"Davis, Todd",LB,17,8.576470588235296,7.0,3.0,29.0,5.940838662498824,0.6926903790293553,5.5,8.5,1.374026263287355,-0.6971495481787137,5.066768674583788,1.235653356210936,1.6624682535301218,2.199137890161066,,
2018,13743,"Warner, Fred",LB,17,8.529411764705882,7.0,3.0,22.0,4.7355681323714665,0.5552045396573444,5.5,10.5,0.7925882131363734,-0.980736548271045,5.484430856011489,1.4871084377092483,2.0518176267185346,1.644966762732485,,
2018,11795,"Hitchens, Anthony",LB,16,8.46875,8.5,2.0,14.0,3.208722243744385,0.37888971143845135,7.0,10.25,0.05601806214250053,-1.344414680031934,6.141716723062237,2.0121902823564772,2.535716254918677,3.590909090909091,,
2018,12287,"Hicks, Jordan",LB,13,8.346153846153847,8.5,0.5,15.2,4.477055245207396,0.5364213657852179,6.0,12.0,0.6678782618894153,-1.0194799123508616,5.432203711830304,1.5238396314254832,1.32939251560801,1.011991432099636,,
2018,11728,"Mosley, C.J.",LB,16,8.30625,7.5,0.0,16.5,4.206463590416539,0.5064215007273486,6.5,9.5,0.5373413573389504,-1.0813595340907851,5.513895012776621,1.5953727238752218,1.970550826451772,2.099811666819973,,
2018,13306,"Walker, Anthony",LB,16,8.11875,7.25,1.5,17.7,4.902195777149256,0.603811643066883,4.75,11.5,0.8729715382564283,-0.8804764581988527,5.062159284786679,1.3755473905884792,1.3341327673859593,1.127600739580007,,
2018,12702,"Jack, Myles",LB,17,7.923529411764705,7.5,1.0,27.3,5.69391103173998,0.7186079253123955,4.5,9.1,1.254905189164973,-0.6436903757015094,4.610434582003005,1.1836920709274954,1.747203650995196,3.0793855397782433,,
2018,10770,"Brown, Zach",LB,17,7.647058823529412,5.5,1.5,18.5,4.898273122721423,0.6405434083558783,4.5,11.0,0.8710791991633167,-0.8047111926705511,4.661296241586896,1.2964911363753722,1.1680243817421252,1.174476744388933,,
2018,11403,"Williams, Vince",LB,14,7.607142857142857,6.5,1.0,23.7,5.46841114110518,0.7188521687837796,4.625,8.725000000000001,1.146121133268324,-0.6431865836480273,4.425710945534948,1.1760450427774007,1.1336155707374957,1.5387939057766522,,
2018,12272,"McKinney, Benardrick",LB,17,7.605882352941177,7.0,3.0,13.0,3.1775815050842184,0.4177794708927433,5.5,10.3,0.04099536813793107,-1.2641981990595652,5.364644155943326,1.8206424802686993,1.7727325510144114,1.650479311498127,,
2018,7826,"Davis, Thomas",LB,13,7.384615384615385,6.5,4.0,12.5,2.5955127413543058,0.3514756837250622,5.5,8.5,-0.23980211141311303,-1.4009605898885291,5.464112653704006,2.0538420847964662,1.9884782805613728,1.8792491523974413,,
2018,13222,"McMillan, Raekwon",LB,17,7.0588235294117645,6.5,3.0,12.5,2.7859012320504988,0.394669341207154,5.0,8.0,-0.14795624773810434,-1.3118666162523194,5.061288235749134,1.8645028215880328,2.113370658246637,2.364958840034598,,
2018,10827,"Bradham, Nigel",LB,16,7.01875,7.5,2.0,11.4,2.5880056873005515,0.3687274354123671,5.0,8.625,-0.24342361111984834,-1.3653760342012866,5.127938418130273,1.9561702549252593,2.3537014968136734,2.808140412505703,,
2018,13706,"Baker, Jerome",LB,17,6.805882352941176,5.5,1.0,22.3,5.4829651261333465,0.8056214964932316,2.5,8.0,1.1531421633733328,-0.46421067269205674,3.769274106538468,1.0498101132005362,0.9612501064420634,1.9317818263978859,,
2018,9425,"Wake, Cameron",LB,15,6.6466666666666665,6.1,0.0,13.4,3.388188634391867,0.5097575678623671,4.95,8.5,0.1425949638731685,-1.0744783507249356,4.4024728262018495,1.5146720481827667,1.9096514583157953,1.9205860603956977,,
2018,12805,"Brown, Jatavis",LB,16,6.63125,7.5,1.0,12.0,3.362796223011439,0.5071134737811784,3.875,9.125,0.130345337094268,-1.0799322266431477,4.399967298655315,1.5199540984801603,1.6922673305782654,1.2820585581528339,,
2018,12703,"Ragland, Reggie",LB,17,6.541176470588234,5.0,0.0,22.1,6.087311666228313,0.9306141935780696,2.5,6.5,1.4446867295971322,-0.20639281914695334,3.3881323841638507,0.9229418400996159,1.0034901408044348,1.31479778602265,,
