season,position,num_players,avg_mean_score,median_mean_score,avg_std_dev,median_std_dev,avg_cv,median_cv,avg_floor_score,median_floor_score,avg_value_score,median_value_score,avg_consistency_score,median_consistency_score,top_player,top_value_score
2024,CB,64,8.08629364125458,8.118749999999999,5.849614414829665,5.814233261374923,0.7332096411897381,0.6948582399707506,4.108984375,4.0,4.742119349914001,4.602355153207009,1.217531579502977,1.234076924052936,"Humphrey, Marlon",7.355981415240598
2024,DE,48,9.054925014221888,8.362499999999999,6.183365250275377,5.8651946077416035,0.6972590316031463,0.6613509699008638,4.56875,4.55,5.420749383059282,5.196978048293724,1.2798937610875634,1.271585611776445,"Van Ginkel, Andrew",9.5397301196162
2024,DT,48,8.787072510822512,7.775,5.410216528854572,5.2291209232543805,0.6378021775948598,0.6331533551461199,4.858854166666666,4.375,5.501320777404959,4.919276133156431,1.410214331204716,1.3139816941629463,"Williams, Leonard",10.469863960509139
2024,LB,48,9.463099802396677,9.45486111111111,5.080820376383104,4.765824653421049,0.543267385785523,0.48698246165677733,5.980208333333334,6.375,6.2046444785517805,6.115929522804944,1.6069946535592228,1.6442850167177259,"Franklin, Zaire",8.49364982094222
2024,PK,16,8.1708345734127,7.501190476190477,8.21210456302849,8.365740787386514,1.0315307191599448,0.917103565090613,3.1328125000000004,3.125,4.131438666854685,3.773044442660063,0.9088441739885624,0.9689995090172703,"Aubrey, Brandon",6.365643951486785
2024,PN,16,6.7849759615384615,6.612500000000001,4.587012316089245,4.6926469439911696,0.6841152628623225,0.6365142492984208,3.3359375,3.2874999999999996,4.076092966712323,4.1517323275687215,1.2375707886656686,1.294813365046079,"Bojorquez, Corey",5.861619518991993
2024,QB,16,32.79308204816017,30.20909090909091,18.579822442974265,17.615340622799685,0.5766009177445305,0.5925968902516655,20.5125,19.1,21.106141932576556,19.39505872817076,1.7427820519291535,1.6130109902757952,"Jackson, Lamar",35.811550517293924
2024,RB,32,12.328934268856145,11.85,8.421649475525436,8.079041810578708,0.7145807276229654,0.719074345176768,6.614062500000001,5.862500000000001,7.412943741947016,7.090059535816681,1.3348556478865512,1.2383213892735554,"Barkley, Saquon",14.660102485326666
2024,S,48,8.796364373473747,8.422916666666667,6.389598759582916,6.223873495461053,0.7328960570908976,0.685799453964665,4.1000000000000005,3.95,5.1602462618055505,4.910151921954682,1.245448022251103,1.2372599948874181,"Branch, Brian",7.535621281372993
2024,TE,32,6.668782046946109,5.740625,5.814257056894604,5.606627353998592,0.9445147691694361,0.9617881015361436,2.4554687499999988,1.9625,3.62571912919294,2.8802828755504875,0.9677195260157969,0.8747046996142347,"Kittle, George",10.30166331679958
2024,WR,64,10.074806185567907,9.670833333333334,8.114456034701169,7.931338334209802,0.8560334069010528,0.8027547264217708,4.377734375,3.9125,5.66894583719836,5.221892863790769,1.120374528493738,1.0757402243874243,"Chase, Ja'Marr",11.718347446840049
