season,id,name,abbrev,owner_name,email,division,salaryCapAmount,waiverSortOrder,lastVisit,country,state,city,zip,phone,cell,cell2,address,future_draft_picks,logo,icon,stadium,sound,mail_event,time_zone,use_advanced_editor,username,play_audio,twitterUsername,division_name,conference_id,conference_name,draft_picks_next_year_count,draft_picks_year_after_count,total_future_picks,salaryCapAmount_numeric,waiverSortOrder_numeric
2026,0001,Dallas Cowboys,DAL,,,00,256.73,8,,,,,,,,,,,https://www43.myfantasyleague.com/fflnetdynamic2022/22686_franchise_logo0001.png,https://www46.myfantasyleague.com/fflnetdynamic2026/60206_franchise_icon0001.png,,,,,,,,,East,00,NFC,0,0,0,256.73,8
2026,0002,New York Giants,NYG,,,00,248.62,12,,,,,,,,,,,https://www43.myfantasyleague.com/fflnetdynamic2022/22686_franchise_logo0002.png,https://www46.myfantasyleague.com/fflnetdynamic2026/60206_franchise_icon0002.png,,,,,,,,,East,00,NFC,0,0,0,248.62,12
2026,0003,Philadelphia Eagles,PHI,,,00,249.48,24,,,,,,,,,,,https://www43.myfantasyleague.com/fflnetdynamic2022/22686_franchise_logo0003.png,https://www46.myfantasyleague.com/fflnetdynamic2026/60206_franchise_icon0003.png,,,,,,,,,East,00,NFC,0,0,0,249.48,24
2026,0004,Washington Commanders,WAS,,,00,259.08,31,,,,,,,,,,,https://www43.myfantasyleague.com/fflnetdynamic2022/22686_franchise_logo0004.png,https://www46.myfantasyleague.com/fflnetdynamic2026/60206_franchise_icon0004.png,,,,,,,,,East,00,NFC,0,0,0,259.08,31
2026,0005,Chicago Bears,CHI,,,01,265.05,30,,,,,,,,,,,https://www43.myfantasyleague.com/fflnetdynamic2022/22686_franchise_logo0005.png,https://www46.myfantasyleague.com/fflnetdynamic2026/60206_franchise_icon0005.png,,,,,,,,,North,00,NFC,0,0,0,265.05,30
2026,0006,Detroit Lions,DET,,,01,266.44,14,,,,,,,,,,,https://www43.myfantasyleague.com/fflnetdynamic2022/22686_franchise_logo0006.png,https://www46.myfantasyleague.com/fflnetdynamic2026/60206_franchise_icon0006.png,Ford Field,,,,,,,,North,00,NFC,0,0,0,266.44,14
2026,0007,Green Bay Packers,GBP,,,01,266.62,2,,,,,,,,,,,https://www43.myfantasyleague.com/fflnetdynamic2022/22686_franchise_logo0007.png,https://www46.myfantasyleague.com/fflnetdynamic2026/60206_franchise_icon0007.png,Lombardi Field,,,,,,,,North,00,NFC,0,0,0,266.62,2
2026,0008,Minnesota Vikings,MIN,,,01,265.12,18,,,,,,,,,,,https://www43.myfantasyleague.com/fflnetdynamic2022/22686_franchise_logo0008.png,https://www46.myfantasyleague.com/fflnetdynamic2026/60206_franchise_icon0008.png,,,,,,,,,North,00,NFC,0,0,0,265.12,18
2026,0009,Atlanta Falcons,ATL,,,02,264.87,7,,,,,,,,,,,https://www43.myfantasyleague.com/fflnetdynamic2022/22686_franchise_logo0009.png,https://www46.myfantasyleague.com/fflnetdynamic2026/60206_franchise_icon0009.png,,http://soundbible.com/1517-Screaming-Hawk.html,,,,,,,South,00,NFC,0,0,0,264.87,7
2026,0010,Carolina Panthers,CAR,,,02,262.99,19,,,,,,,,,,,https://www43.myfantasyleague.com/fflnetdynamic2022/22686_franchise_logo0010.png,https://www46.myfantasyleague.com/fflnetdynamic2026/60206_franchise_icon0010.png,,,,,,,,,South,00,NFC,0,0,0,262.99,19
2026,0011,New Orleans Saints,NOS,,,02,265.19,11,,,,,,,,,,,https://www43.myfantasyleague.com/fflnetdynamic2022/22686_franchise_logo0011.png,https://www46.myfantasyleague.com/fflnetdynamic2026/60206_franchise_icon0011.png,Mercedes-Benz Superdome,,,,,,,,South,00,NFC,0,0,0,265.19,11
2026,0012,Tampa Bay Buccaneers,TBB,,,02,252.92,21,,,,,,,,,,,https://www43.myfantasyleague.com/fflnetdynamic2022/22686_franchise_logo0012.png,https://www46.myfantasyleague.com/fflnetdynamic2026/60206_franchise_icon0012.png,,,,,,,,,South,00,NFC,0,0,0,252.92,21
2026,0013,Arizona Cardinals,ARI,,,03,260.14,22,,,,,,,,,,,https://www43.myfantasyleague.com/fflnetdynamic2022/22686_franchise_logo0013.png,https://www46.myfantasyleague.com/fflnetdynamic2026/60206_franchise_icon0013.png,,,,,,,,,West,00,NFC,0,0,0,260.14,22
2026,0014,Los Angeles Rams,LAR,,,03,254.03,26,,,,,,,,,,,https://www43.myfantasyleague.com/fflnetdynamic2022/22686_franchise_logo0016.png,https://www46.myfantasyleague.com/fflnetdynamic2026/60206_franchise_icon0014.png,SoFi Stadium,http://www.thesoundarchive.com/play-wav-files.asp?sound=starwars/chewy_roar.wav,,,,,,,West,00,NFC,0,0,0,254.03,26
2026,0015,San Francisco 49ers,SFO,,,03,266.62,25,,,,,,,,,,,https://www43.myfantasyleague.com/fflnetdynamic2022/22686_franchise_logo0014.png,https://www46.myfantasyleague.com/fflnetdynamic2026/60206_franchise_icon0015.png,,,,,,,,,West,00,NFC,0,0,0,266.62,25
2026,0016,Seattle Seahawks,SEA,,,03,261.29,5,,,,,,,,,,,https://www43.myfantasyleague.com/fflnetdynamic2022/22686_franchise_logo0015.png,https://www46.myfantasyleague.com/fflnetdynamic2026/60206_franchise_icon0016.png,Lumen Field,,,,,,,,West,00,NFC,0,0,0,261.29,5
2026,0017,Buffalo Bills,BUF,,,04,266.62,15,,,,,,,,,,,https://www43.myfantasyleague.com/fflnetdynamic2022/22686_franchise_logo0017.png,https://www46.myfantasyleague.com/fflnetdynamic2026/60206_franchise_icon0017.png,,,,,,,,,East,01,AFC,0,0,0,266.62,15
2026,0018,Miami Dolphins,MIA,,,04,266.62,28,,,,,,,,,,,https://www43.myfantasyleague.com/fflnetdynamic2022/22686_franchise_logo0018.png,https://www46.myfantasyleague.com/fflnetdynamic2026/60206_franchise_icon0018.png,,,,,,,,,East,01,AFC,0,0,0,266.62,28
2026,0019,New England Patriots,NEP,,,04,259.69,4,,,,,,,,,,,https://www43.myfantasyleague.com/fflnetdynamic2022/22686_franchise_logo0019.png,https://www46.myfantasyleague.com/fflnetdynamic2026/60206_franchise_icon0019.png,,,,,,,,,East,01,AFC,0,0,0,259.69,4
2026,0020,New York Jets,NYJ,,,04,248.08,23,,,,,,,,,,,https://www43.myfantasyleague.com/fflnetdynamic2022/22686_franchise_logo0020.png,https://www46.myfantasyleague.com/fflnetdynamic2026/60206_franchise_icon0020.png,,https://www45.myfantasyleague.com/fflnetdynamic2017/19611_franchise_sound0009.mp3,,,,,,,East,01,AFC,0,0,0,248.08,23
2026,0021,Baltimore Ravens,BAL,,,05,262.58,27,,,,,,,,,,,https://www43.myfantasyleague.com/fflnetdynamic2022/22686_franchise_logo0021.png,https://www46.myfantasyleague.com/fflnetdynamic2026/60206_franchise_icon0021.png,,http://soundbible.com/422-Raven-Sound-Clip.html,,,,,,,North,01,AFC,0,0,0,262.58,27
2026,0022,Cincinnati Bengals,CIN,,,05,266.62,6,,,,,,,,,,,https://www43.myfantasyleague.com/fflnetdynamic2022/22686_franchise_logo0022.png,https://www46.myfantasyleague.com/fflnetdynamic2026/60206_franchise_icon0022.png,,,,,,,,,North,01,AFC,0,0,0,266.62,6
2026,0023,Cleveland Browns,CLE,,,05,255.02,10,,,,,,,,,,,https://www43.myfantasyleague.com/fflnetdynamic2022/22686_franchise_logo0023.png,https://www46.myfantasyleague.com/fflnetdynamic2026/60206_franchise_icon0023.png,,,,,,,,,North,01,AFC,0,0,0,255.02,10
2026,0024,Pittsburgh Steelers,PIT,,,05,259.67,3,,,,,,,,,,,https://www43.myfantasyleague.com/fflnetdynamic2022/22686_franchise_logo0024.png,https://www46.myfantasyleague.com/fflnetdynamic2026/60206_franchise_icon0024.png,,http://www.steelergridiron.com/fanzone/audio/29_Unknown%20-%20Steelers%20Nation.mp3,,,,,,,North,01,AFC,0,0,0,259.67,3
2026,0025,Houston Texans,HOU,,,06,257.89,29,,,,,,,,,,,https://www43.myfantasyleague.com/fflnetdynamic2022/22686_franchise_logo0025.png,https://www46.myfantasyleague.com/fflnetdynamic2026/60206_franchise_icon0025.png,Mexico,https://youtu.be/tKnG06-oYcg?t=1s,,,,,,,South,01,AFC,0,0,0,257.89,29
2026,0026,Indianapolis Colts,IND,,,06,245.71,16,,,,,,,,,,,https://www43.myfantasyleague.com/fflnetdynamic2022/22686_franchise_logo0026.png,https://www46.myfantasyleague.com/fflnetdynamic2026/60206_franchise_icon0026.png,,,,,,,,,South,01,AFC,0,0,0,245.71,16
2026,0027,Jacksonville Jaguars,JAC,,,06,260.59,20,,,,,,,,,,,https://www43.myfantasyleague.com/fflnetdynamic2022/22686_franchise_logo0027.png,https://www46.myfantasyleague.com/fflnetdynamic2026/60206_franchise_icon0027.png,,,,,,,,,South,01,AFC,0,0,0,260.59,20
2026,0028,Tennessee Titans,TEN,,,06,260.48,1,,,,,,,,,,,https://www43.myfantasyleague.com/fflnetdynamic2022/22686_franchise_logo0028.png,https://www46.myfantasyleague.com/fflnetdynamic2026/60206_franchise_icon0028.png,,,,,,,,,South,01,AFC,0,0,0,260.48,1
2026,0029,Denver Broncos,DEN,,,07,261.42,17,,,,,,,,,,,https://www43.myfantasyleague.com/fflnetdynamic2022/22686_franchise_logo0029.png,https://www46.myfantasyleague.com/fflnetdynamic2026/60206_franchise_icon0029.png,,,,,,,,,West,01,AFC,0,0,0,261.42,17
2026,0030,Kansas City Chiefs,KCC,,,07,254.86,13,,,,,,,,,,,https://www43.myfantasyleague.com/fflnetdynamic2022/22686_franchise_logo0030.png,https://www46.myfantasyleague.com/fflnetdynamic2026/60206_franchise_icon0030.png,,,,,,,,,West,01,AFC,0,0,0,254.86,13
2026,0031,Las Vegas Raiders,LVR,,,07,251.85,32,,,,,,,,,,,https://www43.myfantasyleague.com/fflnetdynamic2022/22686_franchise_logo0031.png,https://www46.myfantasyleague.com/fflnetdynamic2026/60206_franchise_icon0031.png,,,,,,,,,West,01,AFC,0,0,0,251.85,32
2026,0032,Los Angeles Chargers,LAC,,,07,266.62,9,,,,,,,,,,,https://www43.myfantasyleague.com/fflnetdynamic2022/22686_franchise_logo0032.png,https://www46.myfantasyleague.com/fflnetdynamic2026/60206_franchise_icon0032.png,,,,,,,,,West,01,AFC,0,0,0,266.62,9
