status,id,salary,contractYear,contractInfo,conference
locked,16168,1.14,2,2023 4.06,0
nan,12155,,1,2025 UFA,0
nan,16305,,1,2025 UFA,0
nan,14624,,1,2025 UFA,0
nan,16772,,1,2025 UFA,0
nan,14184,,1,2025 UFA,0
nan,16735,,1,2025 UFA,0
nan,13230,,1,2025 UFA,0
nan,13826,,1,2025 UFA,0
nan,13275,,1,2025 UFA,0
nan,15371,,1,2025 UFA,0
nan,16291,,1,2025 UFA,0
nan,16474,,1,2025 UFA,0
nan,12181,,1,2025 UFA,0
nan,13308,,1,2025 UFA,0
nan,14811,,1,2025 UFA,0
nan,14799,,1,2025 UFA,0
nan,17292,,1,2025 UFA,0
nan,17258,,1,2025 UFA,0
nan,13753,,1,2025 UFA,0
nan,12233,,1,2025 UFA,0
nan,16066,,1,2025 UFA,0
nan,16746,,1,2025 UFA,0
nan,13246,,1,2025 UFA,0
nan,12621,,1,2025 UFA,0
locked,16219,1,2,2025 R/F,0
nan,16879,,1,2025 UFA,0
nan,13879,,1,2025 UFA,0
locked,17061,0.90,3,2025 UDFA,0
locked,14236,1.80,1,2025 UFA,0
nan,12308,,1,2025 UFA,0
nan,16942,,1,2025 UFA,0
nan,15903,,1,2025 UFA,0
nan,15676,,1,2025 UFA,0
nan,16872,,1,2025 UFA,0
nan,16782,,1,2025 UFA,0
nan,12715,,1,2025 UFA,0
nan,15879,,1,2025 UFA,0
nan,12218,,1,2025 UFA,0
nan,17276,,1,2025 UFA,0
nan,15829,,1,2025 UFA,0
nan,16371,,1,2025 UFA,0
nan,15765,,1,2025 UFA,0
nan,12083,,1,2025 UFA,0
nan,13781,,1,2025 UFA,0
nan,16029,,1,2025 UFA,0
nan,13263,,1,2025 UFA,0
nan,16037,,1,2025 UFA,0
nan,14548,,1,2025 UFA,0
nan,17093,,1,2025 UFA,0
nan,13980,,1,2025 UFA,0
nan,15718,,1,2025 UFA,0
nan,16611,,1,2025 UFA,0
nan,14256,,1,2025 UFA,0
nan,16836,,1,2025 UFA,0
nan,15000,,1,2025 UFA,0
nan,16139,,1,2025 UFA,0
locked,16637,1.26,3,2024 3.07,0
locked,13706,4.71,1,2024 UFA,0
nan,14263,,1,2025 UFA,0
nan,15671,,1,2025 UFA,0
nan,11151,,1,2025 UFA,0
nan,15409,,1,2025 UFA,0
nan,15082,,1,2025 UFA,0
nan,16328,,1,2025 UFA,0
nan,13201,,1,2025 UFA,0
nan,15915,,1,2025 UFA,0
nan,17216,,1,2025 UFA,0
nan,12075,,1,2025 UFA,0
nan,17323,,1,2025 UFA,0
nan,15348,,1,2025 UFA,0
nan,14983,,1,2025 UFA,0
locked,17203,0.90,3,2025 UDFA,0
nan,15344,,1,2025 UFA,0
nan,16322,,1,2025 UFA,0
nan,16876,,1,2025 UFA,0
nan,13125,,1,2025 UFA,0
nan,14319,,1,2025 UFA,0
nan,11679,,1,2025 UFA,0
nan,16023,,1,2025 UFA,0
nan,15758,,1,2025 UFA,0
nan,16646,,1,2025 UFA,0
nan,15985,,1,2025 UFA,0
nan,14310,,1,2025 UFA,0
nan,16202,,1,2025 UFA,0
nan,12718,,1,2025 UFA,0
nan,15873,,1,2025 UFA,0
nan,10514,,1,2025 UFA,0
nan,15875,,1,2025 UFA,0
nan,16289,,1,2025 UFA,0
nan,16153,,1,2025 UFA,0
nan,13775,,1,2025 UFA,0
nan,17307,,1,2025 UFA,0
nan,17260,,1,2025 UFA,0
nan,16338,,1,2025 UFA,0
nan,13638,,1,2025 UFA,0
nan,16733,,1,2025 UFA,0
nan,16799,,1,2025 UFA,0
nan,17261,,1,2025 UFA,0
nan,12699,,1,2025 UFA,0
nan,16865,,1,2025 UFA,0
nan,17257,,1,2025 UFA,0
nan,16288,,1,2025 UFA,0
nan,15973,,1,2025 UFA,0
nan,12292,,1,2025 UFA,0
nan,16054,,1,2025 UFA,0
nan,16499,,1,2025 UFA,0
nan,14202,,1,2025 UFA,0
nan,17299,,1,2025 UFA,0
nan,14552,,1,2025 UFA,0
nan,16075,,1,2025 UFA,0
nan,13926,,1,2025 UFA,0
locked,16393,1,2,2025 R/F,0
nan,16556,,1,2025 UFA,0
nan,15246,,1,2025 UFA,0
nan,15892,,1,2025 UFA,0
nan,13868,,1,2025 UFA,0
nan,15854,,1,2025 UFA,0
locked,17220,0.90,3,2025 UDFA,0
locked,13418,1,1,2025 UFA,0
nan,13256,,1,2025 UFA,0
nan,16770,,1,2025 UFA,0
nan,14286,,1,2025 UFA,0
nan,12650,,1,2025 UFA,0
nan,13873,,1,2025 UFA,0
nan,12750,,1,2025 UFA,0
nan,16820,,1,2025 UFA,0
nan,16882,,1,2025 UFA,0
nan,5848,,1,2025 UFA,0
nan,16336,,1,2025 UFA,0
nan,13378,,1,2025 UFA,0
locked,16261,0.98,1,2023 UDFA,0
nan,16056,,1,2025 UFA,0
nan,17263,,1,2025 UFA,0
nan,11640,,1,2025 UFA,0
nan,16794,,1,2025 UFA,0
nan,15462,,1,2025 UFA,0
nan,17268,,1,2025 UFA,0
nan,17228,,1,2025 UFA,0
nan,12616,,1,2025 UFA,0
nan,15449,,1,2025 UFA,0
nan,16816,,1,2025 UFA,0
locked,16387,1,1,2025 UFA,0
nan,17091,,1,2025 UFA,0
nan,16364,,1,2025 UFA,0
nan,16976,,1,2025 UFA,0
nan,17282,,1,2025 UFA,0
locked,17158,0.90,3,2025 UDFA,0
locked,15412,1,1,2025 UFA,0
nan,15447,,1,2025 UFA,0
nan,16118,,1,2025 UFA,0
nan,15933,,1,2025 UFA,0
locked,13994,1.20,1,2025 UFA,0
nan,17092,,1,2025 UFA,0
nan,15423,,1,2025 UFA,0
locked,15356,1,1,2025 UFA,0
nan,16851,,1,2025 UFA,0
nan,14358,,1,2025 UFA,0
nan,16423,,1,2025 UFA,0
nan,17247,,1,2025 UFA,0
nan,13695,,1,2025 UFA,0
nan,17295,,1,2025 UFA,0
nan,14875,,1,2025 UFA,0
nan,15177,,1,2025 UFA,0
nan,15248,,1,2025 UFA,0
nan,12758,,1,2025 UFA,0
nan,17358,,1,2025 UFA,0
nan,16834,,1,2025 UFA,0
nan,17214,,1,2025 UFA,0
locked,13750,1,2,2025 R/F,0
nan,15752,,1,2025 UFA,0
nan,16337,,1,2025 UFA,0
nan,17335,,1,2025 UFA,0
nan,12738,,1,2025 UFA,0
nan,12325,,1,2025 UFA,0
nan,12783,,1,2025 UFA,0
locked,14170,1,1,2025 UFA,0
nan,16982,,1,2025 UFA,0
nan,15908,,1,2025 UFA,0
nan,15874,,1,2025 UFA,0
nan,16790,,1,2025 UFA,0
nan,15041,,1,2025 UFA,0
nan,15804,,1,2025 UFA,0
locked,17165,0.90,3,2025 UDFA,0
nan,15034,,1,2025 UFA,0
nan,15887,,1,2025 UFA,0
nan,15930,,1,2025 UFA,0
nan,17325,,1,2025 UFA,0
nan,12779,,1,2025 UFA,0
nan,15595,,1,2025 UFA,0
nan,14112,,1,2025 UFA,0
nan,15380,,1,2025 UFA,0
nan,16339,,1,2025 UFA,0
nan,11644,,1,2025 UFA,0
nan,16229,,1,2025 UFA,0
nan,12394,,1,2025 UFA,0
nan,16713,,1,2025 UFA,0
nan,13703,,1,2025 UFA,0
nan,15258,,1,2025 UFA,0
nan,15432,,1,2025 UFA,0
nan,17348,,1,2025 UFA,0
nan,15870,,1,2025 UFA,0
nan,16854,,1,2025 UFA,0
nan,17317,,1,2025 UFA,0
nan,16806,,1,2025 UFA,0
nan,14850,,1,2025 UFA,0
nan,15568,,1,2025 UFA,0
nan,14888,,1,2025 UFA,0
nan,17355,,1,2025 UFA,0
nan,15723,,1,2025 UFA,0
nan,13668,,1,2025 UFA,0
nan,15984,,1,2025 UFA,0
nan,16875,,1,2025 UFA,0
nan,16492,,1,2025 UFA,0
nan,15965,,1,2025 UFA,0
nan,15057,,1,2025 UFA,0
nan,12930,,1,2025 UFA,0
nan,15194,,1,2025 UFA,0
nan,15837,,1,2025 UFA,0
locked,15364,1.87,2,2024 UFA,0
nan,17319,,1,2025 UFA,0
nan,13322,,1,2025 UFA,0
nan,15826,,1,2025 UFA,0
nan,16325,,1,2025 UFA,0
nan,14841,,1,2025 UFA,0
nan,15878,,1,2025 UFA,0
nan,16313,,1,2025 UFA,0
nan,11706,,1,2025 UFA,0
nan,16331,,1,2025 UFA,0
nan,16072,,1,2025 UFA,0
nan,16885,,1,2025 UFA,0
nan,16789,,1,2025 UFA,0
nan,16810,,1,2025 UFA,0
nan,14155,,1,2025 UFA,0
nan,14238,,1,2025 UFA,0
nan,12257,,1,2025 UFA,0
nan,17328,,1,2025 UFA,0
nan,15991,,1,2025 UFA,0
nan,17284,,1,2025 UFA,0
nan,17040,,1,2025 UFA,0
nan,13128,,1,2025 UFA,0
nan,16453,,1,2025 UFA,0
nan,17333,,1,2025 UFA,0
nan,15002,,1,2025 UFA,0
nan,15772,,1,2025 UFA,0
nan,14253,,1,2025 UFA,0
nan,16455,,1,2025 UFA,0
nan,13862,,1,2025 UFA,0
nan,17246,,1,2025 UFA,0
nan,16395,,1,2025 UFA,0
nan,12184,,1,2025 UFA,0
nan,16771,,1,2025 UFA,0
nan,16157,,1,2025 UFA,0
nan,13216,,1,2025 UFA,0
nan,16998,,1,2025 UFA,0
nan,14815,,1,2025 UFA,0
nan,10313,,1,2025 UFA,0
nan,12276,,1,2025 UFA,0
nan,15321,,1,2025 UFA,0
nan,15891,,1,2025 UFA,0
nan,15343,,1,2025 UFA,0
locked,14911,1.80,1,2025 UFA,0
nan,17320,,1,2025 UFA,0
nan,16299,,1,2025 UFA,0
nan,14845,,1,2025 UFA,0
nan,14037,,1,2025 UFA,0
nan,15373,,1,2025 UFA,0
nan,17309,,1,2025 UFA,0
nan,16877,,1,2025 UFA,0
nan,15931,,1,2025 UFA,0
nan,14987,,1,2025 UFA,0
nan,15738,,1,2025 UFA,0
nan,13479,,1,2025 UFA,0
nan,14898,,1,2025 UFA,0
nan,14996,,1,2025 UFA,0
nan,16767,,1,2025 UFA,0
nan,15746,,1,2025 UFA,0
nan,12771,,1,2025 UFA,0
nan,16441,,1,2025 UFA,0
nan,14876,,1,2025 UFA,0
nan,17294,,1,2025 UFA,0
nan,16385,,1,2025 UFA,0
nan,16484,,1,2025 UFA,0
nan,16439,,1,2025 UFA,0
nan,16756,,1,2025 UFA,0
nan,17262,,1,2025 UFA,0
nan,12349,,1,2025 UFA,0
locked,17171,0.94,4,2025 5.14,0
nan,14805,,1,2025 UFA,0
nan,15468,,1,2025 UFA,0
nan,17281,,1,2025 UFA,0
locked,13763,1.10,1,2024 R/F,0
locked,12842,1,2,2025 R/F,0
locked,13119,1,1,2025 UFA,0
nan,16657,,1,2025 UFA,0
nan,12188,,1,2025 UFA,0
nan,15129,,1,2025 UFA,0
locked,14108,1,2,2025 R/F,0
nan,16409,,1,2025 UFA,0
locked,13281,1,2,2025 R/F,0
nan,16354,,1,2025 UFA,0
nan,16786,,1,2025 UFA,0
nan,12623,,1,2025 UFA,0
nan,16429,,1,2025 UFA,0
nan,16374,,1,2025 UFA,0
nan,16889,,1,2025 UFA,0
nan,15797,,1,2025 UFA,0
nan,14315,,1,2025 UFA,0
nan,12234,,1,2025 UFA,0
nan,15888,,1,2025 UFA,0
locked,16218,1,1,2025 UFA,0
nan,14847,,1,2025 UFA,0
nan,13988,,1,2025 UFA,0
nan,14953,,1,2025 UFA,0
nan,13294,,1,2025 UFA,0
nan,15464,,1,2025 UFA,0
nan,13726,,1,2025 UFA,0
nan,13716,,1,2025 UFA,0
nan,17057,,1,2025 UFA,0
nan,13850,,1,2025 UFA,0
nan,12219,,1,2025 UFA,0
nan,14222,,1,2025 UFA,0
nan,14803,,1,2025 UFA,0
nan,14401,,1,2025 UFA,0
nan,15250,,1,2025 UFA,0
nan,16666,,1,2025 UFA,0
nan,14670,,1,2025 UFA,0
nan,15847,,1,2025 UFA,0
nan,12625,,1,2025 UFA,0
nan,14934,,1,2025 UFA,0
nan,15862,,1,2025 UFA,0
nan,17067,,1,2025 UFA,0
nan,15813,,1,2025 UFA,0
nan,14270,,1,2025 UFA,0
nan,15302,,1,2025 UFA,0
locked,16595,1.00,2,2024 4.21,0
nan,15880,,1,2025 UFA,0
nan,15275,,1,2025 UFA,0
nan,14808,,1,2025 UFA,0
locked,17109,0.90,3,2025 UDFA,0
nan,13699,,1,2025 UFA,0
nan,16163,,1,2025 UFA,0
nan,13236,,1,2025 UFA,0
nan,17034,,1,2025 UFA,0
nan,15780,,1,2025 UFA,0
nan,16986,,1,2025 UFA,0
nan,15360,,1,2025 UFA,0
locked,17191,0.90,3,2025 UDFA,0
nan,15335,,1,2025 UFA,0
nan,15883,,1,2025 UFA,0
nan,13798,,1,2025 UFA,0
nan,15303,,1,2025 UFA,0
nan,15270,,1,2025 UFA,0
nan,14151,,1,2025 UFA,0
locked,17243,0.90,3,2025 UDFA,0
nan,15431,,1,2025 UFA,0
nan,16515,,1,2025 UFA,0
nan,13919,,1,2025 UFA,0
nan,16557,,1,2025 UFA,0
nan,15925,,1,2025 UFA,0
nan,17277,,1,2025 UFA,0
nan,15407,,1,2025 UFA,0
nan,15117,,1,2025 UFA,0
nan,17090,,1,2025 UFA,0
nan,17314,,1,2025 UFA,0
nan,15866,,1,2025 UFA,0
nan,16778,,1,2025 UFA,0
nan,16064,,1,2025 UFA,0
nan,13778,,1,2025 UFA,0
nan,16253,,1,2025 UFA,0
nan,16669,,1,2025 UFA,0
nan,14012,,1,2025 UFA,0
nan,16379,,1,2025 UFA,0
nan,13134,,1,2025 UFA,0
nan,15437,,1,2025 UFA,0
nan,15070,,1,2025 UFA,0
nan,16260,,1,2025 UFA,0
nan,14946,,1,2025 UFA,0
nan,13129,,1,2025 UFA,0
nan,13085,,1,2025 UFA,0
nan,16030,,1,2025 UFA,0
nan,15148,,1,2025 UFA,0
nan,15244,,1,2025 UFA,0
nan,17210,,1,2025 UFA,0
nan,13617,,1,2025 UFA,0
nan,14781,,1,2025 UFA,0
nan,14991,,1,2025 UFA,0
nan,12714,,1,2025 UFA,0
locked,14904,1,2,2025 R/F,0
nan,16892,,1,2025 UFA,0
nan,13809,,1,2025 UFA,0
nan,16884,,1,2025 UFA,0
nan,14237,,1,2025 UFA,0
locked,15255,1,1,2025 UFA,0
nan,14901,,1,2025 UFA,0
nan,13646,,1,2025 UFA,0
nan,9694,,1,2025 UFA,0
nan,16841,,1,2025 UFA,0
nan,15833,,1,2025 UFA,0
nan,14081,,1,2025 UFA,0
nan,14926,,1,2025 UFA,0
nan,16925,,1,2025 UFA,0
nan,17300,,1,2025 UFA,0
nan,11265,,1,2025 UFA,0
nan,16009,,1,2025 UFA,0
nan,14852,,1,2025 UFA,0
nan,14495,,1,2025 UFA,0
nan,15141,,1,2025 UFA,0
nan,15957,,1,2025 UFA,0
nan,14489,,1,2025 UFA,0
nan,15103,,1,2025 UFA,0
nan,10789,,1,2025 UFA,0
nan,11010,,1,2025 UFA,0
nan,14962,,1,2025 UFA,0
nan,16416,,1,2025 UFA,0
nan,14652,,1,2025 UFA,0
nan,12271,,1,2025 UFA,0
nan,15397,,1,2025 UFA,0
nan,13347,,1,2025 UFA,0
nan,15730,,1,2025 UFA,0
nan,12978,,1,2025 UFA,0
nan,11239,,1,2025 UFA,0
nan,12151,,1,2025 UFA,0
nan,16599,,1,2025 UFA,0
nan,12751,,1,2025 UFA,0
nan,16732,,1,2025 UFA,0
nan,9826,,1,2025 UFA,0
nan,16373,,1,2025 UFA,0
nan,15429,,1,2025 UFA,0
nan,16979,,1,2025 UFA,0
nan,15419,,1,2025 UFA,0
locked,15381,1,1,2025 UFA,0
nan,15782,,1,2025 UFA,0
nan,16173,,1,2025 UFA,0
nan,13942,,1,2025 UFA,0
nan,16349,,1,2025 UFA,0
nan,17351,,1,2025 UFA,0
nan,16956,,1,2025 UFA,0
nan,14062,,1,2025 UFA,0
nan,16833,,1,2025 UFA,0
nan,13273,,1,2025 UFA,0
nan,17298,,1,2025 UFA,0
nan,14878,,1,2025 UFA,0
nan,12828,,1,2025 UFA,0
nan,10457,,1,2025 UFA,0
nan,14337,,1,2025 UFA,0
nan,13430,,1,2025 UFA,0
nan,16776,,1,2025 UFA,0
nan,16156,,1,2025 UFA,0
nan,16531,,1,2025 UFA,0
nan,16025,,1,2025 UFA,0
nan,16874,,1,2025 UFA,0
nan,14964,,1,2025 UFA,0
nan,16154,,1,2025 UFA,0
nan,15812,,1,2025 UFA,0
nan,16340,,1,2025 UFA,0
nan,12923,,1,2025 UFA,0
nan,12976,,1,2025 UFA,0
nan,17245,,1,2025 UFA,0
locked,17199,0.90,3,2025 UDFA,0
nan,14837,,1,2025 UFA,0
nan,16744,,1,2025 UFA,0
nan,16318,,1,2025 UFA,0
nan,17211,,1,2025 UFA,0
nan,13683,,1,2025 UFA,0
nan,11281,,1,2025 UFA,0
nan,16019,,1,2025 UFA,0
nan,16784,,1,2025 UFA,0
nan,14113,,1,2025 UFA,0
nan,15943,,1,2025 UFA,0
nan,16928,,1,2025 UFA,0
nan,16800,,1,2025 UFA,0
nan,13204,,1,2025 UFA,0
nan,14716,,1,2025 UFA,0
nan,15719,,1,2025 UFA,0
nan,17221,,1,2025 UFA,0
locked,11872,1,1,2025 UFA,0
nan,14891,,1,2025 UFA,0
nan,13715,,1,2025 UFA,0
nan,16227,,1,2025 UFA,0
nan,16731,,1,2025 UFA,0
nan,16587,,1,2025 UFA,0
nan,14558,,1,2025 UFA,0
nan,15720,,1,2025 UFA,0
nan,17226,,1,2025 UFA,0
nan,14821,,1,2025 UFA,0
nan,17213,,1,2025 UFA,0
locked,14954,1,1,2025 UFA,0
nan,16341,,1,2025 UFA,0
nan,16886,,1,2025 UFA,0
nan,16326,,1,2025 UFA,0
nan,13771,,1,2025 UFA,0
nan,16413,,1,2025 UFA,0
nan,16458,,1,2025 UFA,0
nan,12476,,1,2025 UFA,0
nan,10945,,1,2025 UFA,0
nan,17190,,1,2025 UFA,0
nan,16000,,1,2025 UFA,0
nan,14905,,1,2025 UFA,0
nan,14087,,1,2025 UFA,0
nan,17283,,1,2025 UFA,0
nan,16306,,1,2025 UFA,0
nan,15271,,1,2025 UFA,0
nan,13914,,1,2025 UFA,0
nan,16058,,1,2025 UFA,0
nan,15564,,1,2025 UFA,0
nan,12481,,1,2025 UFA,0
nan,15800,,1,2025 UFA,0
locked,16460,1,2,2025 R/F,0
nan,15956,,1,2025 UFA,0
nan,12287,,1,2025 UFA,0
nan,16333,,1,2025 UFA,0
nan,17286,,1,2025 UFA,0
nan,16761,,1,2025 UFA,0
nan,16425,,1,2025 UFA,0
locked,14086,1.80,1,2025 UFA,0
nan,13424,,1,2025 UFA,0
nan,12589,,1,2025 UFA,0
nan,13414,,1,2025 UFA,0
nan,13622,,1,2025 UFA,0
nan,16007,,1,2025 UFA,0
nan,13963,,1,2025 UFA,0
nan,14849,,1,2025 UFA,0
nan,16608,,1,2025 UFA,0
nan,14260,,1,2025 UFA,0
nan,17301,,1,2025 UFA,0
nan,16807,,1,2025 UFA,0
locked,13289,1,2,2025 R/F,0
nan,14266,,1,2025 UFA,0
nan,14944,,1,2025 UFA,0
nan,13755,,1,2025 UFA,0
nan,14083,,1,2025 UFA,0
nan,16151,,1,2025 UFA,0
nan,11387,,1,2025 UFA,0
nan,16710,,1,2025 UFA,0
nan,16290,,1,2025 UFA,0
nan,15983,,1,2025 UFA,0
nan,15928,,1,2025 UFA,0
nan,12742,,1,2025 UFA,0
nan,16311,,1,2025 UFA,0
locked,15693,1.17,1,2022 4.15,0
nan,13684,,1,2025 UFA,0
nan,14966,,1,2025 UFA,0
nan,17095,,1,2025 UFA,0
nan,14370,,1,2025 UFA,0
nan,15121,,1,2025 UFA,0
nan,9853,,1,2025 UFA,0
nan,13731,,1,2025 UFA,0
nan,16180,,1,2025 UFA,0
nan,16017,,1,2025 UFA,0
nan,14118,,1,2025 UFA,0
nan,17350,,1,2025 UFA,0
nan,14789,,1,2025 UFA,0
nan,13680,,1,2025 UFA,0
nan,13691,,1,2025 UFA,0
nan,16201,,1,2025 UFA,0
nan,11382,,1,2025 UFA,0
locked,17188,0.90,3,2025 UDFA,0
nan,14919,,1,2025 UFA,0
nan,16285,,1,2025 UFA,0
nan,16485,,1,2025 UFA,0
nan,14420,,1,2025 UFA,0
nan,16059,,1,2025 UFA,0
nan,15734,,1,2025 UFA,0
nan,14551,,1,2025 UFA,0
nan,14121,,1,2025 UFA,0
nan,16366,,1,2025 UFA,0
nan,17287,,1,2025 UFA,0
locked,16457,1,2,2025 R/F,0
nan,13226,,1,2025 UFA,0
nan,16740,,1,2025 UFA,0
locked,17194,0.90,3,2025 UDFA,0
nan,17289,,1,2025 UFA,0
nan,15899,,1,2025 UFA,0
nan,15016,,1,2025 UFA,0
nan,17249,,1,2025 UFA,0
nan,15277,,1,2025 UFA,0
nan,15811,,1,2025 UFA,0
nan,13229,,1,2025 UFA,0
nan,17297,,1,2025 UFA,0
nan,17329,,1,2025 UFA,0
nan,16964,,1,2025 UFA,0
nan,16758,,1,2025 UFA,0
nan,15918,,1,2025 UFA,0
nan,9861,,1,2025 UFA,0
nan,16456,,1,2025 UFA,0
nan,17117,,1,2025 UFA,0
nan,17342,,1,2025 UFA,0
nan,16715,,1,2025 UFA,0
nan,17341,,1,2025 UFA,0
nan,16533,,1,2025 UFA,0
locked,15921,1,2,2025 R/F,0
nan,14859,,1,2025 UFA,0
nan,14060,,1,2025 UFA,0
nan,16815,,1,2025 UFA,0
nan,16764,,1,2025 UFA,0
locked,17055,1.04,4,2025 4.05,0
nan,16198,,1,2025 UFA,0
nan,16780,,1,2025 UFA,0
nan,15451,,1,2025 UFA,0
nan,15262,,1,2025 UFA,0
nan,16721,,1,2025 UFA,0
nan,12796,,1,2025 UFA,0
nan,11327,,1,2025 UFA,0
nan,16919,,1,2025 UFA,0
nan,11286,,1,2025 UFA,0
locked,16662,1.02,2,2024 4.15,0
locked,13288,1,2,2025 R/F,0
nan,16957,,1,2025 UFA,0
nan,13702,,1,2025 UFA,0
locked,15989,1,1,2025 R/F,0
nan,17272,,1,2025 UFA,0
nan,16362,,1,2025 UFA,0
nan,16246,,1,2025 UFA,0
nan,12700,,1,2025 UFA,0
nan,15987,,1,2025 UFA,0
nan,15424,,1,2025 UFA,0
nan,15586,,1,2025 UFA,0
nan,16777,,1,2025 UFA,0
nan,14853,,1,2025 UFA,0
nan,16801,,1,2025 UFA,0
nan,14331,,1,2025 UFA,0
nan,16277,,1,2025 UFA,0
nan,16376,,1,2025 UFA,0
nan,16609,,1,2025 UFA,0
nan,14208,,1,2025 UFA,0
nan,16861,,1,2025 UFA,0
nan,17344,,1,2025 UFA,0
nan,15897,,1,2025 UFA,0
nan,17315,,1,2025 UFA,0
nan,14359,,1,2025 UFA,0
nan,15783,,1,2025 UFA,0
nan,13274,,1,2025 UFA,0
nan,9207,,1,2025 UFA,0
nan,16883,,1,2025 UFA,0
nan,14205,,1,2025 UFA,0
nan,17266,,1,2025 UFA,0
nan,15959,,1,2025 UFA,0
nan,15481,,1,2025 UFA,0
nan,16175,,1,2025 UFA,0
nan,14864,,1,2025 UFA,0
nan,16837,,1,2025 UFA,0
locked,13848,1,2,2025 R/F,0
nan,16055,,1,2025 UFA,0
nan,16357,,1,2025 UFA,0
nan,15165,,1,2025 UFA,0
nan,16476,,1,2025 UFA,0
nan,16203,,1,2025 UFA,0
locked,13332,1,2,2025 R/F,0
nan,11793,,1,2025 UFA,0
nan,12745,,1,2025 UFA,0
nan,16709,,1,2025 UFA,0
nan,15881,,1,2025 UFA,0
nan,16714,,1,2025 UFA,0
nan,16026,,1,2025 UFA,0
nan,12988,,1,2025 UFA,0
nan,10271,,1,2025 UFA,0
nan,15241,,1,2025 UFA,0
nan,15618,,1,2025 UFA,0
nan,16370,,1,2025 UFA,0
locked,17170,0.90,3,2025 UDFA,0
nan,16005,,1,2025 UFA,0
nan,14828,,1,2025 UFA,0
nan,15767,,1,2025 UFA,0
nan,16114,,1,2025 UFA,0
nan,13176,,1,2025 UFA,0
nan,15330,,1,2025 UFA,0
nan,16773,,1,2025 UFA,0
nan,16505,,1,2025 UFA,0
nan,13898,,1,2025 UFA,0
nan,15383,,1,2025 UFA,0
nan,9904,,1,2025 UFA,0
nan,17304,,1,2025 UFA,0
nan,12795,,1,2025 UFA,0
nan,17343,,1,2025 UFA,0
nan,11367,,1,2025 UFA,0
nan,16742,,1,2025 UFA,0
nan,16798,,1,2025 UFA,0
nan,14880,,1,2025 UFA,0
locked,16775,0.98,2,2024 5.09,0
nan,13301,,1,2025 UFA,0
nan,12720,,1,2025 UFA,0
nan,14939,,1,2025 UFA,0
nan,10948,,1,2025 UFA,0
nan,14807,,1,2025 UFA,0
nan,13619,,1,2025 UFA,0
nan,16316,,1,2025 UFA,0
nan,15924,,1,2025 UFA,0
nan,12239,,1,2025 UFA,0
locked,17183,0.90,3,2025 UDFA,0
nan,14503,,1,2025 UFA,0
nan,17248,,1,2025 UFA,0
nan,15527,,1,2025 UFA,0
nan,16863,,1,2025 UFA,0
nan,15929,,1,2025 UFA,0
nan,12776,,1,2025 UFA,0
nan,17316,,1,2025 UFA,0
nan,17274,,1,2025 UFA,0
nan,13232,,1,2025 UFA,0
nan,16674,,1,2025 UFA,0
nan,13250,,1,2025 UFA,0
nan,15535,,1,2025 UFA,0
nan,17310,,1,2025 UFA,0
nan,15727,,1,2025 UFA,0
locked,14143,1,2,2025 R/F,0
nan,16016,,1,2025 UFA,0
nan,15795,,1,2025 UFA,0
nan,17218,,1,2025 UFA,0
nan,13403,,1,2025 UFA,0
nan,13262,,1,2025 UFA,0
nan,17133,,1,2025 UFA,0
nan,17352,,1,2025 UFA,0
nan,15970,,1,2025 UFA,0
nan,17110,,1,2025 UFA,0
nan,14442,,1,2025 UFA,0
nan,16249,,1,2025 UFA,0
nan,17111,,1,2025 UFA,0
nan,16302,,1,2025 UFA,0
nan,14452,,1,2025 UFA,0
nan,16418,,1,2025 UFA,0
nan,11680,,1,2025 UFA,0
nan,17229,,1,2025 UFA,0
nan,17349,,1,2025 UFA,0
nan,13224,,1,2025 UFA,0
nan,16217,,1,2025 UFA,0
nan,16613,,1,2025 UFA,0
nan,13202,,1,2025 UFA,0
nan,12687,,1,2025 UFA,0
nan,16132,,1,2025 UFA,0
nan,15818,,1,2025 UFA,0
locked,16591,0.94,2,2024 UDFA,0
nan,13336,,1,2025 UFA,0
nan,16755,,1,2025 UFA,0
nan,16343,,1,2025 UFA,0
nan,15944,,1,2025 UFA,0
nan,13733,,1,2025 UFA,0
nan,16529,,1,2025 UFA,0
nan,16149,,1,2025 UFA,0
nan,15140,,1,2025 UFA,0
nan,8269,,1,2025 UFA,0
nan,13687,,1,2025 UFA,0
nan,17244,,1,2025 UFA,0
nan,14057,,1,2025 UFA,0
nan,15094,,1,2025 UFA,0
nan,16768,,1,2025 UFA,0
nan,17253,,1,2025 UFA,0
nan,14268,,1,2025 UFA,0
nan,14211,,1,2025 UFA,0
nan,15334,,1,2025 UFA,0
nan,17237,,1,2025 UFA,0
locked,17222,0.90,3,2025 UDFA,0
nan,15461,,1,2025 UFA,0
nan,15433,,1,2025 UFA,0
nan,12791,,1,2025 UFA,0
nan,15945,,1,2025 UFA,0
nan,16391,,1,2025 UFA,0
nan,15958,,1,2025 UFA,0
nan,16315,,1,2025 UFA,0
nan,14951,,1,2025 UFA,0
nan,13234,,1,2025 UFA,0
nan,13767,,1,2025 UFA,0
nan,16730,,1,2025 UFA,0
nan,13909,,1,2025 UFA,0
nan,16220,,1,2025 UFA,0
nan,15867,,1,2025 UFA,0
nan,12955,,1,2025 UFA,0
locked,14985,1,2,2025 R/F,0
locked,12141,1,2,2025 R/F,0
nan,17336,,1,2025 UFA,0
nan,15308,,1,2025 UFA,0
nan,16259,,1,2025 UFA,0
nan,13802,,1,2025 UFA,0
nan,11383,,1,2025 UFA,0
nan,15771,,1,2025 UFA,0
nan,16831,,1,2025 UFA,0
nan,17340,,1,2025 UFA,0
nan,16868,,1,2025 UFA,0
nan,17054,,1,2025 UFA,0
nan,16004,,1,2025 UFA,0
nan,12851,,1,2025 UFA,0
nan,17259,,1,2025 UFA,0
nan,11313,,1,2025 UFA,0
nan,15876,,1,2025 UFA,0
nan,16329,,1,2025 UFA,0
nan,15820,,1,2025 UFA,0
nan,16335,,1,2025 UFA,0
nan,15951,,1,2025 UFA,0
nan,11676,,1,2025 UFA,0
nan,14223,,1,2025 UFA,0
nan,16501,,1,2025 UFA,0
nan,17208,,1,2025 UFA,0
nan,13547,,1,2025 UFA,0
nan,13252,,1,2025 UFA,0
nan,16856,,1,2025 UFA,0
nan,16848,,1,2025 UFA,0
nan,16179,,1,2025 UFA,0
nan,12311,,1,2025 UFA,0
nan,16605,,1,2025 UFA,0
nan,15614,,1,2025 UFA,0
nan,16912,,1,2025 UFA,0
nan,16571,,1,2025 UFA,0
nan,17038,,1,2025 UFA,0
nan,15743,,1,2025 UFA,0
nan,16063,,1,2025 UFA,0
locked,15849,1,1,2025 UFA,0
nan,15993,,1,2025 UFA,0
nan,17356,,1,2025 UFA,0
locked,15473,1,2,2025 R/F,0
nan,16890,,1,2025 UFA,0
nan,16894,,1,2025 UFA,0
nan,15450,,1,2025 UFA,0
nan,16300,,1,2025 UFA,0
nan,16170,,1,2025 UFA,0
nan,13313,,1,2025 UFA,0
nan,15097,,1,2025 UFA,0
nan,13205,,1,2025 UFA,0
nan,11761,,1,2025 UFA,0
nan,15333,,1,2025 UFA,0
nan,16765,,1,2025 UFA,0
locked,16390,1.80,1,2025 UFA,0
nan,16535,,1,2025 UFA,0
nan,17225,,1,2025 UFA,0
nan,11017,,1,2025 UFA,0
nan,11947,,1,2025 UFA,0
nan,13222,,1,2025 UFA,0
nan,16769,,1,2025 UFA,0
nan,17339,,1,2025 UFA,0
locked,13143,1,1,2025 UFA,0
nan,15417,,1,2025 UFA,0
locked,15368,1,2,2025 R/F,0
nan,17197,,1,2025 UFA,0
nan,16751,,1,2025 UFA,0
nan,17334,,1,2025 UFA,0
locked,17238,0.93,4,2025 5.24,0
nan,15785,,1,2025 UFA,0
locked,16695,0.98,2,2024 5.16,0
nan,16438,,1,2025 UFA,0
nan,16463,,1,2025 UFA,0
nan,17227,,1,2025 UFA,0
nan,15759,,1,2025 UFA,0
nan,16843,,1,2025 UFA,0
locked,17239,0.90,3,2025 UDFA,0
nan,13639,,1,2025 UFA,0
locked,17240,0.90,3,2025 UDFA,0
nan,16687,,1,2025 UFA,0
nan,16958,,1,2025 UFA,0
nan,14280,,1,2025 UFA,0
nan,16296,,1,2025 UFA,0
nan,10267,,1,2025 UFA,0
nan,15252,,1,2025 UFA,0
nan,12716,,1,2025 UFA,0
nan,15326,,1,2025 UFA,0
nan,16585,,1,2025 UFA,0
nan,16606,,1,2025 UFA,0
nan,14846,,1,2025 UFA,0
nan,16424,,1,2025 UFA,0
nan,17264,,1,2025 UFA,0
locked,14067,1,2,2025 R/F,0
nan,16309,,1,2025 UFA,0
locked,15263,1,2,2025 R/F,0
nan,15909,,1,2025 UFA,0
locked,15402,1.80,1,2025 UFA,0
nan,15243,,1,2025 UFA,0
locked,17140,0.90,3,2025 UDFA,0
nan,14486,,1,2025 UFA,0
nan,16286,,1,2025 UFA,0
nan,16494,,1,2025 UFA,0
nan,12773,,1,2025 UFA,0
nan,13348,,1,2025 UFA,0
nan,17305,,1,2025 UFA,0
nan,15283,,1,2025 UFA,0
nan,15766,,1,2025 UFA,0
nan,13752,,1,2025 UFA,0
nan,16814,,1,2025 UFA,0
nan,13270,,1,2025 UFA,0
nan,14239,,1,2025 UFA,0
nan,14131,,1,2025 UFA,0
nan,17288,,1,2025 UFA,0
nan,16232,,1,2025 UFA,0
nan,15341,,1,2025 UFA,0
locked,17129,0.90,3,2025 UDFA,0
nan,13426,,1,2025 UFA,0
nan,9596,,1,2025 UFA,0
nan,16082,,1,2025 UFA,0
nan,13998,,1,2025 UFA,0
locked,14798,3.43,1,2024 ORFA2,0
nan,12447,,1,2025 UFA,0
nan,13330,,1,2025 UFA,0
nan,15476,,1,2025 UFA,0
nan,14181,,1,2025 UFA,0
locked,13968,1,1,2025 UFA,0
nan,17050,,1,2025 UFA,0
nan,15830,,1,2025 UFA,0
nan,13940,,1,2025 UFA,0
nan,16440,,1,2025 UFA,0
nan,16659,,1,2025 UFA,0
nan,17331,,1,2025 UFA,0
nan,14199,,1,2025 UFA,0
nan,11390,,1,2025 UFA,0
nan,15937,,1,2025 UFA,0
nan,14938,,1,2025 UFA,0
nan,15786,,1,2025 UFA,0
nan,16873,,1,2025 UFA,0
locked,17100,0.90,3,2025 UDFA,0
nan,12736,,1,2025 UFA,0
nan,14028,,1,2025 UFA,0
nan,13785,,1,2025 UFA,0
nan,14722,,1,2025 UFA,0
nan,12291,,1,2025 UFA,0
nan,15375,,1,2025 UFA,0
nan,16737,,1,2025 UFA,0
nan,17275,,1,2025 UFA,0
nan,12756,,1,2025 UFA,0
nan,16250,,1,2025 UFA,0
nan,13777,,1,2025 UFA,0
nan,16359,,1,2025 UFA,0
nan,13913,,1,2025 UFA,0
nan,15456,,1,2025 UFA,0
nan,16828,,1,2025 UFA,0
nan,13745,,1,2025 UFA,0
nan,17291,,1,2025 UFA,0
nan,16532,,1,2025 UFA,0
nan,17279,,1,2025 UFA,0
locked,12361,1,1,2025 UFA,0
nan,15414,,1,2025 UFA,0
nan,16159,,1,2025 UFA,0
nan,16443,,1,2025 UFA,0
nan,13365,,1,2025 UFA,0
nan,11840,,1,2025 UFA,0
nan,13929,,1,2025 UFA,0
nan,13939,,1,2025 UFA,0
nan,12691,,1,2025 UFA,0
nan,15521,,1,2025 UFA,0
nan,15898,,1,2025 UFA,0
nan,15916,,1,2025 UFA,0
nan,13148,,1,2025 UFA,0
nan,15453,,1,2025 UFA,0
nan,15807,,1,2025 UFA,0
nan,13685,,1,2025 UFA,0
nan,16077,,1,2025 UFA,0
nan,14902,,1,2025 UFA,0
nan,14929,,1,2025 UFA,0
nan,14873,,1,2025 UFA,0
nan,16750,,1,2025 UFA,0
locked,17150,0.94,4,2025 5.12,0
nan,16975,,1,2025 UFA,0
nan,13709,,1,2025 UFA,0
nan,14209,,1,2025 UFA,0
nan,14555,,1,2025 UFA,0
nan,16138,,1,2025 UFA,0
locked,14254,1.10,1,2024 R/F,0
nan,15382,,1,2025 UFA,0
locked,12782,7.62,2,2024 UFA,0
locked,16691,1.16,2,2024 3.15,0
nan,16436,,1,2025 UFA,0
nan,14245,,1,2025 UFA,0
nan,14977,,1,2025 UFA,0
nan,15902,,1,2025 UFA,0
nan,17215,,1,2025 UFA,0
nan,17278,,1,2025 UFA,0
nan,16372,,1,2025 UFA,0
nan,14414,,1,2025 UFA,0
nan,16849,,1,2025 UFA,0
nan,16880,,1,2025 UFA,0
nan,16763,,1,2025 UFA,0
nan,16199,,1,2025 UFA,0
nan,17313,,1,2025 UFA,0
nan,16237,,1,2025 UFA,0
nan,14341,,1,2025 UFA,0
nan,14871,,1,2025 UFA,0
nan,17065,,1,2025 UFA,0
nan,13488,,1,2025 UFA,0
nan,15855,,1,2025 UFA,0
nan,13377,,1,2025 UFA,0
nan,11225,,1,2025 UFA,0
nan,15260,,1,2025 UFA,0
nan,15369,,1,2025 UFA,0
nan,16832,,1,2025 UFA,0
nan,16897,,1,2025 UFA,0
nan,17236,,1,2025 UFA,0
nan,16901,,1,2025 UFA,0
locked,17219,0.94,4,2025 5.22,0
nan,11970,,1,2025 UFA,0
nan,13608,,1,2025 UFA,0
nan,14857,,1,2025 UFA,0
nan,13231,,1,2025 UFA,0
nan,14806,,1,2025 UFA,0
locked,13133,1,1,2025 R/F,0
nan,16196,,1,2025 UFA,0
locked,12238,1,1,2025 R/F,0
nan,10260,,1,2025 UFA,0
nan,13634,,1,2025 UFA,0
nan,16900,,1,2025 UFA,0
nan,16510,,1,2025 UFA,0
nan,15901,,1,2025 UFA,0
nan,16293,,1,2025 UFA,0
nan,14467,,1,2025 UFA,0
nan,14890,,1,2025 UFA,0
nan,12229,,1,2025 UFA,0
nan,17196,,1,2025 UFA,0
nan,16270,,1,2025 UFA,0
nan,12952,,1,2025 UFA,0
nan,15124,,1,2025 UFA,0
nan,13719,,1,2025 UFA,0
nan,12323,,1,2025 UFA,0
nan,14506,,1,2025 UFA,0
nan,16838,,1,2025 UFA,0
nan,16592,,1,2025 UFA,0
nan,17361,,1,2025 UFA,0
nan,17156,,1,2025 UFA,0
nan,13910,,1,2025 UFA,0
nan,15316,,1,2025 UFA,0
nan,17345,,1,2025 UFA,0
nan,17235,,1,2025 UFA,0
nan,11317,,1,2025 UFA,0
locked,8930,1,2,2025 R/F,0
locked,17101,0.90,3,2025 UDFA,0
nan,16588,,1,2025 UFA,0
nan,15650,,1,2025 UFA,0
nan,17321,,1,2025 UFA,0
nan,17360,,1,2025 UFA,0
nan,16739,,1,2025 UFA,0
nan,16380,,1,2025 UFA,0
nan,13863,,1,2025 UFA,0
nan,17293,,1,2025 UFA,0
nan,16728,,1,2025 UFA,0
nan,14848,,1,2025 UFA,0
nan,12309,,1,2025 UFA,0
nan,16015,,1,2025 UFA,0
nan,14958,,1,2025 UFA,0
nan,15905,,1,2025 UFA,0
nan,16701,,1,2025 UFA,0
nan,16332,,1,2025 UFA,0
nan,15998,,1,2025 UFA,0
nan,13066,,1,2025 UFA,0
nan,12802,,1,2025 UFA,0
nan,14839,,1,2025 UFA,0
nan,14434,,1,2025 UFA,0
locked,16927,1,1,2025 UFA,0
nan,16804,,1,2025 UFA,0
nan,17223,,1,2025 UFA,0
nan,16334,,1,2025 UFA,0
nan,17326,,1,2025 UFA,0
nan,16683,,1,2025 UFA,0
nan,16459,,1,2025 UFA,0
nan,13293,,1,2025 UFA,0
nan,16926,,1,2025 UFA,0
nan,16706,,1,2025 UFA,0
nan,16422,,1,2025 UFA,0
nan,14123,,1,2025 UFA,0
nan,17077,,1,2025 UFA,0
nan,14727,,1,2025 UFA,0
locked,13168,1.10,1,2024 R/F,0
nan,15538,,1,2025 UFA,0
nan,13455,,1,2025 UFA,0
nan,15054,,1,2025 UFA,0
nan,16623,,1,2025 UFA,0
nan,15399,,1,2025 UFA,0
nan,16720,,1,2025 UFA,0
nan,16933,,1,2025 UFA,0
nan,17322,,1,2025 UFA,0
nan,16869,,1,2025 UFA,0
nan,16454,,1,2025 UFA,0
locked,15697,1,2,2025 R/F,0
nan,15910,,1,2025 UFA,0
nan,13220,,1,2025 UFA,0
nan,16363,,1,2025 UFA,0
nan,17187,,1,2025 UFA,0
nan,16242,,1,2025 UFA,0
locked,15726,1,2,2025 R/F,0
nan,15089,,1,2025 UFA,0
nan,16347,,1,2025 UFA,0
locked,17204,0.90,3,2025 UDFA,0
nan,15920,,1,2025 UFA,0
nan,13434,,1,2025 UFA,0
nan,11678,,1,2025 UFA,0
nan,15622,,1,2025 UFA,0
nan,15907,,1,2025 UFA,0
nan,14813,,1,2025 UFA,0
nan,16310,,1,2025 UFA,0
nan,15421,,1,2025 UFA,0
nan,16748,,1,2025 UFA,0
nan,15936,,1,2025 UFA,0
nan,17251,,1,2025 UFA,0
nan,17189,,1,2025 UFA,0
nan,16298,,1,2025 UFA,0
nan,17176,,1,2025 UFA,0
nan,15420,,1,2025 UFA,0
locked,14997,1,1,2025 UFA,0
nan,15914,,1,2025 UFA,0
nan,17346,,1,2025 UFA,0
nan,16795,,1,2025 UFA,0
nan,16907,,1,2025 UFA,0
locked,16405,1,2,2025 R/F,0
nan,15684,,1,2025 UFA,0
nan,13155,,1,2025 UFA,0
nan,16008,,1,2025 UFA,0
nan,15763,,1,2025 UFA,0
nan,17041,,1,2025 UFA,0
nan,16308,,1,2025 UFA,0
nan,15796,,1,2025 UFA,0
nan,13595,,1,2025 UFA,0
nan,14834,,1,2025 UFA,0
nan,15413,,1,2025 UFA,0
nan,13124,,1,2025 UFA,0
nan,16307,,1,2025 UFA,0
nan,16496,,1,2025 UFA,0
nan,16094,,1,2025 UFA,0
locked,16292,1,2,2025 R/F,0
nan,14065,,1,2025 UFA,0
nan,15408,,1,2025 UFA,0
nan,14146,,1,2025 UFA,0
nan,15384,,1,2025 UFA,0
nan,13157,,1,2025 UFA,0
locked,17062,0.90,3,2025 UDFA,0
nan,17290,,1,2025 UFA,0
nan,13315,,1,2025 UFA,0
locked,14197,1,2,2025 R/F,0
nan,16045,,1,2025 UFA,0
nan,16600,,1,2025 UFA,0
nan,15296,,1,2025 UFA,0
nan,13814,,1,2025 UFA,0
nan,16317,,1,2025 UFA,0
nan,17302,,1,2025 UFA,0
nan,13791,,1,2025 UFA,0
nan,16205,,1,2025 UFA,0
nan,17337,,1,2025 UFA,0
nan,14258,,1,2025 UFA,0
nan,15257,,1,2025 UFA,0
nan,16461,,1,2025 UFA,0
nan,16238,,1,2025 UFA,0
nan,16932,,1,2025 UFA,0
nan,16451,,1,2025 UFA,0
nan,14228,,1,2025 UFA,0
nan,14278,,1,2025 UFA,0
nan,14838,,1,2025 UFA,0
locked,12658,1,1,2025 UFA,0
locked,13744,1.10,1,2024 R/F,0
nan,13893,,1,2025 UFA,0
nan,16210,,1,2025 UFA,0
nan,16896,,1,2025 UFA,0
nan,12381,,1,2025 UFA,0
nan,14110,,1,2025 UFA,0
nan,16355,,1,2025 UFA,0
nan,14887,,1,2025 UFA,0
nan,17312,,1,2025 UFA,0
nan,16745,,1,2025 UFA,0
nan,16483,,1,2025 UFA,0
nan,14613,,1,2025 UFA,0
nan,17318,,1,2025 UFA,0
locked,14080,1,1,2025 R/F,0
nan,16247,,1,2025 UFA,0
nan,17311,,1,2025 UFA,0
nan,15491,,1,2025 UFA,0
nan,15446,,1,2025 UFA,0
locked,14122,1.80,1,2025 UFA,0
nan,16682,,1,2025 UFA,0
nan,14600,,1,2025 UFA,0
nan,16607,,1,2025 UFA,0
nan,16113,,1,2025 UFA,0
nan,16686,,1,2025 UFA,0
nan,15828,,1,2025 UFA,0
nan,16243,,1,2025 UFA,0
nan,16321,,1,2025 UFA,0
nan,15411,,1,2025 UFA,0
nan,14141,,1,2025 UFA,0
locked,17168,0.90,3,2025 UDFA,0
nan,12701,,1,2025 UFA,0
nan,16916,,1,2025 UFA,0
nan,12270,,1,2025 UFA,0
nan,16319,,1,2025 UFA,0
nan,17224,,1,2025 UFA,0
nan,13645,,1,2025 UFA,0
nan,13811,,1,2025 UFA,0
nan,15896,,1,2025 UFA,0
nan,16428,,1,2025 UFA,0
nan,12301,,1,2025 UFA,0
nan,15434,,1,2025 UFA,0
nan,13156,,1,2025 UFA,0
nan,16741,,1,2025 UFA,0
nan,15007,,1,2025 UFA,0
nan,13267,,1,2025 UFA,0
nan,13676,,1,2025 UFA,0
nan,15515,,1,2025 UFA,0
nan,16749,,1,2025 UFA,0
nan,17182,,1,2025 UFA,0
nan,16647,,1,2025 UFA,0
nan,15939,,1,2025 UFA,0
nan,16345,,1,2025 UFA,0
nan,15709,,1,2025 UFA,0
nan,15392,,1,2025 UFA,0
nan,13637,,1,2025 UFA,0
nan,16911,,1,2025 UFA,0
nan,16612,,1,2025 UFA,0
nan,16433,,1,2025 UFA,0
locked,15405,1,1,2025 UFA,0
nan,15430,,1,2025 UFA,0
nan,13736,,1,2025 UFA,0
nan,17280,,1,2025 UFA,0
nan,14069,,1,2025 UFA,0
nan,14063,,1,2025 UFA,0
nan,16754,,1,2025 UFA,0
nan,16091,,1,2025 UFA,0
nan,15377,,1,2025 UFA,0
nan,15541,,1,2025 UFA,0
locked,16011,1.87,4,2024 UFA,0
nan,16840,,1,2025 UFA,0
locked,15884,1.10,1,2022 5.13,0
locked,17169,0.90,3,2025 UDFA,0
nan,15478,,1,2025 UFA,0
nan,13769,,1,2025 UFA,0
nan,17270,,1,2025 UFA,0
nan,14979,,1,2025 UFA,0
nan,13840,,1,2025 UFA,0
nan,15733,,1,2025 UFA,0
locked,17217,0.90,3,2025 UDFA,0
nan,15498,,1,2025 UFA,0
locked,17126,1.20,4,2025 3.11,0
nan,15026,,1,2025 UFA,0
nan,14292,,1,2025 UFA,0
nan,15353,,1,2025 UFA,0
nan,13276,,1,2025 UFA,0
nan,12378,,1,2025 UFA,0
locked,17198,0.90,3,2025 UDFA,0
nan,16419,,1,2025 UFA,0
nan,16590,,1,2025 UFA,0
nan,16888,,1,2025 UFA,0
nan,14212,,1,2025 UFA,0
nan,16726,,1,2025 UFA,0
nan,10697,,1,2025 UFA,0
nan,15173,,1,2025 UFA,0
nan,17324,,1,2025 UFA,0
nan,14827,,1,2025 UFA,0
nan,15926,,1,2025 UFA,0
nan,16358,,1,2025 UFA,0
nan,15440,,1,2025 UFA,0
nan,14533,,1,2025 UFA,0
nan,14817,,1,2025 UFA,0
nan,17085,,1,2025 UFA,0
nan,13316,,1,2025 UFA,0
nan,16781,,1,2025 UFA,0
nan,10413,,1,2025 UFA,0
locked,16717,1.10,1,2025 ERFA,0
locked,14918,1,1,2025 UFA,0
nan,15946,,1,2025 UFA,0
nan,15403,,1,2025 UFA,0
locked,17143,0.90,3,2025 UDFA,0
nan,15814,,1,2025 UFA,0
nan,14963,,1,2025 UFA,0
nan,16450,,1,2025 UFA,0
nan,13678,,1,2025 UFA,0
nan,15934,,1,2025 UFA,0
nan,16472,,1,2025 UFA,0
nan,11647,,1,2025 UFA,0
nan,12652,,1,2025 UFA,0
nan,13199,,1,2025 UFA,0
nan,16519,,1,2025 UFA,0
nan,13953,,1,2025 UFA,0
nan,16658,,1,2025 UFA,0
nan,15977,,1,2025 UFA,0
nan,16320,,1,2025 UFA,0
locked,12231,7.33,1,2022 B/R,0
nan,15699,,1,2025 UFA,0
nan,16158,,1,2025 UFA,0
nan,14207,,1,2025 UFA,0
nan,17357,,1,2025 UFA,0
nan,15787,,1,2025 UFA,0
locked,16624,0.98,3,2024 5.11,0
nan,15110,,1,2025 UFA,0
nan,14161,,1,2025 UFA,0
nan,16923,,1,2025 UFA,0
nan,15824,,1,2025 UFA,0
nan,16403,,1,2025 UFA,0
nan,16858,,1,2025 UFA,0
locked,15358,1,1,2025 UFA,0
nan,17242,,1,2025 UFA,0
nan,16327,,1,2025 UFA,0
nan,15289,,1,2025 UFA,0
nan,15492,,1,2025 UFA,0
nan,16036,,1,2025 UFA,0
nan,13427,,1,2025 UFA,0
nan,15010,,1,2025 UFA,0
nan,15841,,1,2025 UFA,0
nan,17202,,1,2025 UFA,0
nan,16120,,1,2025 UFA,0
locked,14235,1.80,1,2025 UFA,0
locked,15242,1,1,2025 UFA,0
nan,14870,,1,2025 UFA,0
nan,16589,,1,2025 UFA,0
nan,12645,,1,2025 UFA,0
nan,16949,,1,2025 UFA,0
nan,15332,,1,2025 UFA,0
nan,16361,,1,2025 UFA,0
locked,16664,1,2,2025 R/F,0
nan,13115,,1,2025 UFA,0
nan,17327,,1,2025 UFA,0
nan,10976,,1,2025 UFA,0
nan,16166,,1,2025 UFA,0
nan,15359,,1,2025 UFA,0
nan,15458,,1,2025 UFA,0
nan,16160,,1,2025 UFA,0
nan,15803,,1,2025 UFA,0
nan,15995,,1,2025 UFA,0
nan,15376,,1,2025 UFA,0
nan,13930,,1,2025 UFA,0
nan,15893,,1,2025 UFA,0
locked,14675,1.10,1,2025 ERFA,0
nan,17296,,1,2025 UFA,0
nan,14925,,1,2025 UFA,0
nan,17308,,1,2025 UFA,0
nan,16961,,1,2025 UFA,0
nan,16743,,1,2025 UFA,0
nan,11807,,1,2025 UFA,0
nan,15877,,1,2025 UFA,0
nan,12317,,1,2025 UFA,0
nan,16678,,1,2025 UFA,0
locked,13793,1.10,1,2025 ERFA,0
nan,16356,,1,2025 UFA,0
nan,16386,,1,2025 UFA,0
nan,16527,,1,2025 UFA,0
nan,17332,,1,2025 UFA,0
nan,12680,,1,2025 UFA,0
nan,16176,,1,2025 UFA,0
nan,14810,,1,2025 UFA,0
nan,17347,,1,2025 UFA,0
nan,16757,,1,2025 UFA,0
nan,12762,,1,2025 UFA,0
nan,16003,,1,2025 UFA,0
nan,14967,,1,2025 UFA,0
nan,15996,,1,2025 UFA,0
nan,16447,,1,2025 UFA,0
nan,16821,,1,2025 UFA,0
nan,13306,,1,2025 UFA,0
nan,17180,,1,2025 UFA,0
nan,13258,,1,2025 UFA,0
nan,17174,,1,2025 UFA,0
nan,17353,,1,2025 UFA,0
nan,14948,,1,2025 UFA,0
nan,13416,,1,2025 UFA,0
nan,13747,,1,2025 UFA,0
nan,16954,,1,2025 UFA,0
nan,14950,,1,2025 UFA,0
nan,13711,,1,2025 UFA,0
nan,15285,,1,2025 UFA,0
nan,17162,,1,2025 UFA,0
nan,15443,,1,2025 UFA,0
nan,16304,,1,2025 UFA,0
nan,12744,,1,2025 UFA,0
nan,15042,,1,2025 UFA,0
nan,14971,,1,2025 UFA,0
nan,16864,,1,2025 UFA,0
locked,16760,1,1,2025 UFA,0
nan,15900,,1,2025 UFA,0
nan,16192,,1,2025 UFA,0
nan,16792,,1,2025 UFA,0
nan,13211,,1,2025 UFA,0
nan,14992,,1,2025 UFA,0
nan,16803,,1,2025 UFA,0
nan,13113,,1,2025 UFA,0
nan,13776,,1,2025 UFA,0
nan,16774,,1,2025 UFA,0
nan,14269,,1,2025 UFA,0
nan,16893,,1,2025 UFA,0
nan,16446,,1,2025 UFA,0
nan,16766,,1,2025 UFA,0
nan,17354,,1,2025 UFA,0
nan,11985,,1,2025 UFA,0
nan,17011,,1,2025 UFA,0
nan,17088,,1,2025 UFA,0
nan,15347,,1,2025 UFA,0
nan,16634,,1,2025 UFA,0
nan,16052,,1,2025 UFA,0
nan,14549,,1,2025 UFA,0
nan,15151,,1,2025 UFA,0
nan,17089,,1,2025 UFA,0
nan,12610,,1,2025 UFA,0
locked,15109,1,1,2025 UFA,0
nan,17232,,1,2025 UFA,0
nan,16839,,1,2025 UFA,0
nan,16516,,1,2025 UFA,0
nan,16871,,1,2025 UFA,0
nan,16452,,1,2025 UFA,0
nan,15589,,1,2025 UFA,0
nan,16822,,1,2025 UFA,0
nan,14168,,1,2025 UFA,0
nan,13762,,1,2025 UFA,0
nan,13598,,1,2025 UFA,0
nan,17084,,1,2025 UFA,0
nan,13249,,1,2025 UFA,0
nan,15714,,1,2025 UFA,0
nan,13760,,1,2025 UFA,0
nan,16940,,1,2025 UFA,0
nan,16312,,1,2025 UFA,0
locked,16673,1.80,1,2025 UFA,0
nan,15563,,1,2025 UFA,0
nan,16648,,1,2025 UFA,0
nan,16811,,1,2025 UFA,0
nan,15528,,1,2025 UFA,0
nan,15454,,1,2025 UFA,0
nan,15585,,1,2025 UFA,0
nan,16860,,1,2025 UFA,0
nan,15886,,1,2025 UFA,0
nan,12979,,1,2025 UFA,0
nan,16895,,1,2025 UFA,0
nan,16630,,1,2025 UFA,0
locked,13139,5.20,1,2023 SRFA,0
nan,15559,,1,2025 UFA,0
nan,15885,,1,2025 UFA,0
nan,17359,,1,2025 UFA,0
nan,13253,,1,2025 UFA,0
nan,17273,,1,2025 UFA,0
locked,17164,0.90,3,2025 UDFA,0
nan,15286,,1,2025 UFA,0
nan,14076,,1,2025 UFA,0
nan,16375,,1,2025 UFA,0
nan,16367,,1,2025 UFA,0
locked,15694,1,1,2025 UFA,0
nan,13652,,1,2025 UFA,0
nan,13447,,1,2025 UFA,0
nan,14017,,1,2025 UFA,0
nan,16625,,1,2025 UFA,0
nan,15422,,1,2025 UFA,0
nan,15239,,1,2025 UFA,0
nan,12608,,1,2025 UFA,0
nan,16967,,1,2025 UFA,0
nan,14267,,1,2025 UFA,0
nan,16762,,1,2025 UFA,0
locked,12140,1.10,1,2024 R/F,0
nan,13296,,1,2025 UFA,0
nan,14227,,1,2025 UFA,0
nan,13266,,1,2025 UFA,0
nan,14984,,1,2025 UFA,0
nan,17250,,1,2025 UFA,0
nan,15035,,1,2025 UFA,0
nan,15906,,1,2025 UFA,0
nan,16294,,1,2025 UFA,0
nan,15865,,1,2025 UFA,0
nan,15840,,1,2025 UFA,0
nan,14379,,1,2025 UFA,0
nan,15792,,1,2025 UFA,0
nan,11228,,1,2025 UFA,0
nan,13846,,1,2025 UFA,0
nan,17338,,1,2025 UFA,0
nan,16099,,1,2025 UFA,0
nan,12760,,1,2025 UFA,0
nan,15626,,1,2025 UFA,0
nan,14426,,1,2025 UFA,0
nan,15401,,1,2025 UFA,0
nan,16523,,1,2025 UFA,0
locked,16010,1,2,2025 R/F,0
nan,14220,,1,2025 UFA,0
nan,14198,,1,2025 UFA,0
nan,16898,,1,2025 UFA,0
nan,17271,,1,2025 UFA,0
nan,15955,,1,2025 UFA,0
nan,15339,,1,2025 UFA,0
nan,13754,,1,2025 UFA,0
nan,15882,,1,2025 UFA,0
nan,16273,,1,2025 UFA,0
nan,16297,,1,2025 UFA,0
nan,15941,,1,2025 UFA,0
nan,17285,,1,2025 UFA,0
nan,15696,,1,2025 UFA,0
nan,10868,,1,2025 UFA,0
nan,15604,,1,2025 UFA,0
nan,12155,,1,2025 UFA,1
nan,16305,,1,2025 UFA,1
nan,14624,,1,2025 UFA,1
nan,16772,,1,2025 UFA,1
nan,14184,,1,2025 UFA,1
nan,16735,,1,2025 UFA,1
nan,13230,,1,2025 UFA,1
nan,13826,,1,2025 UFA,1
nan,13275,,1,2025 UFA,1
nan,15371,,1,2025 UFA,1
nan,16291,,1,2025 UFA,1
nan,16474,,1,2025 UFA,1
nan,12181,,1,2025 UFA,1
nan,13308,,1,2025 UFA,1
nan,14811,,1,2025 UFA,1
nan,14799,,1,2025 UFA,1
nan,17292,,1,2025 UFA,1
nan,17258,,1,2025 UFA,1
nan,13753,,1,2025 UFA,1
nan,12233,,1,2025 UFA,1
nan,16066,,1,2025 UFA,1
locked,16012,1,2,2025 R/F,1
nan,16746,,1,2025 UFA,1
nan,13246,,1,2025 UFA,1
nan,12621,,1,2025 UFA,1
nan,16219,,1,2025 UFA,1
nan,16879,,1,2025 UFA,1
nan,13879,,1,2025 UFA,1
nan,17061,,1,2025 UFA,1
nan,12308,,1,2025 UFA,1
locked,17130,0.90,3,2025 UDFA,1
nan,16942,,1,2025 UFA,1
nan,15903,,1,2025 UFA,1
nan,15676,,1,2025 UFA,1
nan,16872,,1,2025 UFA,1
nan,16782,,1,2025 UFA,1
nan,16257,,1,2025 UFA,1
nan,12715,,1,2025 UFA,1
nan,15879,,1,2025 UFA,1
nan,17276,,1,2025 UFA,1
nan,15829,,1,2025 UFA,1
nan,16371,,1,2025 UFA,1
nan,15765,,1,2025 UFA,1
nan,12083,,1,2025 UFA,1
nan,13781,,1,2025 UFA,1
nan,16029,,1,2025 UFA,1
locked,13263,1,2,2025 R/F,1
nan,16037,,1,2025 UFA,1
nan,14548,,1,2025 UFA,1
locked,17093,1,1,2025 UFA,1
nan,13980,,1,2025 UFA,1
nan,15718,,1,2025 UFA,1
locked,16384,1,1,2025 UFA,1
nan,16611,,1,2025 UFA,1
nan,14256,,1,2025 UFA,1
nan,16836,,1,2025 UFA,1
nan,15000,,1,2025 UFA,1
nan,16139,,1,2025 UFA,1
locked,16637,1.18,3,2024 3.13,1
nan,13706,,1,2025 UFA,1
nan,14263,,1,2025 UFA,1
nan,15671,,1,2025 UFA,1
nan,11151,,1,2025 UFA,1
nan,15082,,1,2025 UFA,1
nan,16328,,1,2025 UFA,1
nan,13201,,1,2025 UFA,1
nan,15915,,1,2025 UFA,1
nan,17216,,1,2025 UFA,1
nan,12075,,1,2025 UFA,1
nan,17323,,1,2025 UFA,1
nan,17231,,1,2025 UFA,1
nan,15348,,1,2025 UFA,1
locked,14983,1,2,2025 R/F,1
nan,17203,,1,2025 UFA,1
nan,15344,,1,2025 UFA,1
nan,16322,,1,2025 UFA,1
nan,16876,,1,2025 UFA,1
nan,13125,,1,2025 UFA,1
nan,14319,,1,2025 UFA,1
nan,11679,,1,2025 UFA,1
nan,16023,,1,2025 UFA,1
nan,15758,,1,2025 UFA,1
nan,16646,,1,2025 UFA,1
nan,15985,,1,2025 UFA,1
nan,14310,,1,2025 UFA,1
nan,16202,,1,2025 UFA,1
nan,12718,,1,2025 UFA,1
nan,10514,,1,2025 UFA,1
nan,15875,,1,2025 UFA,1
nan,16289,,1,2025 UFA,1
nan,16153,,1,2025 UFA,1
nan,13775,,1,2025 UFA,1
nan,17307,,1,2025 UFA,1
nan,17260,,1,2025 UFA,1
nan,16338,,1,2025 UFA,1
nan,13638,,1,2025 UFA,1
nan,16799,,1,2025 UFA,1
nan,17261,,1,2025 UFA,1
nan,12699,,1,2025 UFA,1
nan,16865,,1,2025 UFA,1
nan,17257,,1,2025 UFA,1
nan,17209,,1,2025 UFA,1
nan,16288,,1,2025 UFA,1
nan,15973,,1,2025 UFA,1
nan,12292,,1,2025 UFA,1
nan,16054,,1,2025 UFA,1
nan,16499,,1,2025 UFA,1
nan,14202,,1,2025 UFA,1
nan,17299,,1,2025 UFA,1
nan,14552,,1,2025 UFA,1
nan,16075,,1,2025 UFA,1
nan,13926,,1,2025 UFA,1
nan,16393,,1,2025 UFA,1
nan,16556,,1,2025 UFA,1
nan,15246,,1,2025 UFA,1
nan,15892,,1,2025 UFA,1
nan,13868,,1,2025 UFA,1
nan,15854,,1,2025 UFA,1
nan,13418,,1,2025 UFA,1
nan,13256,,1,2025 UFA,1
nan,16770,,1,2025 UFA,1
nan,14286,,1,2025 UFA,1
nan,12650,,1,2025 UFA,1
nan,13873,,1,2025 UFA,1
nan,12750,,1,2025 UFA,1
nan,16820,,1,2025 UFA,1
nan,16882,,1,2025 UFA,1
nan,5848,,1,2025 UFA,1
nan,16336,,1,2025 UFA,1
locked,16656,1.10,3,2024 4.02,1
nan,13378,,1,2025 UFA,1
nan,16056,,1,2025 UFA,1
nan,17263,,1,2025 UFA,1
nan,11640,,1,2025 UFA,1
nan,16794,,1,2025 UFA,1
nan,15462,,1,2025 UFA,1
nan,17228,,1,2025 UFA,1
nan,12616,,1,2025 UFA,1
locked,15449,1,2,2025 R/F,1
nan,16816,,1,2025 UFA,1
nan,16387,,1,2025 UFA,1
locked,17091,1,1,2025 UFA,1
nan,16364,,1,2025 UFA,1
nan,16324,,1,2025 UFA,1
nan,16976,,1,2025 UFA,1
nan,17282,,1,2025 UFA,1
nan,15412,,1,2025 UFA,1
nan,15292,,1,2025 UFA,1
nan,15447,,1,2025 UFA,1
nan,16118,,1,2025 UFA,1
nan,13994,,1,2025 UFA,1
nan,17092,,1,2025 UFA,1
nan,15423,,1,2025 UFA,1
nan,15356,,1,2025 UFA,1
nan,16851,,1,2025 UFA,1
nan,14358,,1,2025 UFA,1
nan,16423,,1,2025 UFA,1
nan,17247,,1,2025 UFA,1
nan,13695,,1,2025 UFA,1
nan,17295,,1,2025 UFA,1
nan,14875,,1,2025 UFA,1
nan,15177,,1,2025 UFA,1
nan,15248,,1,2025 UFA,1
nan,12758,,1,2025 UFA,1
nan,17358,,1,2025 UFA,1
nan,16834,,1,2025 UFA,1
locked,17214,0.90,3,2025 UDFA,1
nan,13750,,1,2025 UFA,1
nan,16337,,1,2025 UFA,1
nan,17335,,1,2025 UFA,1
nan,12738,,1,2025 UFA,1
nan,12325,,1,2025 UFA,1
nan,12783,,1,2025 UFA,1
locked,14170,1.80,1,2025 UFA,1
nan,16982,,1,2025 UFA,1
nan,15908,,1,2025 UFA,1
nan,15874,,1,2025 UFA,1
nan,16790,,1,2025 UFA,1
nan,15041,,1,2025 UFA,1
nan,15804,,1,2025 UFA,1
locked,17165,0.90,3,2025 UDFA,1
nan,15034,,1,2025 UFA,1
nan,15887,,1,2025 UFA,1
nan,15930,,1,2025 UFA,1
nan,17325,,1,2025 UFA,1
locked,12779,1,2,2025 R/F,1
nan,15595,,1,2025 UFA,1
nan,14112,,1,2025 UFA,1
nan,16339,,1,2025 UFA,1
nan,11644,,1,2025 UFA,1
nan,16753,,1,2025 UFA,1
nan,16229,,1,2025 UFA,1
nan,12394,,1,2025 UFA,1
locked,16713,0.98,3,2024 5.21,1
nan,13703,,1,2025 UFA,1
nan,15258,,1,2025 UFA,1
nan,15432,,1,2025 UFA,1
nan,17348,,1,2025 UFA,1
nan,15870,,1,2025 UFA,1
nan,16854,,1,2025 UFA,1
nan,17317,,1,2025 UFA,1
nan,16806,,1,2025 UFA,1
nan,14850,,1,2025 UFA,1
nan,15568,,1,2025 UFA,1
nan,14888,,1,2025 UFA,1
nan,17355,,1,2025 UFA,1
nan,15723,,1,2025 UFA,1
nan,13668,,1,2025 UFA,1
nan,15984,,1,2025 UFA,1
nan,16875,,1,2025 UFA,1
nan,16492,,1,2025 UFA,1
nan,15965,,1,2025 UFA,1
nan,15057,,1,2025 UFA,1
nan,12930,,1,2025 UFA,1
nan,15194,,1,2025 UFA,1
nan,15837,,1,2025 UFA,1
locked,15364,1.80,1,2025 UFA,1
nan,17319,,1,2025 UFA,1
nan,13322,,1,2025 UFA,1
nan,15826,,1,2025 UFA,1
nan,16325,,1,2025 UFA,1
nan,14841,,1,2025 UFA,1
nan,15878,,1,2025 UFA,1
nan,16313,,1,2025 UFA,1
locked,11706,1.98,2,2024 UFA,1
nan,16331,,1,2025 UFA,1
nan,16072,,1,2025 UFA,1
nan,16885,,1,2025 UFA,1
nan,16789,,1,2025 UFA,1
nan,16810,,1,2025 UFA,1
nan,14155,,1,2025 UFA,1
nan,17303,,1,2025 UFA,1
locked,12754,1,2,2025 R/F,1
nan,14238,,1,2025 UFA,1
locked,13675,1.80,1,2025 UFA,1
nan,12257,,1,2025 UFA,1
nan,17328,,1,2025 UFA,1
nan,15991,,1,2025 UFA,1
nan,17284,,1,2025 UFA,1
nan,17040,,1,2025 UFA,1
locked,15860,1.13,1,2022 4.23,1
nan,13128,,1,2025 UFA,1
nan,11674,,1,2025 UFA,1
nan,16453,,1,2025 UFA,1
nan,17333,,1,2025 UFA,1
locked,16636,1.33,3,2024 3.04,1
nan,15002,,1,2025 UFA,1
locked,10700,1.80,1,2025 UFA,1
nan,15772,,1,2025 UFA,1
nan,14253,,1,2025 UFA,1
nan,13862,,1,2025 UFA,1
nan,17246,,1,2025 UFA,1
nan,16395,,1,2025 UFA,1
nan,12184,,1,2025 UFA,1
nan,16771,,1,2025 UFA,1
nan,16796,,1,2025 UFA,1
nan,16157,,1,2025 UFA,1
nan,13216,,1,2025 UFA,1
nan,16998,,1,2025 UFA,1
nan,14815,,1,2025 UFA,1
nan,10313,,1,2025 UFA,1
nan,12276,,1,2025 UFA,1
nan,15321,,1,2025 UFA,1
nan,15891,,1,2025 UFA,1
nan,15343,,1,2025 UFA,1
nan,14911,,1,2025 UFA,1
nan,17320,,1,2025 UFA,1
nan,16299,,1,2025 UFA,1
nan,14845,,1,2025 UFA,1
nan,14037,,1,2025 UFA,1
nan,15373,,1,2025 UFA,1
nan,17309,,1,2025 UFA,1
nan,16877,,1,2025 UFA,1
nan,15931,,1,2025 UFA,1
nan,14987,,1,2025 UFA,1
nan,15738,,1,2025 UFA,1
nan,13479,,1,2025 UFA,1
nan,14898,,1,2025 UFA,1
nan,14996,,1,2025 UFA,1
nan,16767,,1,2025 UFA,1
nan,14943,,1,2025 UFA,1
nan,15746,,1,2025 UFA,1
nan,12771,,1,2025 UFA,1
nan,16441,,1,2025 UFA,1
locked,15396,1.80,1,2025 UFA,1
nan,14876,,1,2025 UFA,1
nan,17294,,1,2025 UFA,1
nan,16385,,1,2025 UFA,1
nan,16484,,1,2025 UFA,1
nan,16439,,1,2025 UFA,1
nan,16756,,1,2025 UFA,1
nan,17262,,1,2025 UFA,1
nan,12349,,1,2025 UFA,1
nan,14805,,1,2025 UFA,1
nan,15468,,1,2025 UFA,1
nan,17281,,1,2025 UFA,1
nan,13119,,1,2025 UFA,1
nan,17265,,1,2025 UFA,1
locked,16657,0.94,2,2024 UDFA,1
nan,12188,,1,2025 UFA,1
nan,15129,,1,2025 UFA,1
nan,14108,,1,2025 UFA,1
nan,16409,,1,2025 UFA,1
nan,13281,,1,2025 UFA,1
nan,16354,,1,2025 UFA,1
nan,16786,,1,2025 UFA,1
nan,12623,,1,2025 UFA,1
nan,16429,,1,2025 UFA,1
nan,16374,,1,2025 UFA,1
locked,16889,1,1,2025 UFA,1
locked,15797,1.23,1,2022 4.05,1
nan,14315,,1,2025 UFA,1
nan,12234,,1,2025 UFA,1
nan,15888,,1,2025 UFA,1
nan,16218,,1,2025 UFA,1
nan,14847,,1,2025 UFA,1
nan,13988,,1,2025 UFA,1
nan,14953,,1,2025 UFA,1
locked,15851,1.74,1,2022 2.14,1
nan,16663,,1,2025 UFA,1
nan,15464,,1,2025 UFA,1
nan,13726,,1,2025 UFA,1
nan,13716,,1,2025 UFA,1
nan,17057,,1,2025 UFA,1
nan,13850,,1,2025 UFA,1
nan,12219,,1,2025 UFA,1
nan,14222,,1,2025 UFA,1
nan,14803,,1,2025 UFA,1
nan,14401,,1,2025 UFA,1
nan,15250,,1,2025 UFA,1
nan,14670,,1,2025 UFA,1
locked,15847,1.17,1,2022 4.16,1
nan,12625,,1,2025 UFA,1
nan,13303,,1,2025 UFA,1
nan,14934,,1,2025 UFA,1
nan,17067,,1,2025 UFA,1
nan,15813,,1,2025 UFA,1
nan,14270,,1,2025 UFA,1
nan,15302,,1,2025 UFA,1
nan,16595,,1,2025 UFA,1
nan,15880,,1,2025 UFA,1
nan,15275,,1,2025 UFA,1
nan,14808,,1,2025 UFA,1
nan,17109,,1,2025 UFA,1
nan,13699,,1,2025 UFA,1
nan,16163,,1,2025 UFA,1
nan,13236,,1,2025 UFA,1
locked,17034,0.95,4,2025 5.04,1
nan,15780,,1,2025 UFA,1
nan,14137,,1,2025 UFA,1
nan,16986,,1,2025 UFA,1
nan,15360,,1,2025 UFA,1
nan,17191,,1,2025 UFA,1
nan,15335,,1,2025 UFA,1
nan,15883,,1,2025 UFA,1
locked,13798,1,1,2025 UFA,1
nan,15303,,1,2025 UFA,1
nan,15270,,1,2025 UFA,1
nan,14151,,1,2025 UFA,1
nan,17243,,1,2025 UFA,1
nan,15431,,1,2025 UFA,1
nan,16515,,1,2025 UFA,1
nan,13919,,1,2025 UFA,1
nan,16557,,1,2025 UFA,1
nan,15925,,1,2025 UFA,1
nan,17277,,1,2025 UFA,1
nan,15407,,1,2025 UFA,1
nan,15117,,1,2025 UFA,1
nan,17090,,1,2025 UFA,1
nan,17314,,1,2025 UFA,1
nan,15866,,1,2025 UFA,1
nan,16778,,1,2025 UFA,1
nan,16064,,1,2025 UFA,1
nan,13778,,1,2025 UFA,1
nan,8851,,1,2025 UFA,1
nan,16669,,1,2025 UFA,1
nan,14012,,1,2025 UFA,1
nan,16379,,1,2025 UFA,1
nan,13134,,1,2025 UFA,1
nan,15437,,1,2025 UFA,1
nan,15070,,1,2025 UFA,1
nan,16260,,1,2025 UFA,1
nan,14946,,1,2025 UFA,1
nan,13129,,1,2025 UFA,1
nan,13085,,1,2025 UFA,1
nan,16030,,1,2025 UFA,1
nan,15148,,1,2025 UFA,1
nan,15244,,1,2025 UFA,1
nan,17210,,1,2025 UFA,1
nan,13617,,1,2025 UFA,1
nan,14781,,1,2025 UFA,1
locked,14991,1.87,3,2024 UFA,1
nan,12714,,1,2025 UFA,1
nan,16892,,1,2025 UFA,1
nan,13809,,1,2025 UFA,1
nan,16884,,1,2025 UFA,1
nan,14237,,1,2025 UFA,1
nan,15255,,1,2025 UFA,1
nan,14901,,1,2025 UFA,1
nan,13646,,1,2025 UFA,1
nan,9694,,1,2025 UFA,1
nan,16841,,1,2025 UFA,1
nan,14081,,1,2025 UFA,1
nan,14244,,1,2025 UFA,1
nan,14926,,1,2025 UFA,1
nan,16925,,1,2025 UFA,1
nan,17300,,1,2025 UFA,1
nan,11265,,1,2025 UFA,1
nan,16009,,1,2025 UFA,1
nan,14495,,1,2025 UFA,1
nan,15141,,1,2025 UFA,1
nan,15957,,1,2025 UFA,1
nan,15103,,1,2025 UFA,1
nan,15499,,1,2025 UFA,1
nan,14982,,1,2025 UFA,1
nan,10789,,1,2025 UFA,1
nan,11010,,1,2025 UFA,1
nan,14962,,1,2025 UFA,1
nan,16416,,1,2025 UFA,1
nan,14652,,1,2025 UFA,1
nan,12271,,1,2025 UFA,1
locked,15397,1.80,1,2025 UFA,1
locked,13347,1,2,2025 R/F,1
nan,15730,,1,2025 UFA,1
nan,12978,,1,2025 UFA,1
nan,11239,,1,2025 UFA,1
nan,12151,,1,2025 UFA,1
nan,16599,,1,2025 UFA,1
nan,12751,,1,2025 UFA,1
nan,16732,,1,2025 UFA,1
nan,9826,,1,2025 UFA,1
nan,16373,,1,2025 UFA,1
nan,15429,,1,2025 UFA,1
nan,16979,,1,2025 UFA,1
nan,15419,,1,2025 UFA,1
nan,15381,,1,2025 UFA,1
nan,15782,,1,2025 UFA,1
nan,16173,,1,2025 UFA,1
nan,13942,,1,2025 UFA,1
nan,16349,,1,2025 UFA,1
nan,17351,,1,2025 UFA,1
nan,16956,,1,2025 UFA,1
nan,14062,,1,2025 UFA,1
nan,16833,,1,2025 UFA,1
nan,13273,,1,2025 UFA,1
nan,17298,,1,2025 UFA,1
locked,14878,1,2,2025 R/F,1
nan,12828,,1,2025 UFA,1
nan,10457,,1,2025 UFA,1
nan,14337,,1,2025 UFA,1
nan,13430,,1,2025 UFA,1
nan,16776,,1,2025 UFA,1
nan,16156,,1,2025 UFA,1
nan,16531,,1,2025 UFA,1
nan,16025,,1,2025 UFA,1
nan,16874,,1,2025 UFA,1
nan,14964,,1,2025 UFA,1
nan,16154,,1,2025 UFA,1
nan,16340,,1,2025 UFA,1
nan,12923,,1,2025 UFA,1
nan,12976,,1,2025 UFA,1
nan,17245,,1,2025 UFA,1
nan,17199,,1,2025 UFA,1
nan,14837,,1,2025 UFA,1
locked,16744,1,1,2025 UFA,1
nan,16318,,1,2025 UFA,1
nan,17211,,1,2025 UFA,1
nan,11281,,1,2025 UFA,1
nan,16019,,1,2025 UFA,1
nan,16784,,1,2025 UFA,1
nan,14113,,1,2025 UFA,1
nan,15943,,1,2025 UFA,1
nan,16928,,1,2025 UFA,1
nan,16800,,1,2025 UFA,1
nan,13204,,1,2025 UFA,1
nan,14716,,1,2025 UFA,1
nan,15719,,1,2025 UFA,1
nan,17221,,1,2025 UFA,1
nan,11872,,1,2025 UFA,1
nan,14891,,1,2025 UFA,1
nan,13715,,1,2025 UFA,1
nan,16587,,1,2025 UFA,1
nan,14558,,1,2025 UFA,1
nan,15720,,1,2025 UFA,1
nan,17226,,1,2025 UFA,1
nan,14821,,1,2025 UFA,1
nan,17213,,1,2025 UFA,1
nan,16341,,1,2025 UFA,1
nan,16886,,1,2025 UFA,1
nan,16326,,1,2025 UFA,1
nan,13771,,1,2025 UFA,1
nan,16413,,1,2025 UFA,1
nan,16458,,1,2025 UFA,1
nan,12476,,1,2025 UFA,1
nan,10945,,1,2025 UFA,1
nan,16352,,1,2025 UFA,1
nan,16000,,1,2025 UFA,1
nan,14905,,1,2025 UFA,1
nan,14087,,1,2025 UFA,1
nan,17283,,1,2025 UFA,1
nan,16306,,1,2025 UFA,1
nan,15271,,1,2025 UFA,1
nan,13914,,1,2025 UFA,1
nan,16058,,1,2025 UFA,1
nan,15564,,1,2025 UFA,1
nan,12481,,1,2025 UFA,1
nan,15800,,1,2025 UFA,1
locked,16460,1,1,2025 UFA,1
nan,15956,,1,2025 UFA,1
nan,12287,,1,2025 UFA,1
nan,17286,,1,2025 UFA,1
locked,15836,1.41,1,2022 3.11,1
nan,16761,,1,2025 UFA,1
nan,16425,,1,2025 UFA,1
nan,13424,,1,2025 UFA,1
nan,12589,,1,2025 UFA,1
nan,13622,,1,2025 UFA,1
nan,16007,,1,2025 UFA,1
locked,15441,1.80,1,2025 UFA,1
nan,13963,,1,2025 UFA,1
nan,14849,,1,2025 UFA,1
nan,15565,,1,2025 UFA,1
nan,16608,,1,2025 UFA,1
nan,17301,,1,2025 UFA,1
nan,16807,,1,2025 UFA,1
nan,14266,,1,2025 UFA,1
nan,14944,,1,2025 UFA,1
nan,13755,,1,2025 UFA,1
nan,14083,,1,2025 UFA,1
nan,16151,,1,2025 UFA,1
nan,13228,,1,2025 UFA,1
nan,12677,,1,2025 UFA,1
nan,11387,,1,2025 UFA,1
nan,16710,,1,2025 UFA,1
nan,16290,,1,2025 UFA,1
nan,15983,,1,2025 UFA,1
nan,15928,,1,2025 UFA,1
nan,12742,,1,2025 UFA,1
nan,16311,,1,2025 UFA,1
nan,15693,,1,2025 UFA,1
nan,13684,,1,2025 UFA,1
nan,14966,,1,2025 UFA,1
nan,17095,,1,2025 UFA,1
nan,14370,,1,2025 UFA,1
nan,15121,,1,2025 UFA,1
nan,9853,,1,2025 UFA,1
nan,13731,,1,2025 UFA,1
nan,16180,,1,2025 UFA,1
nan,16017,,1,2025 UFA,1
nan,14118,,1,2025 UFA,1
nan,17350,,1,2025 UFA,1
nan,14789,,1,2025 UFA,1
nan,13680,,1,2025 UFA,1
nan,13691,,1,2025 UFA,1
locked,16201,0.98,1,2023 UDFA,1
nan,16183,,1,2025 UFA,1
nan,11382,,1,2025 UFA,1
nan,14919,,1,2025 UFA,1
nan,16285,,1,2025 UFA,1
nan,16485,,1,2025 UFA,1
nan,14420,,1,2025 UFA,1
nan,16059,,1,2025 UFA,1
nan,15734,,1,2025 UFA,1
nan,17193,,1,2025 UFA,1
nan,14551,,1,2025 UFA,1
nan,14121,,1,2025 UFA,1
nan,16366,,1,2025 UFA,1
nan,17287,,1,2025 UFA,1
nan,13226,,1,2025 UFA,1
nan,16740,,1,2025 UFA,1
nan,17194,,1,2025 UFA,1
nan,17289,,1,2025 UFA,1
nan,15899,,1,2025 UFA,1
nan,15016,,1,2025 UFA,1
nan,15277,,1,2025 UFA,1
nan,15811,,1,2025 UFA,1
nan,13229,,1,2025 UFA,1
nan,17297,,1,2025 UFA,1
nan,17329,,1,2025 UFA,1
nan,16964,,1,2025 UFA,1
nan,16758,,1,2025 UFA,1
nan,15918,,1,2025 UFA,1
nan,9861,,1,2025 UFA,1
nan,16456,,1,2025 UFA,1
nan,17342,,1,2025 UFA,1
nan,16715,,1,2025 UFA,1
locked,14252,1,2,2025 R/F,1
nan,17341,,1,2025 UFA,1
nan,16533,,1,2025 UFA,1
nan,14859,,1,2025 UFA,1
nan,14060,,1,2025 UFA,1
nan,16815,,1,2025 UFA,1
nan,16764,,1,2025 UFA,1
nan,17201,,1,2025 UFA,1
nan,16198,,1,2025 UFA,1
nan,16780,,1,2025 UFA,1
nan,15451,,1,2025 UFA,1
nan,15262,,1,2025 UFA,1
nan,16721,,1,2025 UFA,1
nan,12796,,1,2025 UFA,1
nan,11327,,1,2025 UFA,1
locked,14858,1,2,2025 R/F,1
nan,16919,,1,2025 UFA,1
nan,11286,,1,2025 UFA,1
nan,13288,,1,2025 UFA,1
nan,16957,,1,2025 UFA,1
locked,15989,1.80,1,2025 UFA,1
nan,17272,,1,2025 UFA,1
nan,16362,,1,2025 UFA,1
nan,12700,,1,2025 UFA,1
nan,15987,,1,2025 UFA,1
nan,15424,,1,2025 UFA,1
nan,15586,,1,2025 UFA,1
nan,16777,,1,2025 UFA,1
nan,14853,,1,2025 UFA,1
nan,16801,,1,2025 UFA,1
nan,14331,,1,2025 UFA,1
nan,16277,,1,2025 UFA,1
nan,16376,,1,2025 UFA,1
nan,16609,,1,2025 UFA,1
nan,14208,,1,2025 UFA,1
nan,16861,,1,2025 UFA,1
nan,17344,,1,2025 UFA,1
nan,15897,,1,2025 UFA,1
nan,17315,,1,2025 UFA,1
nan,14359,,1,2025 UFA,1
nan,14924,,1,2025 UFA,1
nan,15783,,1,2025 UFA,1
nan,13274,,1,2025 UFA,1
nan,9207,,1,2025 UFA,1
nan,16883,,1,2025 UFA,1
nan,14205,,1,2025 UFA,1
nan,17266,,1,2025 UFA,1
nan,15959,,1,2025 UFA,1
nan,15481,,1,2025 UFA,1
nan,17079,,1,2025 UFA,1
nan,14864,,1,2025 UFA,1
nan,16837,,1,2025 UFA,1
locked,13848,1,2,2025 R/F,1
nan,16055,,1,2025 UFA,1
nan,16357,,1,2025 UFA,1
nan,15165,,1,2025 UFA,1
nan,16476,,1,2025 UFA,1
nan,16203,,1,2025 UFA,1
nan,11793,,1,2025 UFA,1
nan,12745,,1,2025 UFA,1
nan,16709,,1,2025 UFA,1
nan,15881,,1,2025 UFA,1
nan,16714,,1,2025 UFA,1
nan,16026,,1,2025 UFA,1
nan,12988,,1,2025 UFA,1
nan,10271,,1,2025 UFA,1
nan,15241,,1,2025 UFA,1
nan,15618,,1,2025 UFA,1
nan,16370,,1,2025 UFA,1
locked,17170,0.90,3,2025 UDFA,1
nan,16005,,1,2025 UFA,1
nan,14828,,1,2025 UFA,1
locked,15863,1.80,1,2025 UFA,1
nan,15767,,1,2025 UFA,1
nan,16114,,1,2025 UFA,1
nan,13176,,1,2025 UFA,1
nan,15330,,1,2025 UFA,1
nan,16773,,1,2025 UFA,1
nan,16505,,1,2025 UFA,1
nan,13898,,1,2025 UFA,1
nan,15383,,1,2025 UFA,1
nan,9904,,1,2025 UFA,1
nan,17304,,1,2025 UFA,1
nan,12795,,1,2025 UFA,1
nan,17343,,1,2025 UFA,1
nan,11367,,1,2025 UFA,1
nan,16742,,1,2025 UFA,1
nan,16798,,1,2025 UFA,1
nan,14880,,1,2025 UFA,1
nan,13301,,1,2025 UFA,1
nan,12720,,1,2025 UFA,1
nan,14939,,1,2025 UFA,1
nan,10948,,1,2025 UFA,1
nan,14807,,1,2025 UFA,1
nan,13619,,1,2025 UFA,1
nan,16316,,1,2025 UFA,1
nan,15924,,1,2025 UFA,1
nan,12239,,1,2025 UFA,1
locked,17183,0.90,3,2025 UDFA,1
nan,14503,,1,2025 UFA,1
nan,17248,,1,2025 UFA,1
nan,15527,,1,2025 UFA,1
nan,16863,,1,2025 UFA,1
nan,15929,,1,2025 UFA,1
nan,12776,,1,2025 UFA,1
nan,17316,,1,2025 UFA,1
nan,17274,,1,2025 UFA,1
nan,13232,,1,2025 UFA,1
nan,16674,,1,2025 UFA,1
nan,13250,,1,2025 UFA,1
locked,17230,1,1,2025 UFA,1
locked,14899,1.80,1,2025 UFA,1
nan,15535,,1,2025 UFA,1
nan,17173,,1,2025 UFA,1
nan,17310,,1,2025 UFA,1
nan,15727,,1,2025 UFA,1
nan,14143,,1,2025 UFA,1
nan,16016,,1,2025 UFA,1
nan,15795,,1,2025 UFA,1
nan,17218,,1,2025 UFA,1
nan,13262,,1,2025 UFA,1
locked,17133,0.90,3,2025 UDFA,1
nan,17352,,1,2025 UFA,1
nan,15970,,1,2025 UFA,1
nan,17110,,1,2025 UFA,1
nan,14442,,1,2025 UFA,1
nan,16249,,1,2025 UFA,1
locked,17111,0.90,3,2025 UDFA,1
nan,16302,,1,2025 UFA,1
nan,14452,,1,2025 UFA,1
nan,15240,,1,2025 UFA,1
nan,16418,,1,2025 UFA,1
nan,11680,,1,2025 UFA,1
locked,17184,0.90,3,2025 UDFA,1
nan,17229,,1,2025 UFA,1
nan,17267,,1,2025 UFA,1
nan,17349,,1,2025 UFA,1
nan,16217,,1,2025 UFA,1
nan,16613,,1,2025 UFA,1
nan,13202,,1,2025 UFA,1
nan,12687,,1,2025 UFA,1
nan,16132,,1,2025 UFA,1
nan,13632,,1,2025 UFA,1
nan,15818,,1,2025 UFA,1
nan,16591,,1,2025 UFA,1
nan,13336,,1,2025 UFA,1
nan,16755,,1,2025 UFA,1
nan,16343,,1,2025 UFA,1
nan,15944,,1,2025 UFA,1
nan,17035,,1,2025 UFA,1
nan,13733,,1,2025 UFA,1
nan,16529,,1,2025 UFA,1
nan,15140,,1,2025 UFA,1
locked,13227,1,2,2025 R/F,1
nan,8269,,1,2025 UFA,1
locked,13687,1.10,1,2024 R/F,1
nan,17244,,1,2025 UFA,1
locked,16604,1.25,3,2024 3.08,1
nan,14057,,1,2025 UFA,1
nan,15094,,1,2025 UFA,1
nan,16768,,1,2025 UFA,1
nan,17253,,1,2025 UFA,1
locked,14268,1.90,1,2025 B/R,1
nan,14211,,1,2025 UFA,1
nan,15334,,1,2025 UFA,1
nan,17237,,1,2025 UFA,1
nan,15461,,1,2025 UFA,1
locked,15433,1,2,2025 R/F,1
nan,12791,,1,2025 UFA,1
nan,15945,,1,2025 UFA,1
nan,16391,,1,2025 UFA,1
nan,15958,,1,2025 UFA,1
nan,16315,,1,2025 UFA,1
nan,14951,,1,2025 UFA,1
nan,13234,,1,2025 UFA,1
nan,13767,,1,2025 UFA,1
nan,17063,,1,2025 UFA,1
nan,16730,,1,2025 UFA,1
nan,13909,,1,2025 UFA,1
nan,16220,,1,2025 UFA,1
nan,15867,,1,2025 UFA,1
nan,12955,,1,2025 UFA,1
locked,14985,1,1,2025 R/F,1
nan,16275,,1,2025 UFA,1
nan,12141,,1,2025 UFA,1
nan,17336,,1,2025 UFA,1
nan,17200,,1,2025 UFA,1
nan,15308,,1,2025 UFA,1
nan,16259,,1,2025 UFA,1
nan,13802,,1,2025 UFA,1
locked,11383,1,2,2025 R/F,1
nan,15771,,1,2025 UFA,1
nan,16831,,1,2025 UFA,1
nan,17340,,1,2025 UFA,1
nan,16868,,1,2025 UFA,1
nan,17054,,1,2025 UFA,1
nan,16004,,1,2025 UFA,1
nan,12851,,1,2025 UFA,1
nan,17259,,1,2025 UFA,1
nan,11313,,1,2025 UFA,1
nan,15876,,1,2025 UFA,1
nan,16329,,1,2025 UFA,1
nan,15820,,1,2025 UFA,1
nan,16335,,1,2025 UFA,1
nan,15951,,1,2025 UFA,1
nan,11676,,1,2025 UFA,1
nan,16501,,1,2025 UFA,1
nan,17208,,1,2025 UFA,1
nan,13547,,1,2025 UFA,1
nan,13252,,1,2025 UFA,1
nan,16212,,1,2025 UFA,1
nan,16856,,1,2025 UFA,1
nan,16848,,1,2025 UFA,1
nan,16179,,1,2025 UFA,1
nan,12311,,1,2025 UFA,1
nan,16605,,1,2025 UFA,1
nan,15614,,1,2025 UFA,1
nan,16912,,1,2025 UFA,1
nan,16571,,1,2025 UFA,1
nan,17038,,1,2025 UFA,1
nan,15743,,1,2025 UFA,1
nan,16063,,1,2025 UFA,1
nan,15849,,1,2025 UFA,1
nan,15993,,1,2025 UFA,1
nan,17356,,1,2025 UFA,1
nan,16890,,1,2025 UFA,1
nan,16894,,1,2025 UFA,1
locked,15450,1.80,1,2025 UFA,1
nan,16170,,1,2025 UFA,1
locked,15702,1,1,2025 UFA,1
nan,13313,,1,2025 UFA,1
nan,15097,,1,2025 UFA,1
nan,13205,,1,2025 UFA,1
nan,11761,,1,2025 UFA,1
nan,15333,,1,2025 UFA,1
nan,16765,,1,2025 UFA,1
nan,16535,,1,2025 UFA,1
nan,17225,,1,2025 UFA,1
nan,11017,,1,2025 UFA,1
nan,13222,,1,2025 UFA,1
nan,16769,,1,2025 UFA,1
nan,17339,,1,2025 UFA,1
nan,13143,,1,2025 UFA,1
nan,15417,,1,2025 UFA,1
nan,15368,,1,2025 UFA,1
nan,17197,,1,2025 UFA,1
nan,16751,,1,2025 UFA,1
locked,17233,0.90,3,2025 UDFA,1
nan,17334,,1,2025 UFA,1
nan,17238,,1,2025 UFA,1
nan,16695,,1,2025 UFA,1
nan,16438,,1,2025 UFA,1
nan,16463,,1,2025 UFA,1
nan,17227,,1,2025 UFA,1
nan,15759,,1,2025 UFA,1
nan,16843,,1,2025 UFA,1
nan,17239,,1,2025 UFA,1
nan,13639,,1,2025 UFA,1
nan,17240,,1,2025 UFA,1
nan,16687,,1,2025 UFA,1
nan,16958,,1,2025 UFA,1
nan,14280,,1,2025 UFA,1
nan,16296,,1,2025 UFA,1
locked,10267,1,2,2025 R/F,1
nan,15252,,1,2025 UFA,1
nan,12716,,1,2025 UFA,1
nan,15326,,1,2025 UFA,1
nan,16606,,1,2025 UFA,1
nan,14846,,1,2025 UFA,1
nan,16424,,1,2025 UFA,1
nan,16197,,1,2025 UFA,1
nan,17264,,1,2025 UFA,1
nan,14067,,1,2025 UFA,1
nan,16309,,1,2025 UFA,1
nan,15909,,1,2025 UFA,1
nan,15243,,1,2025 UFA,1
locked,17140,0.90,3,2025 UDFA,1
nan,14486,,1,2025 UFA,1
locked,16286,1.09,2,2023 4.18,1
nan,16494,,1,2025 UFA,1
nan,12773,,1,2025 UFA,1
nan,13348,,1,2025 UFA,1
nan,17305,,1,2025 UFA,1
nan,15283,,1,2025 UFA,1
nan,13752,,1,2025 UFA,1
nan,16814,,1,2025 UFA,1
nan,13270,,1,2025 UFA,1
nan,14239,,1,2025 UFA,1
nan,14131,,1,2025 UFA,1
nan,17288,,1,2025 UFA,1
nan,16232,,1,2025 UFA,1
nan,15341,,1,2025 UFA,1
locked,17129,0.90,3,2025 UDFA,1
nan,13426,,1,2025 UFA,1
nan,9596,,1,2025 UFA,1
nan,16082,,1,2025 UFA,1
nan,13998,,1,2025 UFA,1
locked,11728,1,2,2025 R/F,1
nan,14798,,1,2025 UFA,1
locked,12447,1,1,2025 UFA,1
nan,16759,,1,2025 UFA,1
nan,13330,,1,2025 UFA,1
nan,15476,,1,2025 UFA,1
nan,14181,,1,2025 UFA,1
nan,13968,,1,2025 UFA,1
nan,15830,,1,2025 UFA,1
nan,17254,,1,2025 UFA,1
nan,13940,,1,2025 UFA,1
nan,16440,,1,2025 UFA,1
nan,16659,,1,2025 UFA,1
nan,17331,,1,2025 UFA,1
locked,16224,1.47,2,2023 3.01,1
nan,14199,,1,2025 UFA,1
nan,11390,,1,2025 UFA,1
nan,15937,,1,2025 UFA,1
nan,14938,,1,2025 UFA,1
locked,16215,1.64,2,2023 2.12,1
nan,12437,,1,2025 UFA,1
locked,15786,1.80,1,2025 UFA,1
nan,16873,,1,2025 UFA,1
locked,17100,0.90,3,2025 UDFA,1
nan,12736,,1,2025 UFA,1
nan,14028,,1,2025 UFA,1
nan,13785,,1,2025 UFA,1
nan,14722,,1,2025 UFA,1
nan,14154,,1,2025 UFA,1
nan,12291,,1,2025 UFA,1
nan,16737,,1,2025 UFA,1
locked,17275,1,1,2025 UFA,1
nan,12756,,1,2025 UFA,1
nan,16250,,1,2025 UFA,1
nan,13777,,1,2025 UFA,1
nan,16359,,1,2025 UFA,1
nan,13913,,1,2025 UFA,1
nan,15456,,1,2025 UFA,1
nan,16828,,1,2025 UFA,1
nan,13745,,1,2025 UFA,1
nan,17291,,1,2025 UFA,1
nan,16532,,1,2025 UFA,1
nan,17279,,1,2025 UFA,1
nan,15414,,1,2025 UFA,1
locked,13704,1.80,1,2025 UFA,1
nan,16443,,1,2025 UFA,1
nan,13365,,1,2025 UFA,1
nan,11840,,1,2025 UFA,1
nan,13929,,1,2025 UFA,1
nan,13939,,1,2025 UFA,1
nan,12691,,1,2025 UFA,1
nan,15521,,1,2025 UFA,1
nan,15898,,1,2025 UFA,1
nan,15916,,1,2025 UFA,1
nan,13148,,1,2025 UFA,1
nan,15453,,1,2025 UFA,1
nan,13265,,1,2025 UFA,1
nan,15807,,1,2025 UFA,1
nan,16077,,1,2025 UFA,1
nan,14902,,1,2025 UFA,1
nan,14929,,1,2025 UFA,1
nan,14873,,1,2025 UFA,1
nan,16750,,1,2025 UFA,1
nan,16975,,1,2025 UFA,1
nan,17206,,1,2025 UFA,1
nan,13709,,1,2025 UFA,1
nan,14209,,1,2025 UFA,1
nan,14555,,1,2025 UFA,1
nan,16138,,1,2025 UFA,1
nan,14254,,1,2025 UFA,1
locked,12782,1.80,1,2025 UFA,1
nan,16436,,1,2025 UFA,1
nan,14245,,1,2025 UFA,1
nan,14977,,1,2025 UFA,1
nan,15902,,1,2025 UFA,1
nan,17215,,1,2025 UFA,1
nan,17278,,1,2025 UFA,1
nan,16372,,1,2025 UFA,1
nan,16849,,1,2025 UFA,1
nan,16880,,1,2025 UFA,1
nan,16763,,1,2025 UFA,1
nan,16199,,1,2025 UFA,1
nan,17313,,1,2025 UFA,1
nan,16237,,1,2025 UFA,1
nan,14341,,1,2025 UFA,1
nan,14871,,1,2025 UFA,1
nan,17065,,1,2025 UFA,1
locked,17163,0.90,3,2025 UDFA,1
nan,13488,,1,2025 UFA,1
locked,13377,1.10,1,2024 R/F,1
nan,11225,,1,2025 UFA,1
nan,15260,,1,2025 UFA,1
nan,15369,,1,2025 UFA,1
locked,17212,0.97,4,2025 4.16,1
nan,16832,,1,2025 UFA,1
nan,16897,,1,2025 UFA,1
locked,17236,0.90,3,2025 UDFA,1
nan,16901,,1,2025 UFA,1
nan,17219,,1,2025 UFA,1
nan,11970,,1,2025 UFA,1
nan,13608,,1,2025 UFA,1
nan,14857,,1,2025 UFA,1
locked,13231,1.90,1,2025 UFA,1
nan,14806,,1,2025 UFA,1
nan,13133,,1,2025 UFA,1
nan,16196,,1,2025 UFA,1
nan,10260,,1,2025 UFA,1
nan,13634,,1,2025 UFA,1
nan,16900,,1,2025 UFA,1
locked,16510,1,2,2025 R/F,1
nan,15901,,1,2025 UFA,1
nan,16293,,1,2025 UFA,1
nan,14467,,1,2025 UFA,1
nan,14890,,1,2025 UFA,1
nan,12229,,1,2025 UFA,1
locked,17196,0.90,3,2025 UDFA,1
nan,16270,,1,2025 UFA,1
locked,15717,1,1,2025 UFA,1
locked,12952,1.10,1,2024 R/F,1
nan,15124,,1,2025 UFA,1
nan,13719,,1,2025 UFA,1
nan,12323,,1,2025 UFA,1
nan,14506,,1,2025 UFA,1
nan,16838,,1,2025 UFA,1
nan,16592,,1,2025 UFA,1
nan,16631,,1,2025 UFA,1
nan,17361,,1,2025 UFA,1
nan,13910,,1,2025 UFA,1
nan,15316,,1,2025 UFA,1
nan,17345,,1,2025 UFA,1
nan,17235,,1,2025 UFA,1
nan,11317,,1,2025 UFA,1
nan,8930,,1,2025 UFA,1
locked,17101,0.90,3,2025 UDFA,1
nan,16588,,1,2025 UFA,1
nan,15650,,1,2025 UFA,1
nan,17321,,1,2025 UFA,1
nan,17360,,1,2025 UFA,1
nan,16739,,1,2025 UFA,1
nan,16380,,1,2025 UFA,1
nan,13863,,1,2025 UFA,1
nan,17293,,1,2025 UFA,1
nan,16728,,1,2025 UFA,1
nan,14848,,1,2025 UFA,1
nan,12309,,1,2025 UFA,1
nan,16015,,1,2025 UFA,1
nan,14958,,1,2025 UFA,1
nan,15905,,1,2025 UFA,1
nan,16701,,1,2025 UFA,1
nan,16332,,1,2025 UFA,1
nan,12735,,1,2025 UFA,1
nan,15998,,1,2025 UFA,1
nan,13066,,1,2025 UFA,1
locked,12802,1.80,1,2025 UFA,1
nan,14839,,1,2025 UFA,1
nan,14434,,1,2025 UFA,1
nan,16927,,1,2025 UFA,1
nan,16804,,1,2025 UFA,1
locked,13774,1.80,1,2025 UFA,1
nan,16334,,1,2025 UFA,1
nan,17326,,1,2025 UFA,1
locked,14672,1,2,2025 R/F,1
nan,16683,,1,2025 UFA,1
nan,16459,,1,2025 UFA,1
nan,13293,,1,2025 UFA,1
nan,16887,,1,2025 UFA,1
nan,16926,,1,2025 UFA,1
nan,16706,,1,2025 UFA,1
nan,16422,,1,2025 UFA,1
nan,14123,,1,2025 UFA,1
locked,17077,0.90,3,2025 UDFA,1
nan,14727,,1,2025 UFA,1
nan,15538,,1,2025 UFA,1
nan,13455,,1,2025 UFA,1
nan,15054,,1,2025 UFA,1
locked,16623,0.99,3,2024 5.08,1
nan,15399,,1,2025 UFA,1
nan,16720,,1,2025 UFA,1
nan,16933,,1,2025 UFA,1
nan,17322,,1,2025 UFA,1
nan,16869,,1,2025 UFA,1
nan,16454,,1,2025 UFA,1
nan,15697,,1,2025 UFA,1
nan,15910,,1,2025 UFA,1
nan,13220,,1,2025 UFA,1
nan,16363,,1,2025 UFA,1
nan,17187,,1,2025 UFA,1
nan,16242,,1,2025 UFA,1
nan,15726,,1,2025 UFA,1
nan,16347,,1,2025 UFA,1
locked,17204,0.90,3,2025 UDFA,1
nan,15920,,1,2025 UFA,1
nan,13434,,1,2025 UFA,1
nan,11678,,1,2025 UFA,1
nan,15622,,1,2025 UFA,1
locked,12785,1,1,2025 UFA,1
nan,14813,,1,2025 UFA,1
nan,16310,,1,2025 UFA,1
nan,15421,,1,2025 UFA,1
nan,16748,,1,2025 UFA,1
nan,15936,,1,2025 UFA,1
nan,17251,,1,2025 UFA,1
nan,17189,,1,2025 UFA,1
nan,16298,,1,2025 UFA,1
locked,17176,0.90,3,2025 UDFA,1
locked,15757,1.38,1,2022 3.12,1
nan,15420,,1,2025 UFA,1
nan,14997,,1,2025 UFA,1
nan,16174,,1,2025 UFA,1
nan,15914,,1,2025 UFA,1
nan,17346,,1,2025 UFA,1
nan,16795,,1,2025 UFA,1
nan,16907,,1,2025 UFA,1
nan,16405,,1,2025 UFA,1
nan,15684,,1,2025 UFA,1
nan,13155,,1,2025 UFA,1
nan,16008,,1,2025 UFA,1
nan,15763,,1,2025 UFA,1
locked,17041,0.90,3,2025 UDFA,1
nan,16308,,1,2025 UFA,1
locked,15796,1.09,1,2022 5.19,1
nan,13595,,1,2025 UFA,1
nan,14834,,1,2025 UFA,1
nan,15413,,1,2025 UFA,1
locked,13124,1,1,2025 UFA,1
nan,16307,,1,2025 UFA,1
nan,16496,,1,2025 UFA,1
nan,16094,,1,2025 UFA,1
nan,14065,,1,2025 UFA,1
nan,15408,,1,2025 UFA,1
nan,14146,,1,2025 UFA,1
nan,15384,,1,2025 UFA,1
locked,13157,4.39,1,2024 UFA,1
locked,15975,1.10,1,2024 R/F,1
nan,14079,,1,2025 UFA,1
nan,17062,,1,2025 UFA,1
nan,17290,,1,2025 UFA,1
nan,11945,,1,2025 UFA,1
nan,13315,,1,2025 UFA,1
nan,14197,,1,2025 UFA,1
locked,17116,0.90,3,2025 UDFA,1
nan,16045,,1,2025 UFA,1
nan,16221,,1,2025 UFA,1
nan,16600,,1,2025 UFA,1
nan,15296,,1,2025 UFA,1
nan,13814,,1,2025 UFA,1
nan,16317,,1,2025 UFA,1
nan,17302,,1,2025 UFA,1
nan,13791,,1,2025 UFA,1
nan,16205,,1,2025 UFA,1
nan,17337,,1,2025 UFA,1
nan,14258,,1,2025 UFA,1
nan,15257,,1,2025 UFA,1
nan,13694,,1,2025 UFA,1
nan,16461,,1,2025 UFA,1
nan,16238,,1,2025 UFA,1
nan,16932,,1,2025 UFA,1
nan,16451,,1,2025 UFA,1
nan,14228,,1,2025 UFA,1
nan,14278,,1,2025 UFA,1
nan,14838,,1,2025 UFA,1
nan,12658,,1,2025 UFA,1
locked,13744,1.10,1,2024 R/F,1
nan,13893,,1,2025 UFA,1
locked,16601,0.94,2,2024 UDFA,1
nan,16210,,1,2025 UFA,1
nan,16896,,1,2025 UFA,1
nan,12381,,1,2025 UFA,1
nan,17207,,1,2025 UFA,1
nan,14110,,1,2025 UFA,1
nan,16355,,1,2025 UFA,1
nan,17312,,1,2025 UFA,1
nan,16745,,1,2025 UFA,1
nan,16483,,1,2025 UFA,1
nan,14613,,1,2025 UFA,1
nan,17318,,1,2025 UFA,1
locked,14080,1.80,1,2025 UFA,1
nan,16247,,1,2025 UFA,1
nan,17311,,1,2025 UFA,1
nan,15491,,1,2025 UFA,1
nan,15446,,1,2025 UFA,1
nan,16682,,1,2025 UFA,1
nan,14600,,1,2025 UFA,1
nan,16607,,1,2025 UFA,1
nan,16113,,1,2025 UFA,1
locked,16686,0.94,2,2024 UDFA,1
nan,15828,,1,2025 UFA,1
nan,16243,,1,2025 UFA,1
nan,16321,,1,2025 UFA,1
nan,15411,,1,2025 UFA,1
nan,14141,,1,2025 UFA,1
nan,17168,,1,2025 UFA,1
nan,12701,,1,2025 UFA,1
nan,16916,,1,2025 UFA,1
nan,12270,,1,2025 UFA,1
nan,16319,,1,2025 UFA,1
nan,17224,,1,2025 UFA,1
nan,13645,,1,2025 UFA,1
nan,13811,,1,2025 UFA,1
nan,15896,,1,2025 UFA,1
nan,16428,,1,2025 UFA,1
locked,12301,1.80,1,2025 UFA,1
nan,15434,,1,2025 UFA,1
nan,13156,,1,2025 UFA,1
nan,16741,,1,2025 UFA,1
nan,15007,,1,2025 UFA,1
nan,13267,,1,2025 UFA,1
nan,13676,,1,2025 UFA,1
nan,15515,,1,2025 UFA,1
nan,16749,,1,2025 UFA,1
nan,16647,,1,2025 UFA,1
nan,15939,,1,2025 UFA,1
nan,16345,,1,2025 UFA,1
nan,15709,,1,2025 UFA,1
nan,15392,,1,2025 UFA,1
nan,13637,,1,2025 UFA,1
nan,17330,,1,2025 UFA,1
nan,16911,,1,2025 UFA,1
nan,16612,,1,2025 UFA,1
nan,16433,,1,2025 UFA,1
nan,15405,,1,2025 UFA,1
nan,15430,,1,2025 UFA,1
nan,13736,,1,2025 UFA,1
nan,17280,,1,2025 UFA,1
nan,14069,,1,2025 UFA,1
nan,14063,,1,2025 UFA,1
nan,16754,,1,2025 UFA,1
nan,16091,,1,2025 UFA,1
nan,16344,,1,2025 UFA,1
nan,15377,,1,2025 UFA,1
nan,15541,,1,2025 UFA,1
nan,16011,,1,2025 UFA,1
nan,16840,,1,2025 UFA,1
nan,15884,,1,2025 UFA,1
nan,17169,,1,2025 UFA,1
nan,15478,,1,2025 UFA,1
nan,13769,,1,2025 UFA,1
nan,17270,,1,2025 UFA,1
nan,14979,,1,2025 UFA,1
nan,13840,,1,2025 UFA,1
nan,15733,,1,2025 UFA,1
nan,17217,,1,2025 UFA,1
nan,15498,,1,2025 UFA,1
nan,15026,,1,2025 UFA,1
nan,14292,,1,2025 UFA,1
nan,15353,,1,2025 UFA,1
nan,13276,,1,2025 UFA,1
nan,12378,,1,2025 UFA,1
nan,17198,,1,2025 UFA,1
nan,16419,,1,2025 UFA,1
nan,16590,,1,2025 UFA,1
nan,16888,,1,2025 UFA,1
nan,14212,,1,2025 UFA,1
nan,16726,,1,2025 UFA,1
nan,10697,,1,2025 UFA,1
nan,15173,,1,2025 UFA,1
nan,17324,,1,2025 UFA,1
nan,14923,,1,2025 UFA,1
nan,14827,,1,2025 UFA,1
nan,15926,,1,2025 UFA,1
nan,16358,,1,2025 UFA,1
nan,15440,,1,2025 UFA,1
locked,16817,1,2,2025 R/F,1
nan,14533,,1,2025 UFA,1
nan,14817,,1,2025 UFA,1
locked,17085,0.90,3,2025 UDFA,1
nan,13316,,1,2025 UFA,1
nan,16781,,1,2025 UFA,1
locked,10413,1.90,1,2025 UFA,1
nan,15946,,1,2025 UFA,1
nan,15403,,1,2025 UFA,1
nan,15814,,1,2025 UFA,1
nan,14963,,1,2025 UFA,1
nan,16450,,1,2025 UFA,1
nan,13678,,1,2025 UFA,1
nan,15934,,1,2025 UFA,1
nan,16472,,1,2025 UFA,1
nan,11647,,1,2025 UFA,1
nan,12652,,1,2025 UFA,1
nan,13199,,1,2025 UFA,1
nan,16519,,1,2025 UFA,1
nan,13953,,1,2025 UFA,1
nan,16658,,1,2025 UFA,1
nan,15977,,1,2025 UFA,1
nan,16320,,1,2025 UFA,1
locked,12231,1.10,1,2024 R/F,1
nan,15699,,1,2025 UFA,1
nan,16158,,1,2025 UFA,1
nan,14207,,1,2025 UFA,1
nan,17357,,1,2025 UFA,1
nan,15110,,1,2025 UFA,1
nan,14161,,1,2025 UFA,1
nan,16923,,1,2025 UFA,1
nan,15824,,1,2025 UFA,1
nan,16403,,1,2025 UFA,1
nan,16858,,1,2025 UFA,1
nan,15358,,1,2025 UFA,1
nan,17242,,1,2025 UFA,1
nan,13260,,1,2025 UFA,1
nan,16327,,1,2025 UFA,1
nan,15289,,1,2025 UFA,1
nan,15492,,1,2025 UFA,1
nan,16036,,1,2025 UFA,1
nan,13427,,1,2025 UFA,1
nan,15010,,1,2025 UFA,1
nan,15841,,1,2025 UFA,1
nan,17202,,1,2025 UFA,1
nan,16120,,1,2025 UFA,1
nan,15242,,1,2025 UFA,1
nan,14870,,1,2025 UFA,1
nan,16589,,1,2025 UFA,1
nan,12645,,1,2025 UFA,1
nan,16949,,1,2025 UFA,1
locked,15332,1,2,2025 R/F,1
nan,16361,,1,2025 UFA,1
nan,13115,,1,2025 UFA,1
nan,17327,,1,2025 UFA,1
nan,15379,,1,2025 UFA,1
nan,10976,,1,2025 UFA,1
nan,15359,,1,2025 UFA,1
nan,15458,,1,2025 UFA,1
nan,16160,,1,2025 UFA,1
nan,15803,,1,2025 UFA,1
nan,15995,,1,2025 UFA,1
nan,15376,,1,2025 UFA,1
nan,13930,,1,2025 UFA,1
nan,15893,,1,2025 UFA,1
locked,15981,1,2,2025 R/F,1
nan,17296,,1,2025 UFA,1
nan,14925,,1,2025 UFA,1
nan,17308,,1,2025 UFA,1
nan,16961,,1,2025 UFA,1
nan,16743,,1,2025 UFA,1
nan,11807,,1,2025 UFA,1
nan,15877,,1,2025 UFA,1
nan,12317,,1,2025 UFA,1
nan,16678,,1,2025 UFA,1
nan,13793,,1,2025 UFA,1
nan,16386,,1,2025 UFA,1
nan,16527,,1,2025 UFA,1
nan,17332,,1,2025 UFA,1
nan,12680,,1,2025 UFA,1
nan,16176,,1,2025 UFA,1
nan,14810,,1,2025 UFA,1
nan,17347,,1,2025 UFA,1
nan,16757,,1,2025 UFA,1
nan,12762,,1,2025 UFA,1
nan,16003,,1,2025 UFA,1
nan,14967,,1,2025 UFA,1
nan,15996,,1,2025 UFA,1
nan,16447,,1,2025 UFA,1
nan,16821,,1,2025 UFA,1
nan,15668,,1,2025 UFA,1
locked,13306,1,2,2025 R/F,1
nan,17180,,1,2025 UFA,1
nan,13258,,1,2025 UFA,1
locked,17174,0.90,3,2025 UDFA,1
nan,16621,,1,2025 UFA,1
nan,17353,,1,2025 UFA,1
nan,14948,,1,2025 UFA,1
nan,13416,,1,2025 UFA,1
nan,13747,,1,2025 UFA,1
nan,16954,,1,2025 UFA,1
nan,14950,,1,2025 UFA,1
nan,13711,,1,2025 UFA,1
nan,15285,,1,2025 UFA,1
locked,12263,1.80,1,2025 UFA,1
nan,17162,,1,2025 UFA,1
nan,15443,,1,2025 UFA,1
nan,16304,,1,2025 UFA,1
nan,12744,,1,2025 UFA,1
nan,15042,,1,2025 UFA,1
nan,15510,,1,2025 UFA,1
nan,14971,,1,2025 UFA,1
nan,16864,,1,2025 UFA,1
nan,16760,,1,2025 UFA,1
nan,16216,,1,2025 UFA,1
nan,15900,,1,2025 UFA,1
nan,16192,,1,2025 UFA,1
locked,16792,0.94,2,2024 UDFA,1
nan,13211,,1,2025 UFA,1
nan,17192,,1,2025 UFA,1
nan,14992,,1,2025 UFA,1
nan,16803,,1,2025 UFA,1
nan,13113,,1,2025 UFA,1
nan,15950,,1,2025 UFA,1
nan,13776,,1,2025 UFA,1
nan,16774,,1,2025 UFA,1
nan,14269,,1,2025 UFA,1
nan,16893,,1,2025 UFA,1
nan,16446,,1,2025 UFA,1
nan,16766,,1,2025 UFA,1
nan,17354,,1,2025 UFA,1
nan,11985,,1,2025 UFA,1
nan,17011,,1,2025 UFA,1
nan,17088,,1,2025 UFA,1
nan,15347,,1,2025 UFA,1
nan,16634,,1,2025 UFA,1
nan,16052,,1,2025 UFA,1
nan,14549,,1,2025 UFA,1
nan,15151,,1,2025 UFA,1
nan,17089,,1,2025 UFA,1
nan,12610,,1,2025 UFA,1
locked,15109,1.80,1,2025 UFA,1
nan,17232,,1,2025 UFA,1
nan,16839,,1,2025 UFA,1
nan,16516,,1,2025 UFA,1
nan,16871,,1,2025 UFA,1
nan,16452,,1,2025 UFA,1
nan,15589,,1,2025 UFA,1
nan,16822,,1,2025 UFA,1
nan,14168,,1,2025 UFA,1
nan,13762,,1,2025 UFA,1
nan,13598,,1,2025 UFA,1
nan,17084,,1,2025 UFA,1
nan,13249,,1,2025 UFA,1
nan,15714,,1,2025 UFA,1
nan,16940,,1,2025 UFA,1
nan,16312,,1,2025 UFA,1
locked,16195,1.80,1,2025 UFA,1
nan,15563,,1,2025 UFA,1
nan,16648,,1,2025 UFA,1
nan,16811,,1,2025 UFA,1
nan,15528,,1,2025 UFA,1
nan,15454,,1,2025 UFA,1
nan,15585,,1,2025 UFA,1
nan,16860,,1,2025 UFA,1
nan,15886,,1,2025 UFA,1
nan,12979,,1,2025 UFA,1
nan,16895,,1,2025 UFA,1
nan,16630,,1,2025 UFA,1
nan,13139,,1,2025 UFA,1
nan,15559,,1,2025 UFA,1
nan,15885,,1,2025 UFA,1
nan,17359,,1,2025 UFA,1
nan,13253,,1,2025 UFA,1
nan,17273,,1,2025 UFA,1
nan,13154,,1,2025 UFA,1
nan,17164,,1,2025 UFA,1
nan,15286,,1,2025 UFA,1
nan,14076,,1,2025 UFA,1
nan,16375,,1,2025 UFA,1
nan,16367,,1,2025 UFA,1
nan,13652,,1,2025 UFA,1
nan,13447,,1,2025 UFA,1
nan,14017,,1,2025 UFA,1
nan,16625,,1,2025 UFA,1
nan,15422,,1,2025 UFA,1
nan,15239,,1,2025 UFA,1
nan,12608,,1,2025 UFA,1
nan,16967,,1,2025 UFA,1
nan,14267,,1,2025 UFA,1
locked,16762,0.94,2,2024 UDFA,1
locked,12140,1,1,2025 UFA,1
nan,13296,,1,2025 UFA,1
nan,14227,,1,2025 UFA,1
nan,14984,,1,2025 UFA,1
nan,17250,,1,2025 UFA,1
nan,15035,,1,2025 UFA,1
nan,15906,,1,2025 UFA,1
nan,16294,,1,2025 UFA,1
nan,15865,,1,2025 UFA,1
locked,15840,1.11,1,2022 5.01,1
nan,14379,,1,2025 UFA,1
nan,15792,,1,2025 UFA,1
locked,11228,1,1,2025 UFA,1
nan,13846,,1,2025 UFA,1
nan,17338,,1,2025 UFA,1
nan,16099,,1,2025 UFA,1
nan,12760,,1,2025 UFA,1
nan,15864,,1,2025 UFA,1
nan,15626,,1,2025 UFA,1
nan,14426,,1,2025 UFA,1
nan,15401,,1,2025 UFA,1
nan,16523,,1,2025 UFA,1
locked,16010,1,2,2025 R/F,1
nan,14220,,1,2025 UFA,1
nan,14198,,1,2025 UFA,1
nan,16898,,1,2025 UFA,1
nan,17271,,1,2025 UFA,1
nan,15955,,1,2025 UFA,1
nan,15339,,1,2025 UFA,1
nan,13754,,1,2025 UFA,1
nan,15882,,1,2025 UFA,1
nan,16273,,1,2025 UFA,1
nan,16297,,1,2025 UFA,1
nan,15941,,1,2025 UFA,1
nan,17285,,1,2025 UFA,1
locked,14592,1,2,2025 R/F,1
nan,15696,,1,2025 UFA,1
nan,10868,,1,2025 UFA,1
nan,15604,,1,2025 UFA,1
