season,contractYear,id,salary,contractInfo,conference,status
2026,1,16168,,2026 UFA,0,
2026,1,12155,,2026 UFA,0,
2026,1,16305,,2026 UFA,0,
2026,1,16735,,2026 UFA,0,
2026,1,13230,,2026 UFA,0,
2026,1,16014,,2026 UFA,0,
2026,1,14185,,2026 UFA,0,
2026,1,16291,,2026 UFA,0,
2026,1,15394,,2026 UFA,0,
2026,1,16474,,2026 UFA,0,
2026,1,12181,,2026 UFA,0,
2026,1,13308,,2026 UFA,0,
2026,1,14811,,2026 UFA,0,
2026,1,17369,,2026 UFA,0,
2026,1,14799,,2026 UFA,0,
2026,1,13753,,2026 UFA,0,
2026,1,13730,,2026 UFA,0,
2026,1,16066,,2026 UFA,0,
2026,1,16746,,2026 UFA,0,
2026,1,13246,,2026 UFA,0,
2026,1,12621,,2026 UFA,0,
2026,1,16219,,2026 UFA,0,
2026,1,13879,,2026 UFA,0,
2026,1,17061,,2026 UFA,0,
2026,1,17470,,2026 UFA,0,
2026,1,14236,,2026 UFA,0,
2026,1,15858,,2026 UFA,0,
2026,1,17516,,2026 UFA,0,
2026,1,17787,,2026 UFA,0,
2026,1,15903,,2026 UFA,0,
2026,1,15676,,2026 UFA,0,
2026,1,16872,,2026 UFA,0,
2026,1,10814,,2026 UFA,0,
2026,1,16782,,2026 UFA,0,
2026,1,17742,,2026 UFA,0,
2026,1,16257,,2026 UFA,0,
2026,1,12715,,2026 UFA,0,
2026,1,17795,,2026 UFA,0,
2026,1,15879,,2026 UFA,0,
2026,1,12218,,2026 UFA,0,
2026,1,17276,,2026 UFA,0,
2026,1,15829,,2026 UFA,0,
2026,1,15301,,2026 UFA,0,
2026,1,15777,,2026 UFA,0,
2026,1,16371,,2026 UFA,0,
2026,1,15765,,2026 UFA,0,
2026,1,12083,,2026 UFA,0,
2026,1,16029,,2026 UFA,0,
2026,1,13263,,2026 UFA,0,
2026,1,16037,,2026 UFA,0,
2026,1,15049,,2026 UFA,0,
2026,1,14548,,2026 UFA,0,
2026,1,13980,,2026 UFA,0,
2026,1,15718,,2026 UFA,0,
2026,1,16836,,2026 UFA,0,
2026,1,17746,,2026 UFA,0,
2026,1,16139,,2026 UFA,0,
2026,1,16637,,2026 UFA,0,
2026,1,13706,,2026 UFA,0,
2026,1,14263,,2026 UFA,0,
2026,1,15671,,2026 UFA,0,
2026,1,16255,,2026 UFA,0,
2026,1,17770,,2026 UFA,0,
2026,1,16330,,2026 UFA,0,
2026,1,15082,,2026 UFA,0,
2026,1,16328,,2026 UFA,0,
2026,1,13201,,2026 UFA,0,
2026,1,17216,,2026 UFA,0,
2026,1,17632,,2026 UFA,0,
2026,1,17128,,2026 UFA,0,
2026,1,17323,,2026 UFA,0,
2026,1,17231,,2026 UFA,0,
2026,1,17721,,2026 UFA,0,
2026,1,15348,,2026 UFA,0,
2026,1,14983,,2026 UFA,0,
2026,1,17203,,2026 UFA,0,
2026,1,16962,,2026 UFA,0,
2026,1,16846,,2026 UFA,0,
2026,1,15344,,2026 UFA,0,
2026,1,17400,,2026 UFA,0,
2026,1,16322,,2026 UFA,0,
2026,1,17537,,2026 UFA,0,
2026,1,14319,,2026 UFA,0,
2026,1,11679,,2026 UFA,0,
2026,1,16023,,2026 UFA,0,
2026,1,15758,,2026 UFA,0,
2026,1,17536,,2026 UFA,0,
2026,1,16646,,2026 UFA,0,
2026,1,15985,,2026 UFA,0,
2026,1,14310,,2026 UFA,0,
2026,1,16202,,2026 UFA,0,
2026,1,12718,,2026 UFA,0,
2026,1,15873,,2026 UFA,0,
2026,1,10514,,2026 UFA,0,
2026,1,17739,,2026 UFA,0,
2026,1,16289,,2026 UFA,0,
2026,1,16153,,2026 UFA,0,
2026,1,17697,,2026 UFA,0,
2026,1,17699,,2026 UFA,0,
2026,1,13775,,2026 UFA,0,
2026,1,17307,,2026 UFA,0,
2026,1,17260,,2026 UFA,0,
2026,1,17698,,2026 UFA,0,
2026,1,16338,,2026 UFA,0,
2026,1,13638,,2026 UFA,0,
2026,1,16733,,2026 UFA,0,
2026,1,17261,,2026 UFA,0,
2026,1,12699,,2026 UFA,0,
2026,1,16865,,2026 UFA,0,
2026,1,17257,,2026 UFA,0,
2026,1,17209,,2026 UFA,0,
2026,1,16288,,2026 UFA,0,
2026,1,15973,,2026 UFA,0,
2026,1,16054,,2026 UFA,0,
2026,1,16499,,2026 UFA,0,
2026,1,16075,,2026 UFA,0,
2026,1,17069,,2026 UFA,0,
2026,1,13926,,2026 UFA,0,
2026,1,16393,,2026 UFA,0,
2026,1,17076,,2026 UFA,0,
2026,1,17530,,2026 UFA,0,
2026,1,16556,,2026 UFA,0,
2026,1,15892,,2026 UFA,0,
2026,1,17717,,2026 UFA,0,
2026,1,17220,,2026 UFA,0,
2026,1,12686,,2026 UFA,0,
2026,1,16770,,2026 UFA,0,
2026,1,12650,,2026 UFA,0,
2026,1,17010,,2026 UFA,0,
2026,1,16820,,2026 UFA,0,
2026,1,16882,,2026 UFA,0,
2026,1,5848,,2026 UFA,0,
2026,1,16336,,2026 UFA,0,
2026,1,16656,,2026 UFA,0,
2026,1,17641,,2026 UFA,0,
2026,1,17263,,2026 UFA,0,
2026,1,11640,,2026 UFA,0,
2026,1,15462,,2026 UFA,0,
2026,1,17268,,2026 UFA,0,
2026,1,17228,,2026 UFA,0,
2026,1,15449,,2026 UFA,0,
2026,1,16816,,2026 UFA,0,
2026,1,16387,1.10,2026 UFA,0,locked
2026,1,17091,,2026 UFA,0,
2026,1,16364,,2026 UFA,0,
2026,1,16324,,2026 UFA,0,
2026,1,17001,,2026 UFA,0,
2026,1,16976,,2026 UFA,0,
2026,1,17058,,2026 UFA,0,
2026,1,17282,,2026 UFA,0,
2026,1,17541,,2026 UFA,0,
2026,1,15412,,2026 UFA,0,
2026,1,15953,,2026 UFA,0,
2026,1,17750,,2026 UFA,0,
2026,1,15292,,2026 UFA,0,
2026,1,14105,,2026 UFA,0,
2026,1,17496,,2026 UFA,0,
2026,1,16118,,2026 UFA,0,
2026,1,13172,,2026 UFA,0,
2026,1,13994,,2026 UFA,0,
2026,1,16271,,2026 UFA,0,
2026,1,16410,,2026 UFA,0,
2026,1,15423,,2026 UFA,0,
2026,1,15356,,2026 UFA,0,
2026,1,14358,,2026 UFA,0,
2026,1,16423,,2026 UFA,0,
2026,1,17247,,2026 UFA,0,
2026,1,13695,,2026 UFA,0,
2026,1,17295,,2026 UFA,0,
2026,1,14875,,2026 UFA,0,
2026,1,15177,,2026 UFA,0,
2026,1,15248,,2026 UFA,0,
2026,1,12758,,2026 UFA,0,
2026,1,17358,,2026 UFA,0,
2026,1,16834,,2026 UFA,0,
2026,1,14942,,2026 UFA,0,
2026,1,17768,,2026 UFA,0,
2026,1,17510,,2026 UFA,0,
2026,1,13750,,2026 UFA,0,
2026,1,15752,,2026 UFA,0,
2026,1,16632,,2026 UFA,0,
2026,1,12325,,2026 UFA,0,
2026,1,13354,,2026 UFA,0,
2026,1,13448,,2026 UFA,0,
2026,1,16982,,2026 UFA,0,
2026,1,15908,,2026 UFA,0,
2026,1,15874,,2026 UFA,0,
2026,1,15041,,2026 UFA,0,
2026,1,15804,,2026 UFA,0,
2026,1,17523,,2026 UFA,0,
2026,1,17765,,2026 UFA,0,
2026,1,15930,,2026 UFA,0,
2026,1,17325,,2026 UFA,0,
2026,1,15595,,2026 UFA,0,
2026,1,14112,,2026 UFA,0,
2026,1,17782,,2026 UFA,0,
2026,1,17614,,2026 UFA,0,
2026,1,17439,,2026 UFA,0,
2026,1,17637,,2026 UFA,0,
2026,1,16738,,2026 UFA,0,
2026,1,16339,,2026 UFA,0,
2026,1,11644,,2026 UFA,0,
2026,1,16753,,2026 UFA,0,
2026,1,12394,,2026 UFA,0,
2026,1,16713,,2026 UFA,0,
2026,1,15432,,2026 UFA,0,
2026,1,15258,,2026 UFA,0,
2026,1,17348,,2026 UFA,0,
2026,1,15870,,2026 UFA,0,
2026,1,16854,,2026 UFA,0,
2026,1,17317,,2026 UFA,0,
2026,1,16806,,2026 UFA,0,
2026,1,17776,,2026 UFA,0,
2026,1,17355,,2026 UFA,0,
2026,1,15723,,2026 UFA,0,
2026,1,13668,,2026 UFA,0,
2026,1,16875,,2026 UFA,0,
2026,1,15831,,2026 UFA,0,
2026,1,16492,,2026 UFA,0,
2026,1,15965,,2026 UFA,0,
2026,1,17269,,2026 UFA,0,
2026,1,12930,,2026 UFA,0,
2026,1,15194,,2026 UFA,0,
2026,1,13610,,2026 UFA,0,
2026,1,15364,1.20,2026 UFA,0,locked
2026,1,17319,,2026 UFA,0,
2026,1,15826,,2026 UFA,0,
2026,1,17381,,2026 UFA,0,
2026,1,17430,,2026 UFA,0,
2026,1,16325,,2026 UFA,0,
2026,1,14841,,2026 UFA,0,
2026,1,15878,,2026 UFA,0,
2026,1,17701,,2026 UFA,0,
2026,1,16313,,2026 UFA,0,
2026,1,11706,,2026 UFA,0,
2026,1,16072,,2026 UFA,0,
2026,1,16885,,2026 UFA,0,
2026,1,16789,,2026 UFA,0,
2026,1,16810,,2026 UFA,0,
2026,1,14155,,2026 UFA,0,
2026,1,17303,,2026 UFA,0,
2026,1,16665,,2026 UFA,0,
2026,1,17410,,2026 UFA,0,
2026,1,13675,,2026 UFA,0,
2026,1,15991,,2026 UFA,0,
2026,1,17491,,2026 UFA,0,
2026,1,17284,,2026 UFA,0,
2026,1,17040,,2026 UFA,0,
2026,1,13128,,2026 UFA,0,
2026,1,13844,,2026 UFA,0,
2026,1,16453,,2026 UFA,0,
2026,1,12175,,2026 UFA,0,
2026,1,17333,,2026 UFA,0,
2026,1,17794,,2026 UFA,0,
2026,1,16636,,2026 UFA,0,
2026,1,17789,,2026 UFA,0,
2026,1,15772,,2026 UFA,0,
2026,1,16640,,2026 UFA,0,
2026,1,16455,,2026 UFA,0,
2026,1,13862,,2026 UFA,0,
2026,1,17246,,2026 UFA,0,
2026,1,16395,,2026 UFA,0,
2026,1,16771,,2026 UFA,0,
2026,1,17651,,2026 UFA,0,
2026,1,16796,,2026 UFA,0,
2026,1,16157,,2026 UFA,0,
2026,1,13216,,2026 UFA,0,
2026,1,17674,,2026 UFA,0,
2026,1,14815,,2026 UFA,0,
2026,1,10313,,2026 UFA,0,
2026,1,17504,,2026 UFA,0,
2026,1,14978,,2026 UFA,0,
2026,1,17705,,2026 UFA,0,
2026,1,13688,,2026 UFA,0,
2026,1,10768,,2026 UFA,0,
2026,1,15891,,2026 UFA,0,
2026,1,14911,,2026 UFA,0,
2026,1,16299,,2026 UFA,0,
2026,1,14845,,2026 UFA,0,
2026,1,14037,,2026 UFA,0,
2026,1,15373,,2026 UFA,0,
2026,1,17309,,2026 UFA,0,
2026,1,16877,,2026 UFA,0,
2026,1,15931,,2026 UFA,0,
2026,1,15738,,2026 UFA,0,
2026,1,13479,,2026 UFA,0,
2026,1,16441,,2026 UFA,0,
2026,1,14876,,2026 UFA,0,
2026,1,16385,,2026 UFA,0,
2026,1,16439,,2026 UFA,0,
2026,1,16756,,2026 UFA,0,
2026,1,13927,,2026 UFA,0,
2026,1,13782,1.10,2026 R/F,0,locked
2026,1,17262,,2026 UFA,0,
2026,1,12349,,2026 UFA,0,
2026,1,14903,,2026 UFA,0,
2026,1,17171,,2026 UFA,0,
2026,1,14805,,2026 UFA,0,
2026,1,15468,,2026 UFA,0,
2026,1,17759,,2026 UFA,0,
2026,1,17281,,2026 UFA,0,
2026,1,13763,,2026 UFA,0,
2026,1,17711,,2026 UFA,0,
2026,1,12842,,2026 UFA,0,
2026,1,13119,,2026 UFA,0,
2026,1,17265,,2026 UFA,0,
2026,1,17689,,2026 UFA,0,
2026,1,17492,,2026 UFA,0,
2026,1,12188,,2026 UFA,0,
2026,1,15129,,2026 UFA,0,
2026,1,14108,,2026 UFA,0,
2026,1,13281,,2026 UFA,0,
2026,1,16354,,2026 UFA,0,
2026,1,12623,,2026 UFA,0,
2026,1,16429,,2026 UFA,0,
2026,1,16889,,2026 UFA,0,
2026,1,17636,,2026 UFA,0,
2026,1,14921,,2026 UFA,0,
2026,1,14315,,2026 UFA,0,
2026,1,12234,,2026 UFA,0,
2026,1,17656,,2026 UFA,0,
2026,1,16520,,2026 UFA,0,
2026,1,17687,,2026 UFA,0,
2026,1,16218,,2026 UFA,0,
2026,1,14847,,2026 UFA,0,
2026,1,13988,,2026 UFA,0,
2026,1,14953,,2026 UFA,0,
2026,1,17790,,2026 UFA,0,
2026,1,17691,,2026 UFA,0,
2026,1,15851,,2026 UFA,0,
2026,1,13294,,2026 UFA,0,
2026,1,15464,,2026 UFA,0,
2026,1,13726,,2026 UFA,0,
2026,1,17057,,2026 UFA,0,
2026,1,13850,,2026 UFA,0,
2026,1,17390,,2026 UFA,0,
2026,1,12219,,2026 UFA,0,
2026,1,14222,,2026 UFA,0,
2026,1,17773,,2026 UFA,0,
2026,1,14803,,2026 UFA,0,
2026,1,15250,,2026 UFA,0,
2026,1,16666,,2026 UFA,0,
2026,1,13404,,2026 UFA,0,
2026,1,14670,,2026 UFA,0,
2026,1,15847,,2026 UFA,0,
2026,1,12625,,2026 UFA,0,
2026,1,14934,,2026 UFA,0,
2026,1,17645,,2026 UFA,0,
2026,1,15862,,2026 UFA,0,
2026,1,17545,,2026 UFA,0,
2026,1,13189,,2026 UFA,0,
2026,1,14879,,2026 UFA,0,
2026,1,14270,,2026 UFA,0,
2026,1,11247,,2026 UFA,0,
2026,1,15302,,2026 UFA,0,
2026,1,16595,,2026 UFA,0,
2026,1,17056,,2026 UFA,0,
2026,1,15880,,2026 UFA,0,
2026,1,16351,,2026 UFA,0,
2026,1,17109,,2026 UFA,0,
2026,1,13236,,2026 UFA,0,
2026,1,17604,,2026 UFA,0,
2026,1,17034,,2026 UFA,0,
2026,1,17760,,2026 UFA,0,
2026,1,17735,,2026 UFA,0,
2026,1,17191,,2026 UFA,0,
2026,1,15335,,2026 UFA,0,
2026,1,13798,,2026 UFA,0,
2026,1,15303,,2026 UFA,0,
2026,1,17097,,2026 UFA,0,
2026,1,14151,,2026 UFA,0,
2026,1,17243,,2026 UFA,0,
2026,1,15431,,2026 UFA,0,
2026,1,16515,,2026 UFA,0,
2026,1,13919,,2026 UFA,0,
2026,1,17692,,2026 UFA,0,
2026,1,16557,,2026 UFA,0,
2026,1,15925,,2026 UFA,0,
2026,1,9064,,2026 UFA,0,
2026,1,15117,,2026 UFA,0,
2026,1,17314,,2026 UFA,0,
2026,1,16064,,2026 UFA,0,
2026,1,13778,,2026 UFA,0,
2026,1,12734,,2026 UFA,0,
2026,1,8851,,2026 UFA,0,
2026,1,16253,,2026 UFA,0,
2026,1,16669,,2026 UFA,0,
2026,1,15713,,2026 UFA,0,
2026,1,15942,,2026 UFA,0,
2026,1,14012,,2026 UFA,0,
2026,1,16379,,2026 UFA,0,
2026,1,17763,,2026 UFA,0,
2026,1,13134,,2026 UFA,0,
2026,1,16260,,2026 UFA,0,
2026,1,17754,,2026 UFA,0,
2026,1,14946,,2026 UFA,0,
2026,1,12217,,2026 UFA,0,
2026,1,13085,,2026 UFA,0,
2026,1,16030,,2026 UFA,0,
2026,1,15148,,2026 UFA,0,
2026,1,15244,,2026 UFA,0,
2026,1,17703,,2026 UFA,0,
2026,1,14991,,2026 UFA,0,
2026,1,14904,,2026 UFA,0,
2026,1,13809,,2026 UFA,0,
2026,1,14237,,2026 UFA,0,
2026,1,14901,,2026 UFA,0,
2026,1,9694,,2026 UFA,0,
2026,1,16144,,2026 UFA,0,
2026,1,13888,,2026 UFA,0,
2026,1,17762,,2026 UFA,0,
2026,1,11760,,2026 UFA,0,
2026,1,14081,,2026 UFA,0,
2026,1,14926,,2026 UFA,0,
2026,1,14852,,2026 UFA,0,
2026,1,17060,,2026 UFA,0,
2026,1,14495,,2026 UFA,0,
2026,1,14737,,2026 UFA,0,
2026,1,15141,,2026 UFA,0,
2026,1,14489,,2026 UFA,0,
2026,1,15103,,2026 UFA,0,
2026,1,15499,,2026 UFA,0,
2026,1,14962,,2026 UFA,0,
2026,1,16416,,2026 UFA,0,
2026,1,14652,,2026 UFA,0,
2026,1,13317,,2026 UFA,0,
2026,1,12271,,2026 UFA,0,
2026,1,15397,,2026 UFA,0,
2026,1,13347,,2026 UFA,0,
2026,1,15935,,2026 UFA,0,
2026,1,17384,,2026 UFA,0,
2026,1,15730,,2026 UFA,0,
2026,1,12978,,2026 UFA,0,
2026,1,16599,,2026 UFA,0,
2026,1,12751,,2026 UFA,0,
2026,1,16732,,2026 UFA,0,
2026,1,9826,,2026 UFA,0,
2026,1,16373,,2026 UFA,0,
2026,1,15429,,2026 UFA,0,
2026,1,16979,,2026 UFA,0,
2026,1,15419,,2026 UFA,0,
2026,1,15381,,2026 UFA,0,
2026,1,15782,,2026 UFA,0,
2026,1,16173,,2026 UFA,0,
2026,1,13942,,2026 UFA,0,
2026,1,16922,,2026 UFA,0,
2026,1,17351,,2026 UFA,0,
2026,1,17539,,2026 UFA,0,
2026,1,14247,,2026 UFA,0,
2026,1,14062,,2026 UFA,0,
2026,1,13273,,2026 UFA,0,
2026,1,17298,,2026 UFA,0,
2026,1,17720,,2026 UFA,0,
2026,1,14878,,2026 UFA,0,
2026,1,16444,,2026 UFA,0,
2026,1,16688,,2026 UFA,0,
2026,1,17638,,2026 UFA,0,
2026,1,17788,,2026 UFA,0,
2026,1,17710,,2026 UFA,0,
2026,1,13430,,2026 UFA,0,
2026,1,16776,,2026 UFA,0,
2026,1,16156,,2026 UFA,0,
2026,1,17141,,2026 UFA,0,
2026,1,16661,,2026 UFA,0,
2026,1,15812,,2026 UFA,0,
2026,1,17676,,2026 UFA,0,
2026,1,16340,,2026 UFA,0,
2026,1,12923,,2026 UFA,0,
2026,1,12976,,2026 UFA,0,
2026,1,17199,,2026 UFA,0,
2026,1,15469,,2026 UFA,0,
2026,1,16744,,2026 UFA,0,
2026,1,16318,,2026 UFA,0,
2026,1,17211,,2026 UFA,0,
2026,1,13683,,2026 UFA,0,
2026,1,16019,,2026 UFA,0,
2026,1,16784,,2026 UFA,0,
2026,1,17716,,2026 UFA,0,
2026,1,14113,,2026 UFA,0,
2026,1,15943,,2026 UFA,0,
2026,1,16928,,2026 UFA,0,
2026,1,16800,,2026 UFA,0,
2026,1,15823,,2026 UFA,0,
2026,1,17772,,2026 UFA,0,
2026,1,16797,,2026 UFA,0,
2026,1,11872,,2026 UFA,0,
2026,1,14213,,2026 UFA,0,
2026,1,17712,,2026 UFA,0,
2026,1,14891,,2026 UFA,0,
2026,1,13715,,2026 UFA,0,
2026,1,16227,,2026 UFA,0,
2026,1,17777,,2026 UFA,0,
2026,1,16587,,2026 UFA,0,
2026,1,15720,,2026 UFA,0,
2026,1,17226,,2026 UFA,0,
2026,1,16043,,2026 UFA,0,
2026,1,17213,,2026 UFA,0,
2026,1,14954,,2026 UFA,0,
2026,1,16341,,2026 UFA,0,
2026,1,16886,,2026 UFA,0,
2026,1,16326,,2026 UFA,0,
2026,1,17719,,2026 UFA,0,
2026,1,16413,,2026 UFA,0,
2026,1,17597,,2026 UFA,0,
2026,1,12476,,2026 UFA,0,
2026,1,10945,,2026 UFA,0,
2026,1,17740,,2026 UFA,0,
2026,1,16352,,2026 UFA,0,
2026,1,17483,,2026 UFA,0,
2026,1,17669,,2026 UFA,0,
2026,1,17283,,2026 UFA,0,
2026,1,16306,,2026 UFA,0,
2026,1,17709,,2026 UFA,0,
2026,1,15271,,2026 UFA,0,
2026,1,17784,,2026 UFA,0,
2026,1,16058,,2026 UFA,0,
2026,1,12481,,2026 UFA,0,
2026,1,15800,,2026 UFA,0,
2026,1,17000,,2026 UFA,0,
2026,1,15956,,2026 UFA,0,
2026,1,16727,,2026 UFA,0,
2026,1,16333,,2026 UFA,0,
2026,1,17286,,2026 UFA,0,
2026,1,13742,,2026 UFA,0,
2026,1,16761,,2026 UFA,0,
2026,1,16425,,2026 UFA,0,
2026,1,14086,,2026 UFA,0,
2026,1,13424,,2026 UFA,0,
2026,1,17540,,2026 UFA,0,
2026,1,13414,,2026 UFA,0,
2026,1,13622,,2026 UFA,0,
2026,1,15441,,2026 UFA,0,
2026,1,13963,,2026 UFA,0,
2026,1,14849,,2026 UFA,0,
2026,1,15565,,2026 UFA,0,
2026,1,14260,,2026 UFA,0,
2026,1,14944,,2026 UFA,0,
2026,1,13755,,2026 UFA,0,
2026,1,14083,,2026 UFA,0,
2026,1,16151,,2026 UFA,0,
2026,1,13228,,2026 UFA,0,
2026,1,12677,,2026 UFA,0,
2026,1,11232,,2026 UFA,0,
2026,1,11387,,2026 UFA,0,
2026,1,16710,,2026 UFA,0,
2026,1,15361,,2026 UFA,0,
2026,1,17234,,2026 UFA,0,
2026,1,16290,,2026 UFA,0,
2026,1,15928,,2026 UFA,0,
2026,1,17036,,2026 UFA,0,
2026,1,16311,,2026 UFA,0,
2026,1,15693,,2026 UFA,0,
2026,1,17733,,2026 UFA,0,
2026,1,14370,,2026 UFA,0,
2026,1,15121,,2026 UFA,0,
2026,1,17690,,2026 UFA,0,
2026,1,16180,,2026 UFA,0,
2026,1,16017,,2026 UFA,0,
2026,1,14118,,2026 UFA,0,
2026,1,13138,,2026 UFA,0,
2026,1,17766,,2026 UFA,0,
2026,1,17064,,2026 UFA,0,
2026,1,17350,,2026 UFA,0,
2026,1,13680,,2026 UFA,0,
2026,1,17610,,2026 UFA,0,
2026,1,17695,,2026 UFA,0,
2026,1,16183,,2026 UFA,0,
2026,1,17188,,2026 UFA,0,
2026,1,14919,,2026 UFA,0,
2026,1,17592,,2026 UFA,0,
2026,1,16485,,2026 UFA,0,
2026,1,17423,,2026 UFA,0,
2026,1,14420,,2026 UFA,0,
2026,1,16059,,2026 UFA,0,
2026,1,15734,,2026 UFA,0,
2026,1,17193,,2026 UFA,0,
2026,1,16207,,2026 UFA,0,
2026,1,16711,,2026 UFA,0,
2026,1,16366,,2026 UFA,0,
2026,1,17287,,2026 UFA,0,
2026,1,13226,,2026 UFA,0,
2026,1,16740,,2026 UFA,0,
2026,1,17194,,2026 UFA,0,
2026,1,17289,,2026 UFA,0,
2026,1,15899,,2026 UFA,0,
2026,1,15016,,2026 UFA,0,
2026,1,17249,,2026 UFA,0,
2026,1,17611,,2026 UFA,0,
2026,1,17670,,2026 UFA,0,
2026,1,13738,,2026 UFA,0,
2026,1,15811,,2026 UFA,0,
2026,1,17329,,2026 UFA,0,
2026,1,16758,,2026 UFA,0,
2026,1,15918,,2026 UFA,0,
2026,1,17398,,2026 UFA,0,
2026,1,17117,,2026 UFA,0,
2026,1,16715,,2026 UFA,0,
2026,1,14252,,2026 UFA,0,
2026,1,17341,,2026 UFA,0,
2026,1,16533,,2026 UFA,0,
2026,1,15921,,2026 UFA,0,
2026,1,14060,,2026 UFA,0,
2026,1,16815,,2026 UFA,0,
2026,1,17747,,2026 UFA,0,
2026,1,17055,,2026 UFA,0,
2026,1,17201,,2026 UFA,0,
2026,1,17704,,2026 UFA,0,
2026,1,17661,,2026 UFA,0,
2026,1,16780,,2026 UFA,0,
2026,1,15262,,2026 UFA,0,
2026,1,16721,,2026 UFA,0,
2026,1,17634,,2026 UFA,0,
2026,1,12796,,2026 UFA,0,
2026,1,11327,,2026 UFA,0,
2026,1,14858,,2026 UFA,0,
2026,1,16919,,2026 UFA,0,
2026,1,11286,,2026 UFA,0,
2026,1,17373,,2026 UFA,0,
2026,1,16662,,2026 UFA,0,
2026,1,13288,,2026 UFA,0,
2026,1,14894,,2026 UFA,0,
2026,1,14120,,2026 UFA,0,
2026,1,16957,,2026 UFA,0,
2026,1,13702,,2026 UFA,0,
2026,1,17272,,2026 UFA,0,
2026,1,12700,,2026 UFA,0,
2026,1,15424,,2026 UFA,0,
2026,1,15586,,2026 UFA,0,
2026,1,16777,,2026 UFA,0,
2026,1,16801,,2026 UFA,0,
2026,1,14331,,2026 UFA,0,
2026,1,16277,,2026 UFA,0,
2026,1,17635,,2026 UFA,0,
2026,1,16376,,2026 UFA,0,
2026,1,14208,,2026 UFA,0,
2026,1,17344,,2026 UFA,0,
2026,1,15897,,2026 UFA,0,
2026,1,14359,,2026 UFA,0,
2026,1,15809,,2026 UFA,0,
2026,1,9207,,2026 UFA,0,
2026,1,16883,,2026 UFA,0,
2026,1,14205,,2026 UFA,0,
2026,1,17266,,2026 UFA,0,
2026,1,15959,,2026 UFA,0,
2026,1,15481,,2026 UFA,0,
2026,1,16175,,2026 UFA,0,
2026,1,17079,,2026 UFA,0,
2026,1,16649,,2026 UFA,0,
2026,1,14864,,2026 UFA,0,
2026,1,16837,,2026 UFA,0,
2026,1,17548,,2026 UFA,0,
2026,1,16357,,2026 UFA,0,
2026,1,15165,,2026 UFA,0,
2026,1,16476,,2026 UFA,0,
2026,1,17383,,2026 UFA,0,
2026,1,17493,,2026 UFA,0,
2026,1,16203,,2026 UFA,0,
2026,1,13332,,2026 UFA,0,
2026,1,11793,,2026 UFA,0,
2026,1,12745,,2026 UFA,0,
2026,1,16709,,2026 UFA,0,
2026,1,15881,,2026 UFA,0,
2026,1,17416,,2026 UFA,0,
2026,1,16714,,2026 UFA,0,
2026,1,16350,,2026 UFA,0,
2026,1,16026,,2026 UFA,0,
2026,1,12988,,2026 UFA,0,
2026,1,13748,,2026 UFA,0,
2026,1,15618,,2026 UFA,0,
2026,1,16370,,2026 UFA,0,
2026,1,15398,,2026 UFA,0,
2026,1,17729,,2026 UFA,0,
2026,1,17170,,2026 UFA,0,
2026,1,16005,,2026 UFA,0,
2026,1,17016,,2026 UFA,0,
2026,1,15767,,2026 UFA,0,
2026,1,13176,,2026 UFA,0,
2026,1,15330,,2026 UFA,0,
2026,1,16773,,2026 UFA,0,
2026,1,13898,,2026 UFA,0,
2026,1,13810,,2026 UFA,0,
2026,1,17633,,2026 UFA,0,
2026,1,12795,,2026 UFA,0,
2026,1,17343,,2026 UFA,0,
2026,1,11367,,2026 UFA,0,
2026,1,17605,,2026 UFA,0,
2026,1,17415,,2026 UFA,0,
2026,1,17679,,2026 UFA,0,
2026,1,16135,,2026 UFA,0,
2026,1,17414,,2026 UFA,0,
2026,1,16742,,2026 UFA,0,
2026,1,17681,,2026 UFA,0,
2026,1,16798,,2026 UFA,0,
2026,1,14880,,2026 UFA,0,
2026,1,16775,,2026 UFA,0,
2026,1,17799,,2026 UFA,0,
2026,1,13301,,2026 UFA,0,
2026,1,17686,,2026 UFA,0,
2026,1,17444,,2026 UFA,0,
2026,1,17662,,2026 UFA,0,
2026,1,16316,,2026 UFA,0,
2026,1,17727,,2026 UFA,0,
2026,1,15924,,2026 UFA,0,
2026,1,12239,,2026 UFA,0,
2026,1,17183,,2026 UFA,0,
2026,1,14503,,2026 UFA,0,
2026,1,13682,,2026 UFA,0,
2026,1,17524,,2026 UFA,0,
2026,1,15527,,2026 UFA,0,
2026,1,17371,,2026 UFA,0,
2026,1,15929,,2026 UFA,0,
2026,1,17646,,2026 UFA,0,
2026,1,12776,,2026 UFA,0,
2026,1,17274,,2026 UFA,0,
2026,1,17713,,2026 UFA,0,
2026,1,16674,,2026 UFA,0,
2026,1,17230,,2026 UFA,0,
2026,1,15535,,2026 UFA,0,
2026,1,13633,,2026 UFA,0,
2026,1,17173,,2026 UFA,0,
2026,1,17467,,2026 UFA,0,
2026,1,14867,,2026 UFA,0,
2026,1,16699,,2026 UFA,0,
2026,1,15727,,2026 UFA,0,
2026,1,16722,,2026 UFA,0,
2026,1,17376,,2026 UFA,0,
2026,1,16016,,2026 UFA,0,
2026,1,13403,,2026 UFA,0,
2026,1,17644,,2026 UFA,0,
2026,1,13262,,2026 UFA,0,
2026,1,17133,,2026 UFA,0,
2026,1,17352,,2026 UFA,0,
2026,1,15970,,2026 UFA,0,
2026,1,14442,,2026 UFA,0,
2026,1,16249,,2026 UFA,0,
2026,1,17683,,2026 UFA,0,
2026,1,17111,,2026 UFA,0,
2026,1,17737,,2026 UFA,0,
2026,1,16302,,2026 UFA,0,
2026,1,17205,,2026 UFA,0,
2026,1,14452,,2026 UFA,0,
2026,1,15240,,2026 UFA,0,
2026,1,16418,,2026 UFA,0,
2026,1,17184,,2026 UFA,0,
2026,1,17229,,2026 UFA,0,
2026,1,17267,,2026 UFA,0,
2026,1,17349,,2026 UFA,0,
2026,1,13224,,2026 UFA,0,
2026,1,16217,,2026 UFA,0,
2026,1,17419,,2026 UFA,0,
2026,1,16613,,2026 UFA,0,
2026,1,13202,,2026 UFA,0,
2026,1,17559,,2026 UFA,0,
2026,1,13632,,2026 UFA,0,
2026,1,15818,,2026 UFA,0,
2026,1,15944,,2026 UFA,0,
2026,1,17035,,2026 UFA,0,
2026,1,16529,,2026 UFA,0,
2026,1,16149,,2026 UFA,0,
2026,1,15140,,2026 UFA,0,
2026,1,8269,,2026 UFA,0,
2026,1,13687,,2026 UFA,0,
2026,1,17244,,2026 UFA,0,
2026,1,16707,,2026 UFA,0,
2026,1,17688,,2026 UFA,0,
2026,1,14057,,2026 UFA,0,
2026,1,15094,,2026 UFA,0,
2026,1,12187,,2026 UFA,0,
2026,1,16768,,2026 UFA,0,
2026,1,17253,,2026 UFA,0,
2026,1,16513,,2026 UFA,0,
2026,1,15334,,2026 UFA,0,
2026,1,17237,,2026 UFA,0,
2026,1,15461,,2026 UFA,0,
2026,1,15433,,2026 UFA,0,
2026,1,17255,,2026 UFA,0,
2026,1,17394,,2026 UFA,0,
2026,1,15945,,2026 UFA,0,
2026,1,16391,,2026 UFA,0,
2026,1,16315,,2026 UFA,0,
2026,1,12956,,2026 UFA,0,
2026,1,14951,,2026 UFA,0,
2026,1,17757,,2026 UFA,0,
2026,1,13767,,2026 UFA,0,
2026,1,17063,,2026 UFA,0,
2026,1,16730,,2026 UFA,0,
2026,1,16220,,2026 UFA,0,
2026,1,15867,,2026 UFA,0,
2026,1,12955,,2026 UFA,0,
2026,1,16275,,2026 UFA,0,
2026,1,17336,,2026 UFA,0,
2026,1,17659,,2026 UFA,0,
2026,1,17200,,2026 UFA,0,
2026,1,15308,,2026 UFA,0,
2026,1,16259,,2026 UFA,0,
2026,1,17368,,2026 UFA,0,
2026,1,16263,,2026 UFA,0,
2026,1,11383,,2026 UFA,0,
2026,1,15771,,2026 UFA,0,
2026,1,16831,,2026 UFA,0,
2026,1,17340,,2026 UFA,0,
2026,1,16868,,2026 UFA,0,
2026,1,17054,,2026 UFA,0,
2026,1,17744,,2026 UFA,0,
2026,1,17379,,2026 UFA,0,
2026,1,17259,,2026 UFA,0,
2026,1,15820,,2026 UFA,0,
2026,1,16335,,2026 UFA,0,
2026,1,17731,,2026 UFA,0,
2026,1,14223,,2026 UFA,0,
2026,1,17208,,2026 UFA,0,
2026,1,13547,,2026 UFA,0,
2026,1,17367,,2026 UFA,0,
2026,1,13252,,2026 UFA,0,
2026,1,17513,,2026 UFA,0,
2026,1,16848,,2026 UFA,0,
2026,1,16635,,2026 UFA,0,
2026,1,17600,,2026 UFA,0,
2026,1,16605,,2026 UFA,0,
2026,1,15614,,2026 UFA,0,
2026,1,13641,,2026 UFA,0,
2026,1,16912,,2026 UFA,0,
2026,1,16571,,2026 UFA,0,
2026,1,17038,,2026 UFA,0,
2026,1,15743,,2026 UFA,0,
2026,1,17561,,2026 UFA,0,
2026,1,16063,,2026 UFA,0,
2026,1,15849,,2026 UFA,0,
2026,1,17723,,2026 UFA,0,
2026,1,17356,,2026 UFA,0,
2026,1,15473,,2026 UFA,0,
2026,1,15890,,2026 UFA,0,
2026,1,16890,,2026 UFA,0,
2026,1,16894,,2026 UFA,0,
2026,1,15450,,2026 UFA,0,
2026,1,16170,,2026 UFA,0,
2026,1,15702,,2026 UFA,0,
2026,1,15097,,2026 UFA,0,
2026,1,16765,,2026 UFA,0,
2026,1,16390,,2026 UFA,0,
2026,1,17225,,2026 UFA,0,
2026,1,11947,,2026 UFA,0,
2026,1,17365,,2026 UFA,0,
2026,1,13143,,2026 UFA,0,
2026,1,17197,,2026 UFA,0,
2026,1,16751,,2026 UFA,0,
2026,1,17334,,2026 UFA,0,
2026,1,15363,,2026 UFA,0,
2026,1,17238,,2026 UFA,0,
2026,1,15785,,2026 UFA,0,
2026,1,16695,,2026 UFA,0,
2026,1,16463,,2026 UFA,0,
2026,1,17227,,2026 UFA,0,
2026,1,15759,,2026 UFA,0,
2026,1,17752,,2026 UFA,0,
2026,1,17239,,2026 UFA,0,
2026,1,13307,,2026 UFA,0,
2026,1,17240,,2026 UFA,0,
2026,1,16687,,2026 UFA,0,
2026,1,17486,,2026 UFA,0,
2026,1,16958,,2026 UFA,0,
2026,1,14280,,2026 UFA,0,
2026,1,15252,,2026 UFA,0,
2026,1,12716,,2026 UFA,0,
2026,1,17195,,2026 UFA,0,
2026,1,16585,,2026 UFA,0,
2026,1,16606,,2026 UFA,0,
2026,1,16424,,2026 UFA,0,
2026,1,16189,,2026 UFA,0,
2026,1,16197,,2026 UFA,0,
2026,1,17264,,2026 UFA,0,
2026,1,14067,,2026 UFA,0,
2026,1,16309,,2026 UFA,0,
2026,1,15263,,2026 UFA,0,
2026,1,15909,,2026 UFA,0,
2026,1,17375,,2026 UFA,0,
2026,1,13131,,2026 UFA,0,
2026,1,15402,,2026 UFA,0,
2026,1,17140,,2026 UFA,0,
2026,1,14486,,2026 UFA,0,
2026,1,17718,,2026 UFA,0,
2026,1,17715,,2026 UFA,0,
2026,1,16286,,2026 UFA,0,
2026,1,16494,,2026 UFA,0,
2026,1,12773,,2026 UFA,0,
2026,1,13348,,2026 UFA,0,
2026,1,17615,,2026 UFA,0,
2026,1,15288,,2026 UFA,0,
2026,1,17305,,2026 UFA,0,
2026,1,13470,,2026 UFA,0,
2026,1,17186,,2026 UFA,0,
2026,1,15766,,2026 UFA,0,
2026,1,17625,,2026 UFA,0,
2026,1,13270,,2026 UFA,0,
2026,1,14239,,2026 UFA,0,
2026,1,16232,,2026 UFA,0,
2026,1,15341,,2026 UFA,0,
2026,1,9596,,2026 UFA,0,
2026,1,17702,,2026 UFA,0,
2026,1,16082,,2026 UFA,0,
2026,1,17479,,2026 UFA,0,
2026,1,14798,,2026 UFA,0,
2026,1,12447,,2026 UFA,0,
2026,1,16759,,2026 UFA,0,
2026,1,13330,,2026 UFA,0,
2026,1,15476,,2026 UFA,0,
2026,1,13968,,2026 UFA,0,
2026,1,17050,,2026 UFA,0,
2026,1,15830,,2026 UFA,0,
2026,1,13940,,2026 UFA,0,
2026,1,14975,,2026 UFA,0,
2026,1,17700,,2026 UFA,0,
2026,1,16440,,2026 UFA,0,
2026,1,16659,,2026 UFA,0,
2026,1,14199,,2026 UFA,0,
2026,1,12772,,2026 UFA,0,
2026,1,14889,,2026 UFA,0,
2026,1,15937,,2026 UFA,0,
2026,1,16553,,2026 UFA,0,
2026,1,15620,,2026 UFA,0,
2026,1,17100,,2026 UFA,0,
2026,1,17456,,2026 UFA,0,
2026,1,17609,,2026 UFA,0,
2026,1,13785,,2026 UFA,0,
2026,1,14154,,2026 UFA,0,
2026,1,16737,,2026 UFA,0,
2026,1,17275,,2026 UFA,0,
2026,1,13777,,2026 UFA,0,
2026,1,16359,,2026 UFA,0,
2026,1,15456,,2026 UFA,0,
2026,1,17756,,2026 UFA,0,
2026,1,16828,,2026 UFA,0,
2026,1,13745,,2026 UFA,0,
2026,1,17152,,2026 UFA,0,
2026,1,17648,,2026 UFA,0,
2026,1,16532,,2026 UFA,0,
2026,1,12361,,2026 UFA,0,
2026,1,17465,,2026 UFA,0,
2026,1,15414,,2026 UFA,0,
2026,1,17755,,2026 UFA,0,
2026,1,16159,,2026 UFA,0,
2026,1,16443,,2026 UFA,0,
2026,1,11840,,2026 UFA,0,
2026,1,17778,,2026 UFA,0,
2026,1,17412,,2026 UFA,0,
2026,1,17665,,2026 UFA,0,
2026,1,15386,,2026 UFA,0,
2026,1,13939,,2026 UFA,0,
2026,1,12691,,2026 UFA,0,
2026,1,15521,,2026 UFA,0,
2026,1,15916,,2026 UFA,0,
2026,1,13148,,2026 UFA,0,
2026,1,13265,,2026 UFA,0,
2026,1,15807,,2026 UFA,0,
2026,1,15385,,2026 UFA,0,
2026,1,16225,,2026 UFA,0,
2026,1,13685,,2026 UFA,0,
2026,1,17389,,2026 UFA,0,
2026,1,16077,,2026 UFA,0,
2026,1,14902,,2026 UFA,0,
2026,1,14873,,2026 UFA,0,
2026,1,16750,,2026 UFA,0,
2026,1,17150,,2026 UFA,0,
2026,1,15948,,2026 UFA,0,
2026,1,16975,,2026 UFA,0,
2026,1,13709,,2026 UFA,0,
2026,1,14209,,2026 UFA,0,
2026,1,14555,,2026 UFA,0,
2026,1,16138,,2026 UFA,0,
2026,1,14254,,2026 UFA,0,
2026,1,15382,,2026 UFA,0,
2026,1,17595,,2026 UFA,0,
2026,1,12782,,2026 UFA,0,
2026,1,17603,,2026 UFA,0,
2026,1,16691,,2026 UFA,0,
2026,1,16436,,2026 UFA,0,
2026,1,14245,,2026 UFA,0,
2026,1,14977,,2026 UFA,0,
2026,1,15388,,2026 UFA,0,
2026,1,15902,,2026 UFA,0,
2026,1,17480,,2026 UFA,0,
2026,1,17215,,2026 UFA,0,
2026,1,17630,,2026 UFA,0,
2026,1,17278,,2026 UFA,0,
2026,1,14414,,2026 UFA,0,
2026,1,17708,,2026 UFA,0,
2026,1,16880,,2026 UFA,0,
2026,1,16383,,2026 UFA,0,
2026,1,15749,,2026 UFA,0,
2026,1,16763,,2026 UFA,0,
2026,1,16199,,2026 UFA,0,
2026,1,17313,,2026 UFA,0,
2026,1,16237,,2026 UFA,0,
2026,1,14341,,2026 UFA,0,
2026,1,14871,,2026 UFA,0,
2026,1,13488,,2026 UFA,0,
2026,1,15855,,2026 UFA,0,
2026,1,13377,,2026 UFA,0,
2026,1,11225,,2026 UFA,0,
2026,1,15260,,2026 UFA,0,
2026,1,15369,,2026 UFA,0,
2026,1,17212,,2026 UFA,0,
2026,1,17471,,2026 UFA,0,
2026,1,17684,,2026 UFA,0,
2026,1,17654,,2026 UFA,0,
2026,1,17236,,2026 UFA,0,
2026,1,17219,,2026 UFA,0,
2026,1,17535,,2026 UFA,0,
2026,1,11970,,2026 UFA,0,
2026,1,14857,,2026 UFA,0,
2026,1,13231,,2026 UFA,0,
2026,1,16196,,2026 UFA,0,
2026,1,12238,,2026 UFA,0,
2026,1,13634,,2026 UFA,0,
2026,1,16900,,2026 UFA,0,
2026,1,16510,,2026 UFA,0,
2026,1,16293,,2026 UFA,0,
2026,1,14467,,2026 UFA,0,
2026,1,14890,,2026 UFA,0,
2026,1,12229,,2026 UFA,0,
2026,1,16270,,2026 UFA,0,
2026,1,15692,,2026 UFA,0,
2026,1,15717,,2026 UFA,0,
2026,1,16486,,2026 UFA,0,
2026,1,12323,,2026 UFA,0,
2026,1,15448,,2026 UFA,0,
2026,1,14506,,2026 UFA,0,
2026,1,16838,,2026 UFA,0,
2026,1,16102,,2026 UFA,0,
2026,1,16631,,2026 UFA,0,
2026,1,16240,,2026 UFA,0,
2026,1,17156,,2026 UFA,0,
2026,1,11317,,2026 UFA,0,
2026,1,8930,,2026 UFA,0,
2026,1,14210,,2026 UFA,0,
2026,1,15650,,2026 UFA,0,
2026,1,17532,,2026 UFA,0,
2026,1,17321,,2026 UFA,0,
2026,1,17780,,2026 UFA,0,
2026,1,17360,,2026 UFA,0,
2026,1,17677,,2026 UFA,0,
2026,1,16380,,2026 UFA,0,
2026,1,17293,,2026 UFA,0,
2026,1,16728,,2026 UFA,0,
2026,1,14848,,2026 UFA,0,
2026,1,17649,,2026 UFA,0,
2026,1,17631,,2026 UFA,0,
2026,1,17801,,2026 UFA,0,locked
2026,1,15905,,2026 UFA,0,
2026,1,16332,,2026 UFA,0,
2026,1,17564,,2026 UFA,0,
2026,1,14186,,2026 UFA,0,
2026,1,16586,,2026 UFA,0,
2026,1,17374,,2026 UFA,0,
2026,1,15998,,2026 UFA,0,
2026,1,12802,,2026 UFA,0,
2026,1,14839,,2026 UFA,0,
2026,1,14434,,2026 UFA,0,
2026,1,17741,,2026 UFA,0,
2026,1,13245,,2026 UFA,0,
2026,1,17749,,2026 UFA,0,
2026,1,12698,,2026 UFA,0,
2026,1,17223,,2026 UFA,0,
2026,1,16334,,2026 UFA,0,
2026,1,17326,,2026 UFA,0,
2026,1,14672,,2026 UFA,0,
2026,1,13293,,2026 UFA,0,
2026,1,17602,,2026 UFA,0,
2026,1,16887,,2026 UFA,0,
2026,1,17484,,2026 UFA,0,
2026,1,17362,,2026 UFA,0,
2026,1,17798,,2026 UFA,0,
2026,1,16926,,2026 UFA,0,
2026,1,17725,,2026 UFA,0,
2026,1,16706,,2026 UFA,0,
2026,1,16422,,2026 UFA,0,
2026,1,14123,,2026 UFA,0,
2026,1,17077,,2026 UFA,0,
2026,1,17142,,2026 UFA,0,
2026,1,14727,,2026 UFA,0,
2026,1,13168,,2026 UFA,0,
2026,1,15538,,2026 UFA,0,
2026,1,13455,,2026 UFA,0,
2026,1,16623,,2026 UFA,0,
2026,1,15399,,2026 UFA,0,
2026,1,16152,,2026 UFA,0,
2026,1,16720,,2026 UFA,0,
2026,1,16933,,2026 UFA,0,
2026,1,17738,,2026 UFA,0,
2026,1,17322,,2026 UFA,0,
2026,1,16869,,2026 UFA,0,
2026,1,15697,,2026 UFA,0,
2026,1,15910,,2026 UFA,0,
2026,1,16363,,2026 UFA,0,
2026,1,16242,,2026 UFA,0,
2026,1,17642,,2026 UFA,0,
2026,1,17515,,2026 UFA,0,
2026,1,7394,,2026 UFA,0,
2026,1,15726,,2026 UFA,0,
2026,1,16347,,2026 UFA,0,
2026,1,17522,,2026 UFA,0,
2026,1,12831,,2026 UFA,0,
2026,1,17204,,2026 UFA,0,
2026,1,15920,,2026 UFA,0,
2026,1,13434,,2026 UFA,0,
2026,1,17748,,2026 UFA,0,
2026,1,15622,,2026 UFA,0,
2026,1,15907,,2026 UFA,0,
2026,1,16310,,2026 UFA,0,
2026,1,16748,,2026 UFA,0,
2026,1,17682,,2026 UFA,0,
2026,1,15936,,2026 UFA,0,
2026,1,17251,,2026 UFA,0,
2026,1,17176,,2026 UFA,0,
2026,1,15914,,2026 UFA,0,
2026,1,16907,,2026 UFA,0,
2026,1,16405,,2026 UFA,0,
2026,1,15684,,2026 UFA,0,
2026,1,15763,,2026 UFA,0,
2026,1,17041,,2026 UFA,0,
2026,1,17549,,2026 UFA,0,
2026,1,16308,,2026 UFA,0,
2026,1,17566,,2026 UFA,0,
2026,1,15076,,2026 UFA,0,
2026,1,17673,,2026 UFA,0,
2026,1,17407,,2026 UFA,0,
2026,1,15796,,2026 UFA,0,
2026,1,13595,,2026 UFA,0,
2026,1,14834,,2026 UFA,0,
2026,1,15413,,2026 UFA,0,
2026,1,17385,,2026 UFA,0,
2026,1,13124,,2026 UFA,0,
2026,1,16307,,2026 UFA,0,
2026,1,16496,,2026 UFA,0,
2026,1,17696,,2026 UFA,0,
2026,1,16292,,2026 UFA,0,
2026,1,14065,,2026 UFA,0,
2026,1,15408,,2026 UFA,0,
2026,1,14146,,2026 UFA,0,
2026,1,15384,,2026 UFA,0,
2026,1,13157,,2026 UFA,0,
2026,1,15975,,2026 UFA,0,
2026,1,16231,,2026 UFA,0,
2026,1,16643,,2026 UFA,0,
2026,1,13832,,2026 UFA,0,
2026,1,14079,,2026 UFA,0,
2026,1,17062,,2026 UFA,0,
2026,1,11945,,2026 UFA,0,
2026,1,13315,,2026 UFA,0,
2026,1,17434,,2026 UFA,0,
2026,1,14215,,2026 UFA,0,
2026,1,14197,,2026 UFA,0,
2026,1,16850,,2026 UFA,0,
2026,1,16045,,2026 UFA,0,
2026,1,16221,,2026 UFA,0,
2026,1,16600,,2026 UFA,0,
2026,1,16317,,2026 UFA,0,
2026,1,13791,,2026 UFA,0,
2026,1,17694,,2026 UFA,0,
2026,1,16205,,2026 UFA,0,
2026,1,17337,,2026 UFA,0,
2026,1,15257,,2026 UFA,0,
2026,1,13694,,2026 UFA,0,
2026,1,16461,,2026 UFA,0,
2026,1,16238,,2026 UFA,0,
2026,1,17658,,2026 UFA,0,
2026,1,17660,,2026 UFA,0,
2026,1,16451,,2026 UFA,0,
2026,1,17785,,2026 UFA,0,
2026,1,14838,,2026 UFA,0,
2026,1,12658,,2026 UFA,0,
2026,1,13893,,2026 UFA,0,
2026,1,16601,,2026 UFA,0,
2026,1,16210,,2026 UFA,0,
2026,1,12381,,2026 UFA,0,
2026,1,14110,,2026 UFA,0,
2026,1,17388,,2026 UFA,0,
2026,1,14887,,2026 UFA,0,
2026,1,12767,,2026 UFA,0,
2026,1,17178,,2026 UFA,0,
2026,1,17312,,2026 UFA,0,
2026,1,16745,,2026 UFA,0,
2026,1,16483,,2026 UFA,0,
2026,1,14613,,2026 UFA,0,
2026,1,16247,,2026 UFA,0,
2026,1,15491,,2026 UFA,0,
2026,1,15446,,2026 UFA,0,
2026,1,17793,,2026 UFA,0,
2026,1,11348,,2026 UFA,0,
2026,1,14122,,2026 UFA,0,
2026,1,17745,,2026 UFA,0,
2026,1,16682,,2026 UFA,0,
2026,1,14600,,2026 UFA,0,
2026,1,16113,,2026 UFA,0,
2026,1,16686,,2026 UFA,0,
2026,1,17675,,2026 UFA,0,
2026,1,17175,,2026 UFA,0,
2026,1,17751,,2026 UFA,0,
2026,1,16243,,2026 UFA,0,
2026,1,16321,,2026 UFA,0,
2026,1,17732,,2026 UFA,0,
2026,1,14141,,2026 UFA,0,
2026,1,17168,,2026 UFA,0,
2026,1,13193,,2026 UFA,0,
2026,1,16697,,2026 UFA,0,
2026,1,16258,,2026 UFA,0,
2026,1,12270,,2026 UFA,0,
2026,1,16319,,2026 UFA,0,
2026,1,17224,,2026 UFA,0,
2026,1,13811,,2026 UFA,0,
2026,1,16428,,2026 UFA,0,
2026,1,12301,,2026 UFA,0,
2026,1,15434,,2026 UFA,0,
2026,1,13156,,2026 UFA,0,
2026,1,16741,,2026 UFA,0,
2026,1,13267,,2026 UFA,0,
2026,1,17424,,2026 UFA,0,
2026,1,13676,,2026 UFA,0,
2026,1,15515,,2026 UFA,0,
2026,1,16749,,2026 UFA,0,
2026,1,17182,,2026 UFA,0,
2026,1,16647,,2026 UFA,0,
2026,1,17680,,2026 UFA,0,
2026,1,15939,,2026 UFA,0,
2026,1,16345,,2026 UFA,0,
2026,1,14257,,2026 UFA,0,
2026,1,15392,,2026 UFA,0,
2026,1,17330,,2026 UFA,0,
2026,1,16911,,2026 UFA,0,
2026,1,16612,,2026 UFA,0,
2026,1,15405,,2026 UFA,0,
2026,1,17726,,2026 UFA,0,
2026,1,16878,,2026 UFA,0,
2026,1,13736,,2026 UFA,0,
2026,1,17488,,2026 UFA,0,
2026,1,14069,,2026 UFA,0,
2026,1,14063,,2026 UFA,0,
2026,1,16754,,2026 UFA,0,
2026,1,16091,,2026 UFA,0,
2026,1,16344,1.10,2026 UFA,0,locked
2026,1,15541,,2026 UFA,0,
2026,1,15003,,2026 UFA,0,
2026,1,16011,,2026 UFA,0,
2026,1,16642,,2026 UFA,0,
2026,1,17743,,2026 UFA,0,
2026,1,13769,,2026 UFA,0,
2026,1,17397,,2026 UFA,0,
2026,1,14979,,2026 UFA,0,
2026,1,17730,,2026 UFA,0,
2026,1,15733,,2026 UFA,0,
2026,1,17217,,2026 UFA,0,
2026,1,15498,,2026 UFA,0,
2026,1,17707,,2026 UFA,0,
2026,1,17126,,2026 UFA,0,
2026,1,17650,,2026 UFA,0,
2026,1,14292,,2026 UFA,0,
2026,1,15353,,2026 UFA,0,
2026,1,17198,,2026 UFA,0,
2026,1,16419,,2026 UFA,0,
2026,1,14778,,2026 UFA,0,
2026,1,14212,,2026 UFA,0,
2026,1,16726,,2026 UFA,0,
2026,1,14200,,2026 UFA,0,
2026,1,14923,,2026 UFA,0,
2026,1,17487,,2026 UFA,0,
2026,1,15926,,2026 UFA,0,
2026,1,15440,,2026 UFA,0,
2026,1,16817,,2026 UFA,0,
2026,1,14817,,2026 UFA,0,
2026,1,17427,,2026 UFA,0,
2026,1,13316,,2026 UFA,0,
2026,1,10413,,2026 UFA,0,
2026,1,15859,,2026 UFA,0,
2026,1,16717,,2026 UFA,0,
2026,1,14918,,2026 UFA,0,
2026,1,11938,,2026 UFA,0,
2026,1,15946,,2026 UFA,0,
2026,1,17764,,2026 UFA,0,
2026,1,14963,,2026 UFA,0,
2026,1,13678,,2026 UFA,0,
2026,1,17753,,2026 UFA,0,
2026,1,16472,,2026 UFA,0,
2026,1,17525,,2026 UFA,0,
2026,1,17771,,2026 UFA,0,
2026,1,13199,,2026 UFA,0,
2026,1,13953,,2026 UFA,0,
2026,1,16658,,2026 UFA,0,
2026,1,15977,,2026 UFA,0,
2026,1,17767,,2026 UFA,0,
2026,1,17663,,2026 UFA,0,
2026,1,12231,,2026 UFA,0,
2026,1,15699,,2026 UFA,0,
2026,1,14207,,2026 UFA,0,
2026,1,17357,,2026 UFA,0,
2026,1,17087,,2026 UFA,0,
2026,1,17761,,2026 UFA,0,
2026,1,16624,,2026 UFA,0,
2026,1,14161,,2026 UFA,0,
2026,1,16191,,2026 UFA,0,
2026,1,15824,,2026 UFA,0,
2026,1,16403,,2026 UFA,0,
2026,1,16858,,2026 UFA,0,
2026,1,16236,,2026 UFA,0,
2026,1,17242,,2026 UFA,0,
2026,1,15788,,2026 UFA,0,
2026,1,13260,,2026 UFA,0,
2026,1,15289,,2026 UFA,0,
2026,1,15492,,2026 UFA,0,
2026,1,16036,,2026 UFA,0,
2026,1,13427,,2026 UFA,0,
2026,1,15841,,2026 UFA,0,
2026,1,16120,,2026 UFA,0,
2026,1,17655,,2026 UFA,0,
2026,1,15242,,2026 UFA,0,
2026,1,14870,,2026 UFA,0,
2026,1,17489,,2026 UFA,0,
2026,1,12645,,2026 UFA,0,
2026,1,15332,,2026 UFA,0,
2026,1,16652,,2026 UFA,0,
2026,1,17546,,2026 UFA,0,
2026,1,16664,,2026 UFA,0,
2026,1,13115,,2026 UFA,0,
2026,1,15379,,2026 UFA,0,
2026,1,10976,,2026 UFA,0,
2026,1,17728,,2026 UFA,0,
2026,1,15359,,2026 UFA,0,
2026,1,17149,,2026 UFA,0,
2026,1,15458,,2026 UFA,0,
2026,1,16160,,2026 UFA,0,
2026,1,13965,,2026 UFA,0,
2026,1,15803,,2026 UFA,0,
2026,1,15995,,2026 UFA,0,
2026,1,17408,,2026 UFA,0,
2026,1,13669,,2026 UFA,0,
2026,1,15376,,2026 UFA,0,
2026,1,15893,,2026 UFA,0,
2026,1,15981,,2026 UFA,0,
2026,1,14675,,2026 UFA,0,
2026,1,17791,,2026 UFA,0,
2026,1,17308,,2026 UFA,0,
2026,1,16743,,2026 UFA,0,
2026,1,11807,,2026 UFA,0,
2026,1,15877,,2026 UFA,0,
2026,1,13793,,2026 UFA,0,
2026,1,17796,,2026 UFA,0,
2026,1,16356,,2026 UFA,0,
2026,1,11723,,2026 UFA,0,
2026,1,16527,,2026 UFA,0,
2026,1,17332,,2026 UFA,0,
2026,1,12680,,2026 UFA,0,
2026,1,16176,,2026 UFA,0,
2026,1,16757,,2026 UFA,0,
2026,1,14967,,2026 UFA,0,
2026,1,17734,,2026 UFA,0,
2026,1,17526,,2026 UFA,0,
2026,1,16447,,2026 UFA,0,
2026,1,16821,,2026 UFA,0,
2026,1,15668,,2026 UFA,0,
2026,1,13306,,2026 UFA,0,
2026,1,13258,,2026 UFA,0,
2026,1,16621,,2026 UFA,0,
2026,1,17353,,2026 UFA,0,
2026,1,14948,,2026 UFA,0,
2026,1,17538,,2026 UFA,0,
2026,1,16954,,2026 UFA,0,
2026,1,14950,,2026 UFA,0,
2026,1,16704,,2026 UFA,0,
2026,1,15285,,2026 UFA,0,
2026,1,15443,,2026 UFA,0,
2026,1,16304,,2026 UFA,0,
2026,1,12744,,2026 UFA,0,
2026,1,11768,,2026 UFA,0,
2026,1,15510,1.10,2026 R/F,0,locked
2026,1,14971,,2026 UFA,0,
2026,1,16864,,2026 UFA,0,
2026,1,16760,,2026 UFA,0,
2026,1,16792,,2026 UFA,0,
2026,1,17392,,2026 UFA,0,
2026,1,13211,,2026 UFA,0,
2026,1,14992,,2026 UFA,0,
2026,1,16803,,2026 UFA,0,
2026,1,13776,,2026 UFA,0,
2026,1,16774,,2026 UFA,0,
2026,1,16446,,2026 UFA,0,
2026,1,17354,,2026 UFA,0,
2026,1,17011,,2026 UFA,0,
2026,1,17088,,2026 UFA,0,
2026,1,16634,,2026 UFA,0,
2026,1,15151,,2026 UFA,0,
2026,1,17774,,2026 UFA,0,
2026,1,17089,,2026 UFA,0,
2026,1,12610,,2026 UFA,0,
2026,1,17758,,2026 UFA,0,
2026,1,17678,,2026 UFA,0,
2026,1,15109,,2026 UFA,0,
2026,1,17232,,2026 UFA,0,
2026,1,16839,,2026 UFA,0,
2026,1,17620,,2026 UFA,0,
2026,1,15081,,2026 UFA,0,
2026,1,16516,,2026 UFA,0,
2026,1,16871,,2026 UFA,0,
2026,1,15589,,2026 UFA,0,
2026,1,13762,,2026 UFA,0,
2026,1,13598,,2026 UFA,0,
2026,1,17084,,2026 UFA,0,
2026,1,17531,,2026 UFA,0,
2026,1,13249,,2026 UFA,0,
2026,1,15714,,2026 UFA,0,
2026,1,13760,,2026 UFA,0,
2026,1,16940,,2026 UFA,0,
2026,1,17404,,2026 UFA,0,
2026,1,16633,,2026 UFA,0,
2026,1,17490,,2026 UFA,0,
2026,1,16312,,2026 UFA,0,
2026,1,16648,,2026 UFA,0,
2026,1,16811,,2026 UFA,0,
2026,1,14162,,2026 UFA,0,
2026,1,15454,,2026 UFA,0,
2026,1,17671,,2026 UFA,0,
2026,1,15585,,2026 UFA,0,
2026,1,13959,,2026 UFA,0,
2026,1,17386,,2026 UFA,0,
2026,1,16630,,2026 UFA,0,
2026,1,13139,,2026 UFA,0,
2026,1,16793,,2026 UFA,0,
2026,1,15559,,2026 UFA,0,
2026,1,15885,,2026 UFA,0,
2026,1,17359,,2026 UFA,0,
2026,1,17396,,2026 UFA,0,
2026,1,13253,,2026 UFA,0,
2026,1,13154,,2026 UFA,0,
2026,1,17495,,2026 UFA,0,
2026,1,15857,,2026 UFA,0,
2026,1,14076,,2026 UFA,0,
2026,1,17618,,2026 UFA,0,
2026,1,17797,,2026 UFA,0,
2026,1,16375,,2026 UFA,0,
2026,1,16367,,2026 UFA,0,
2026,1,13652,,2026 UFA,0,
2026,1,14283,,2026 UFA,0,
2026,1,14017,,2026 UFA,0,
2026,1,16625,,2026 UFA,0,
2026,1,14928,,2026 UFA,0,
2026,1,15422,,2026 UFA,0,
2026,1,10703,,2026 UFA,0,
2026,1,15239,,2026 UFA,0,
2026,1,12608,,2026 UFA,0,
2026,1,16967,,2026 UFA,0,
2026,1,16762,,2026 UFA,0,
2026,1,13296,,2026 UFA,0,
2026,1,14227,,2026 UFA,0,
2026,1,17693,,2026 UFA,0,
2026,1,13266,,2026 UFA,0,
2026,1,14984,,2026 UFA,0,
2026,1,15035,,2026 UFA,0,
2026,1,15906,,2026 UFA,0,
2026,1,16989,,2026 UFA,0,
2026,1,17449,,2026 UFA,0,
2026,1,16294,,2026 UFA,0,
2026,1,16913,,2026 UFA,0,
2026,1,15840,,2026 UFA,0,
2026,1,14379,,2026 UFA,0,
2026,1,13325,,2026 UFA,0,
2026,1,15864,,2026 UFA,0,
2026,1,17724,,2026 UFA,0,
2026,1,17382,,2026 UFA,0,
2026,1,14426,,2026 UFA,0,
2026,1,15401,,2026 UFA,0,
2026,1,16523,,2026 UFA,0,
2026,1,14198,,2026 UFA,0,
2026,1,16898,,2026 UFA,0,
2026,1,13754,,2026 UFA,0,
2026,1,15882,,2026 UFA,0,
2026,1,17714,,2026 UFA,0,
2026,1,16273,,2026 UFA,0,
2026,1,17542,,2026 UFA,0,
2026,1,15941,,2026 UFA,0,
2026,1,17285,,2026 UFA,0,
2026,1,14592,,2026 UFA,0,
2026,1,15696,,2026 UFA,0,
2026,1,15604,,2026 UFA,0,
2026,1,16168,,2026 UFA,1,
2026,1,12155,,2026 UFA,1,
2026,1,16305,,2026 UFA,1,
2026,1,17639,,2026 UFA,1,
2026,1,16735,,2026 UFA,1,
2026,1,13230,,2026 UFA,1,
2026,1,16014,,2026 UFA,1,
2026,1,14185,,2026 UFA,1,
2026,1,16291,,2026 UFA,1,
2026,1,15394,,2026 UFA,1,
2026,1,16474,,2026 UFA,1,
2026,1,12181,,2026 UFA,1,
2026,1,13308,,2026 UFA,1,
2026,1,14811,,2026 UFA,1,
2026,1,17369,,2026 UFA,1,
2026,1,14799,,2026 UFA,1,
2026,1,13753,,2026 UFA,1,
2026,1,17154,,2026 UFA,1,
2026,1,13730,,2026 UFA,1,
2026,1,16066,,2026 UFA,1,
2026,1,16746,,2026 UFA,1,
2026,1,13246,,2026 UFA,1,
2026,1,16645,,2026 UFA,1,
2026,1,12621,,2026 UFA,1,
2026,1,16219,,2026 UFA,1,
2026,1,13879,,2026 UFA,1,
2026,1,17061,,2026 UFA,1,
2026,1,17470,,2026 UFA,1,
2026,1,14236,,2026 UFA,1,
2026,1,15858,,2026 UFA,1,
2026,1,17516,,2026 UFA,1,
2026,1,17787,,2026 UFA,1,
2026,1,15903,,2026 UFA,1,
2026,1,15676,,2026 UFA,1,
2026,1,16872,,2026 UFA,1,
2026,1,10814,,2026 UFA,1,
2026,1,16782,,2026 UFA,1,
2026,1,17742,,2026 UFA,1,
2026,1,16257,,2026 UFA,1,
2026,1,12715,,2026 UFA,1,
2026,1,17795,,2026 UFA,1,
2026,1,15879,,2026 UFA,1,
2026,1,12218,,2026 UFA,1,
2026,1,17276,,2026 UFA,1,
2026,1,15829,,2026 UFA,1,
2026,1,15301,,2026 UFA,1,
2026,1,15777,,2026 UFA,1,
2026,1,16371,,2026 UFA,1,
2026,1,15765,,2026 UFA,1,
2026,1,12083,,2026 UFA,1,
2026,1,16029,,2026 UFA,1,
2026,1,13263,,2026 UFA,1,
2026,1,16037,,2026 UFA,1,
2026,1,15049,,2026 UFA,1,
2026,1,14548,,2026 UFA,1,
2026,1,13980,,2026 UFA,1,
2026,1,15718,,2026 UFA,1,
2026,1,14256,,2026 UFA,1,
2026,1,16836,,2026 UFA,1,
2026,1,17746,,2026 UFA,1,
2026,1,16139,,2026 UFA,1,
2026,1,16637,,2026 UFA,1,
2026,1,13706,,2026 UFA,1,
2026,1,14263,,2026 UFA,1,
2026,1,15671,,2026 UFA,1,
2026,1,17770,,2026 UFA,1,
2026,1,16330,,2026 UFA,1,
2026,1,15082,,2026 UFA,1,
2026,1,16328,,2026 UFA,1,
2026,1,13201,,2026 UFA,1,
2026,1,17216,,2026 UFA,1,
2026,1,17632,,2026 UFA,1,
2026,1,17323,,2026 UFA,1,
2026,1,17231,,2026 UFA,1,
2026,1,17721,,2026 UFA,1,
2026,1,15348,,2026 UFA,1,
2026,1,14983,,2026 UFA,1,
2026,1,17203,,2026 UFA,1,
2026,1,16962,,2026 UFA,1,
2026,1,15344,,2026 UFA,1,
2026,1,17400,,2026 UFA,1,
2026,1,16322,,2026 UFA,1,
2026,1,17537,,2026 UFA,1,
2026,1,14319,,2026 UFA,1,
2026,1,11679,,2026 UFA,1,
2026,1,16023,,2026 UFA,1,
2026,1,15758,,2026 UFA,1,
2026,1,17536,,2026 UFA,1,
2026,1,16646,,2026 UFA,1,
2026,1,15985,,2026 UFA,1,
2026,1,14310,,2026 UFA,1,
2026,1,16202,,2026 UFA,1,
2026,1,12718,,2026 UFA,1,
2026,1,10514,,2026 UFA,1,
2026,1,17739,,2026 UFA,1,
2026,1,16289,,2026 UFA,1,
2026,1,16153,,2026 UFA,1,
2026,1,17697,,2026 UFA,1,
2026,1,16594,,2026 UFA,1,
2026,1,17699,,2026 UFA,1,
2026,1,13775,,2026 UFA,1,
2026,1,17307,,2026 UFA,1,
2026,1,17260,,2026 UFA,1,
2026,1,17698,,2026 UFA,1,
2026,1,16338,,2026 UFA,1,
2026,1,13638,,2026 UFA,1,
2026,1,17261,,2026 UFA,1,
2026,1,12699,,2026 UFA,1,
2026,1,16865,,2026 UFA,1,
2026,1,17257,,2026 UFA,1,
2026,1,17209,,2026 UFA,1,
2026,1,16288,,2026 UFA,1,
2026,1,15973,,2026 UFA,1,
2026,1,16054,,2026 UFA,1,
2026,1,16499,,2026 UFA,1,
2026,1,16075,,2026 UFA,1,
2026,1,17069,,2026 UFA,1,
2026,1,13926,,2026 UFA,1,
2026,1,16393,,2026 UFA,1,
2026,1,17591,,2026 UFA,1,
2026,1,17076,,2026 UFA,1,
2026,1,17530,,2026 UFA,1,
2026,1,16556,,2026 UFA,1,
2026,1,17717,,2026 UFA,1,
2026,1,17220,,2026 UFA,1,
2026,1,16770,,2026 UFA,1,
2026,1,12650,,2026 UFA,1,
2026,1,17010,,2026 UFA,1,
2026,1,16820,,2026 UFA,1,
2026,1,16882,,2026 UFA,1,
2026,1,5848,,2026 UFA,1,
2026,1,16336,,2026 UFA,1,
2026,1,16656,,2026 UFA,1,
2026,1,17641,,2026 UFA,1,
2026,1,16261,,2026 UFA,1,
2026,1,17263,,2026 UFA,1,
2026,1,11640,,2026 UFA,1,
2026,1,15462,,2026 UFA,1,
2026,1,17268,,2026 UFA,1,
2026,1,17228,,2026 UFA,1,
2026,1,15449,,2026 UFA,1,
2026,1,16816,,2026 UFA,1,
2026,1,16387,,2026 UFA,1,
2026,1,17091,,2026 UFA,1,
2026,1,16364,,2026 UFA,1,
2026,1,16324,,2026 UFA,1,
2026,1,17001,,2026 UFA,1,
2026,1,16976,,2026 UFA,1,
2026,1,17058,,2026 UFA,1,
2026,1,17282,,2026 UFA,1,
2026,1,17158,,2026 UFA,1,
2026,1,17541,,2026 UFA,1,
2026,1,15412,,2026 UFA,1,
2026,1,15953,,2026 UFA,1,
2026,1,17750,,2026 UFA,1,
2026,1,15292,,2026 UFA,1,
2026,2,14105,3.90,2026 B/R,1,
2026,1,17496,,2026 UFA,1,
2026,1,16118,,2026 UFA,1,
2026,1,15933,,2026 UFA,1,
2026,1,13172,,2026 UFA,1,
2026,1,13994,,2026 UFA,1,
2026,1,16271,,2026 UFA,1,
2026,1,16410,,2026 UFA,1,
2026,1,15423,,2026 UFA,1,
2026,1,15356,,2026 UFA,1,
2026,1,14358,,2026 UFA,1,
2026,1,16736,,2026 UFA,1,
2026,1,16423,,2026 UFA,1,
2026,1,17247,,2026 UFA,1,
2026,1,13695,,2026 UFA,1,
2026,1,17295,,2026 UFA,1,
2026,1,14875,,2026 UFA,1,
2026,1,15177,,2026 UFA,1,
2026,1,15248,,2026 UFA,1,
2026,1,12758,,2026 UFA,1,
2026,1,17358,,2026 UFA,1,
2026,1,16834,,2026 UFA,1,
2026,1,14942,,2026 UFA,1,
2026,1,17214,,2026 UFA,1,
2026,1,17768,,2026 UFA,1,
2026,1,17510,,2026 UFA,1,
2026,1,13750,,2026 UFA,1,
2026,1,15752,,2026 UFA,1,
2026,1,16632,,2026 UFA,1,
2026,1,12325,,2026 UFA,1,
2026,1,13354,,2026 UFA,1,
2026,1,13448,,2026 UFA,1,
2026,1,16982,,2026 UFA,1,
2026,1,15908,,2026 UFA,1,
2026,1,15874,,2026 UFA,1,
2026,1,15041,,2026 UFA,1,
2026,1,15804,,2026 UFA,1,
2026,1,17523,,2026 UFA,1,
2026,1,17765,,2026 UFA,1,
2026,1,15930,,2026 UFA,1,
2026,1,17325,,2026 UFA,1,
2026,1,15595,,2026 UFA,1,
2026,1,14112,,2026 UFA,1,
2026,1,17782,,2026 UFA,1,
2026,1,17614,,2026 UFA,1,
2026,1,17439,,2026 UFA,1,
2026,1,17637,,2026 UFA,1,
2026,1,16738,,2026 UFA,1,
2026,1,16339,,2026 UFA,1,
2026,1,13718,,2026 UFA,1,
2026,1,11644,,2026 UFA,1,
2026,1,16753,,2026 UFA,1,
2026,1,12394,,2026 UFA,1,
2026,1,16713,,2026 UFA,1,
2026,1,15432,,2026 UFA,1,
2026,1,15258,,2026 UFA,1,
2026,1,17348,,2026 UFA,1,
2026,1,15870,,2026 UFA,1,
2026,1,16854,,2026 UFA,1,
2026,1,17317,,2026 UFA,1,
2026,1,16806,,2026 UFA,1,
2026,1,17776,,2026 UFA,1,
2026,1,17355,,2026 UFA,1,
2026,1,15723,,2026 UFA,1,
2026,1,13668,,2026 UFA,1,
2026,1,16875,,2026 UFA,1,
2026,1,16492,,2026 UFA,1,
2026,1,15965,,2026 UFA,1,
2026,1,17269,,2026 UFA,1,
2026,1,12930,,2026 UFA,1,
2026,1,15194,,2026 UFA,1,
2026,1,13610,,2026 UFA,1,
2026,1,17319,,2026 UFA,1,
2026,1,15826,,2026 UFA,1,
2026,1,17381,,2026 UFA,1,
2026,1,17430,,2026 UFA,1,
2026,1,16325,,2026 UFA,1,
2026,1,12739,,2026 UFA,1,
2026,1,14841,,2026 UFA,1,
2026,1,15878,,2026 UFA,1,
2026,1,17701,,2026 UFA,1,
2026,1,16313,,2026 UFA,1,
2026,1,16072,,2026 UFA,1,
2026,1,16885,,2026 UFA,1,
2026,1,16789,,2026 UFA,1,
2026,1,17528,,2026 UFA,1,
2026,1,16810,,2026 UFA,1,
2026,1,14155,,2026 UFA,1,
2026,1,17303,,2026 UFA,1,
2026,1,12754,,2026 UFA,1,
2026,1,16665,,2026 UFA,1,
2026,1,17410,,2026 UFA,1,
2026,1,13675,,2026 UFA,1,
2026,1,15991,,2026 UFA,1,
2026,1,17491,,2026 UFA,1,
2026,1,17284,,2026 UFA,1,
2026,1,17040,,2026 UFA,1,
2026,1,13128,,2026 UFA,1,
2026,1,13844,,2026 UFA,1,
2026,1,11674,,2026 UFA,1,
2026,1,16453,,2026 UFA,1,
2026,1,12175,,2026 UFA,1,
2026,1,17333,,2026 UFA,1,
2026,1,17794,,2026 UFA,1,
2026,1,16636,,2026 UFA,1,
2026,1,17789,,2026 UFA,1,
2026,1,15772,,2026 UFA,1,
2026,1,16640,,2026 UFA,1,
2026,1,13862,,2026 UFA,1,
2026,1,17246,,2026 UFA,1,
2026,1,16395,,2026 UFA,1,
2026,1,16771,,2026 UFA,1,
2026,1,17651,,2026 UFA,1,
2026,1,16796,,2026 UFA,1,
2026,1,16157,,2026 UFA,1,
2026,1,13216,,2026 UFA,1,
2026,1,17674,,2026 UFA,1,
2026,1,14815,,2026 UFA,1,
2026,1,10313,,2026 UFA,1,
2026,1,14978,,2026 UFA,1,
2026,1,17705,,2026 UFA,1,
2026,1,13688,,2026 UFA,1,
2026,1,10768,,2026 UFA,1,
2026,1,15891,,2026 UFA,1,
2026,1,14911,,2026 UFA,1,
2026,1,16299,,2026 UFA,1,
2026,1,14845,,2026 UFA,1,
2026,1,14037,,2026 UFA,1,
2026,1,15373,,2026 UFA,1,
2026,1,17309,,2026 UFA,1,
2026,1,16877,,2026 UFA,1,
2026,1,15931,,2026 UFA,1,
2026,1,13479,,2026 UFA,1,
2026,1,16603,,2026 UFA,1,
2026,1,17598,,2026 UFA,1,
2026,1,16767,,2026 UFA,1,
2026,1,16441,,2026 UFA,1,
2026,1,14876,,2026 UFA,1,
2026,1,16385,,2026 UFA,1,
2026,1,17643,,2026 UFA,1,
2026,1,16439,,2026 UFA,1,
2026,1,16756,,2026 UFA,1,
2026,1,13927,,2026 UFA,1,
2026,1,17262,,2026 UFA,1,
2026,1,12349,,2026 UFA,1,
2026,1,14903,,2026 UFA,1,
2026,1,14805,,2026 UFA,1,
2026,1,15468,,2026 UFA,1,
2026,1,17759,,2026 UFA,1,
2026,1,17281,,2026 UFA,1,
2026,1,13763,,2026 UFA,1,
2026,1,17711,,2026 UFA,1,
2026,1,13119,,2026 UFA,1,
2026,1,17265,,2026 UFA,1,
2026,1,17689,,2026 UFA,1,
2026,1,17492,,2026 UFA,1,
2026,1,12188,,2026 UFA,1,
2026,1,15129,,2026 UFA,1,
2026,1,14108,,2026 UFA,1,
2026,1,13281,,2026 UFA,1,
2026,1,16354,,2026 UFA,1,
2026,1,12623,,2026 UFA,1,
2026,1,16429,,2026 UFA,1,
2026,1,16889,,2026 UFA,1,
2026,1,15797,,2026 UFA,1,
2026,1,14315,,2026 UFA,1,
2026,1,12234,,2026 UFA,1,
2026,1,15888,,2026 UFA,1,
2026,1,17656,,2026 UFA,1,
2026,1,16520,,2026 UFA,1,
2026,1,17687,,2026 UFA,1,
2026,1,16218,,2026 UFA,1,
2026,1,14847,,2026 UFA,1,
2026,1,13988,,2026 UFA,1,
2026,1,17790,,2026 UFA,1,
2026,1,17691,,2026 UFA,1,
2026,1,15851,,2026 UFA,1,
2026,1,13294,,2026 UFA,1,
2026,1,15464,,2026 UFA,1,
2026,1,13726,,2026 UFA,1,
2026,1,17057,,2026 UFA,1,
2026,1,13850,,2026 UFA,1,
2026,1,17390,,2026 UFA,1,
2026,1,12219,,2026 UFA,1,
2026,1,14222,,2026 UFA,1,
2026,1,17773,,2026 UFA,1,
2026,1,14803,,2026 UFA,1,
2026,1,15250,,2026 UFA,1,
2026,1,16666,,2026 UFA,1,
2026,1,13404,,2026 UFA,1,
2026,1,14670,,2026 UFA,1,
2026,1,15847,,2026 UFA,1,
2026,1,12625,,2026 UFA,1,
2026,1,14934,,2026 UFA,1,
2026,1,17645,,2026 UFA,1,
2026,1,15862,,2026 UFA,1,
2026,1,17545,,2026 UFA,1,
2026,1,14879,,2026 UFA,1,
2026,1,14270,,2026 UFA,1,
2026,1,15302,,2026 UFA,1,
2026,1,16595,,2026 UFA,1,
2026,1,15880,,2026 UFA,1,
2026,1,17109,,2026 UFA,1,
2026,1,13236,,2026 UFA,1,
2026,1,17604,,2026 UFA,1,
2026,1,17034,,2026 UFA,1,
2026,1,17760,,2026 UFA,1,
2026,1,17735,,2026 UFA,1,
2026,1,17191,,2026 UFA,1,
2026,1,15335,,2026 UFA,1,
2026,1,13798,,2026 UFA,1,
2026,1,15303,,2026 UFA,1,
2026,1,17097,,2026 UFA,1,
2026,1,14151,,2026 UFA,1,
2026,1,17243,,2026 UFA,1,
2026,1,15238,,2026 UFA,1,
2026,1,15431,,2026 UFA,1,
2026,1,16515,,2026 UFA,1,
2026,1,13919,,2026 UFA,1,
2026,1,17692,,2026 UFA,1,
2026,1,16557,,2026 UFA,1,
2026,1,15925,,2026 UFA,1,
2026,1,17277,,2026 UFA,1,
2026,1,15117,,2026 UFA,1,
2026,1,17314,,2026 UFA,1,
2026,1,15866,,2026 UFA,1,
2026,1,16064,,2026 UFA,1,
2026,1,13778,,2026 UFA,1,
2026,1,12734,,2026 UFA,1,
2026,1,8851,,2026 UFA,1,
2026,1,16669,,2026 UFA,1,
2026,1,15713,,2026 UFA,1,
2026,1,15942,,2026 UFA,1,
2026,1,14012,,2026 UFA,1,
2026,1,16379,,2026 UFA,1,
2026,1,17763,,2026 UFA,1,
2026,1,13134,,2026 UFA,1,
2026,1,16260,,2026 UFA,1,
2026,1,17754,,2026 UFA,1,
2026,1,14946,,2026 UFA,1,
2026,1,12217,,2026 UFA,1,
2026,1,15032,,2026 UFA,1,
2026,1,13085,,2026 UFA,1,
2026,1,16030,,2026 UFA,1,
2026,1,15148,,2026 UFA,1,
2026,1,13770,,2026 UFA,1,
2026,1,15244,,2026 UFA,1,
2026,1,17703,,2026 UFA,1,
2026,1,14991,,2026 UFA,1,
2026,1,13809,,2026 UFA,1,
2026,1,14237,,2026 UFA,1,
2026,1,14901,,2026 UFA,1,
2026,1,9694,,2026 UFA,1,
2026,1,16144,,2026 UFA,1,
2026,1,15833,,2026 UFA,1,
2026,1,17762,,2026 UFA,1,
2026,1,11760,,2026 UFA,1,
2026,1,14081,,2026 UFA,1,
2026,1,14244,,2026 UFA,1,
2026,1,14926,,2026 UFA,1,
2026,1,14852,,2026 UFA,1,
2026,1,17060,,2026 UFA,1,
2026,1,14495,,2026 UFA,1,
2026,1,14737,,2026 UFA,1,
2026,1,15141,,2026 UFA,1,
2026,1,17672,,2026 UFA,1,
2026,1,14489,,2026 UFA,1,
2026,1,15103,,2026 UFA,1,
2026,1,15499,,2026 UFA,1,
2026,1,14962,,2026 UFA,1,
2026,1,16416,,2026 UFA,1,
2026,1,14652,,2026 UFA,1,
2026,1,13317,,2026 UFA,1,
2026,1,12271,,2026 UFA,1,
2026,1,15397,,2026 UFA,1,
2026,1,13347,,2026 UFA,1,
2026,1,15935,,2026 UFA,1,
2026,1,17384,,2026 UFA,1,
2026,1,15730,,2026 UFA,1,
2026,1,12978,,2026 UFA,1,
2026,1,15852,,2026 UFA,1,
2026,1,16599,,2026 UFA,1,
2026,1,12751,,2026 UFA,1,
2026,1,16732,,2026 UFA,1,
2026,1,9826,,2026 UFA,1,
2026,1,16373,,2026 UFA,1,
2026,1,15429,,2026 UFA,1,
2026,1,16979,,2026 UFA,1,
2026,1,15419,,2026 UFA,1,
2026,1,15381,,2026 UFA,1,
2026,1,15782,,2026 UFA,1,
2026,1,16173,,2026 UFA,1,
2026,1,13942,,2026 UFA,1,
2026,1,15337,,2026 UFA,1,
2026,1,16922,,2026 UFA,1,
2026,1,17351,,2026 UFA,1,
2026,1,17539,,2026 UFA,1,
2026,1,14062,,2026 UFA,1,
2026,1,13273,,2026 UFA,1,
2026,1,17298,,2026 UFA,1,
2026,1,17720,,2026 UFA,1,
2026,1,14878,,2026 UFA,1,
2026,1,16444,,2026 UFA,1,
2026,1,17638,,2026 UFA,1,
2026,1,17788,,2026 UFA,1,
2026,1,17710,,2026 UFA,1,
2026,1,13430,,2026 UFA,1,
2026,1,16776,,2026 UFA,1,
2026,1,16156,,2026 UFA,1,
2026,1,16661,,2026 UFA,1,
2026,1,17769,,2026 UFA,1,
2026,1,16235,,2026 UFA,1,
2026,1,16340,,2026 UFA,1,
2026,1,12923,,2026 UFA,1,
2026,1,12976,,2026 UFA,1,
2026,1,17199,,2026 UFA,1,
2026,1,15469,,2026 UFA,1,
2026,1,16744,,2026 UFA,1,
2026,1,16318,,2026 UFA,1,
2026,1,17211,,2026 UFA,1,
2026,1,13683,,2026 UFA,1,
2026,1,16019,,2026 UFA,1,
2026,1,16784,,2026 UFA,1,
2026,1,17716,,2026 UFA,1,
2026,1,14113,,2026 UFA,1,
2026,1,15943,,2026 UFA,1,
2026,1,12764,,2026 UFA,1,
2026,1,16800,,2026 UFA,1,
2026,1,15823,,2026 UFA,1,
2026,1,17772,,2026 UFA,1,
2026,1,16797,,2026 UFA,1,
2026,1,11872,,2026 UFA,1,
2026,1,14213,,2026 UFA,1,
2026,1,17712,,2026 UFA,1,
2026,1,14891,,2026 UFA,1,
2026,1,13715,,2026 UFA,1,
2026,1,16227,,2026 UFA,1,
2026,1,17777,,2026 UFA,1,
2026,1,16587,,2026 UFA,1,
2026,1,15720,,2026 UFA,1,
2026,1,17226,,2026 UFA,1,
2026,1,16043,,2026 UFA,1,
2026,1,17213,,2026 UFA,1,
2026,1,16341,,2026 UFA,1,
2026,1,16886,,2026 UFA,1,
2026,1,16326,,2026 UFA,1,
2026,1,17719,,2026 UFA,1,
2026,1,16413,,2026 UFA,1,
2026,1,12476,,2026 UFA,1,
2026,1,10945,,2026 UFA,1,
2026,1,17740,,2026 UFA,1,
2026,1,16352,,2026 UFA,1,
2026,1,17483,,2026 UFA,1,
2026,1,17669,,2026 UFA,1,
2026,1,17283,,2026 UFA,1,
2026,1,16306,,2026 UFA,1,
2026,1,17709,,2026 UFA,1,
2026,1,15271,,2026 UFA,1,
2026,1,17784,,2026 UFA,1,
2026,1,16058,,2026 UFA,1,
2026,1,12481,,2026 UFA,1,
2026,1,15800,,2026 UFA,1,
2026,1,17000,,2026 UFA,1,
2026,1,15956,,2026 UFA,1,
2026,1,12678,,2026 UFA,1,
2026,1,17286,,2026 UFA,1,
2026,1,13742,,2026 UFA,1,
2026,1,16761,,2026 UFA,1,
2026,1,16425,,2026 UFA,1,
2026,1,14086,,2026 UFA,1,
2026,1,13424,,2026 UFA,1,
2026,1,17540,,2026 UFA,1,
2026,1,13414,,2026 UFA,1,
2026,1,13622,,2026 UFA,1,
2026,1,15441,,2026 UFA,1,
2026,1,13963,,2026 UFA,1,
2026,1,14849,,2026 UFA,1,
2026,1,15565,,2026 UFA,1,
2026,1,14260,,2026 UFA,1,
2026,1,14944,,2026 UFA,1,
2026,1,13755,,2026 UFA,1,
2026,1,14083,,2026 UFA,1,
2026,1,16151,,2026 UFA,1,
2026,1,13228,,2026 UFA,1,
2026,1,12677,,2026 UFA,1,
2026,1,11232,,2026 UFA,1,
2026,1,11387,,2026 UFA,1,
2026,1,16710,,2026 UFA,1,
2026,1,17234,,2026 UFA,1,
2026,1,16290,,2026 UFA,1,
2026,1,15928,,2026 UFA,1,
2026,1,17036,,2026 UFA,1,
2026,1,16311,,2026 UFA,1,
2026,1,15693,,2026 UFA,1,
2026,1,17733,,2026 UFA,1,
2026,1,14370,,2026 UFA,1,
2026,1,15121,,2026 UFA,1,
2026,1,13731,,2026 UFA,1,
2026,1,16180,,2026 UFA,1,
2026,1,16017,,2026 UFA,1,
2026,1,14118,,2026 UFA,1,
2026,1,13138,,2026 UFA,1,
2026,1,17766,,2026 UFA,1,
2026,1,17064,,2026 UFA,1,
2026,1,17350,,2026 UFA,1,
2026,1,14789,,2026 UFA,1,
2026,1,13680,,2026 UFA,1,
2026,1,17610,,2026 UFA,1,
2026,1,17695,,2026 UFA,1,
2026,1,16183,,2026 UFA,1,
2026,1,17188,,2026 UFA,1,
2026,1,14919,,2026 UFA,1,
2026,1,17592,,2026 UFA,1,
2026,1,16485,,2026 UFA,1,
2026,1,17423,,2026 UFA,1,
2026,1,14420,,2026 UFA,1,
2026,1,16059,,2026 UFA,1,
2026,1,15734,,2026 UFA,1,
2026,1,16711,,2026 UFA,1,
2026,1,16366,,2026 UFA,1,
2026,1,17287,,2026 UFA,1,
2026,1,13226,,2026 UFA,1,
2026,1,16740,,2026 UFA,1,
2026,1,17194,,2026 UFA,1,
2026,1,17289,,2026 UFA,1,
2026,1,15899,,2026 UFA,1,
2026,1,15016,,2026 UFA,1,
2026,1,17249,,2026 UFA,1,
2026,1,17670,,2026 UFA,1,
2026,1,15811,,2026 UFA,1,
2026,1,17329,,2026 UFA,1,
2026,1,16758,,2026 UFA,1,
2026,1,15918,,2026 UFA,1,
2026,1,17398,,2026 UFA,1,
2026,1,17117,,2026 UFA,1,
2026,1,16715,,2026 UFA,1,
2026,1,17341,,2026 UFA,1,
2026,1,16533,,2026 UFA,1,
2026,1,14060,,2026 UFA,1,
2026,1,16815,,2026 UFA,1,
2026,1,17747,,2026 UFA,1,
2026,1,17201,,2026 UFA,1,
2026,1,17704,,2026 UFA,1,
2026,1,17661,,2026 UFA,1,
2026,1,12305,,2026 UFA,1,
2026,1,16780,,2026 UFA,1,
2026,1,15262,,2026 UFA,1,
2026,1,16721,,2026 UFA,1,
2026,1,12796,,2026 UFA,1,
2026,1,14858,,2026 UFA,1,
2026,1,16919,,2026 UFA,1,
2026,1,11286,,2026 UFA,1,
2026,1,17373,,2026 UFA,1,
2026,1,13288,,2026 UFA,1,
2026,1,14894,,2026 UFA,1,
2026,1,14120,,2026 UFA,1,
2026,1,14860,,2026 UFA,1,
2026,1,16957,,2026 UFA,1,
2026,1,14833,,2026 UFA,1,
2026,1,13702,,2026 UFA,1,
2026,1,17272,,2026 UFA,1,
2026,1,12700,,2026 UFA,1,
2026,1,15424,,2026 UFA,1,
2026,1,15586,,2026 UFA,1,
2026,1,16777,,2026 UFA,1,
2026,1,16801,,2026 UFA,1,
2026,1,14331,,2026 UFA,1,
2026,1,16277,,2026 UFA,1,
2026,1,17635,,2026 UFA,1,
2026,1,16376,,2026 UFA,1,
2026,1,14208,,2026 UFA,1,
2026,1,17344,,2026 UFA,1,
2026,1,15897,,2026 UFA,1,
2026,1,14359,,2026 UFA,1,
2026,1,14924,,2026 UFA,1,
2026,1,9207,,2026 UFA,1,
2026,1,16883,,2026 UFA,1,
2026,1,14205,,2026 UFA,1,
2026,1,17266,,2026 UFA,1,
2026,1,15959,,2026 UFA,1,
2026,1,15481,,2026 UFA,1,
2026,1,16175,,2026 UFA,1,
2026,1,14864,,2026 UFA,1,
2026,1,14095,,2026 UFA,1,
2026,1,16837,,2026 UFA,1,
2026,1,13848,,2026 UFA,1,
2026,1,16357,,2026 UFA,1,
2026,1,15165,,2026 UFA,1,
2026,1,16476,,2026 UFA,1,
2026,1,17383,,2026 UFA,1,
2026,1,17493,,2026 UFA,1,
2026,1,16203,,2026 UFA,1,
2026,1,13332,,2026 UFA,1,
2026,1,11793,,2026 UFA,1,
2026,1,12745,,2026 UFA,1,
2026,1,16709,,2026 UFA,1,
2026,1,15881,,2026 UFA,1,
2026,1,17416,,2026 UFA,1,
2026,1,16714,,2026 UFA,1,
2026,1,16350,,2026 UFA,1,
2026,1,16026,,2026 UFA,1,
2026,1,12988,,2026 UFA,1,
2026,1,15618,,2026 UFA,1,
2026,1,16370,,2026 UFA,1,
2026,1,15398,,2026 UFA,1,
2026,1,17729,,2026 UFA,1,
2026,1,17170,,2026 UFA,1,
2026,1,16005,,2026 UFA,1,
2026,1,17016,,2026 UFA,1,
2026,1,15767,,2026 UFA,1,
2026,1,13176,,2026 UFA,1,
2026,1,15330,,2026 UFA,1,
2026,1,16773,,2026 UFA,1,
2026,1,13898,,2026 UFA,1,
2026,1,13810,,2026 UFA,1,
2026,1,17633,,2026 UFA,1,
2026,1,12795,,2026 UFA,1,
2026,1,17343,,2026 UFA,1,
2026,1,11367,,2026 UFA,1,
2026,1,17605,,2026 UFA,1,
2026,1,17415,,2026 UFA,1,
2026,1,17679,,2026 UFA,1,
2026,1,16135,,2026 UFA,1,
2026,1,17414,,2026 UFA,1,
2026,1,16742,,2026 UFA,1,
2026,1,17681,,2026 UFA,1,
2026,1,16798,,2026 UFA,1,
2026,1,14880,,2026 UFA,1,
2026,1,16775,,2026 UFA,1,
2026,1,17799,,2026 UFA,1,
2026,1,13301,,2026 UFA,1,
2026,1,17686,,2026 UFA,1,
2026,1,17444,,2026 UFA,1,
2026,1,17662,,2026 UFA,1,
2026,1,16316,,2026 UFA,1,
2026,1,17727,,2026 UFA,1,
2026,1,15924,,2026 UFA,1,
2026,1,12239,,2026 UFA,1,
2026,1,17183,,2026 UFA,1,
2026,1,14503,,2026 UFA,1,
2026,1,17524,,2026 UFA,1,
2026,1,15527,,2026 UFA,1,
2026,1,17371,,2026 UFA,1,
2026,1,15929,,2026 UFA,1,
2026,1,12776,,2026 UFA,1,
2026,1,17274,,2026 UFA,1,
2026,1,17713,,2026 UFA,1,
2026,1,16674,,2026 UFA,1,
2026,1,17230,,2026 UFA,1,
2026,1,14899,,2026 UFA,1,
2026,1,15535,,2026 UFA,1,
2026,1,13633,,2026 UFA,1,
2026,1,17173,,2026 UFA,1,
2026,1,16699,,2026 UFA,1,
2026,1,15727,,2026 UFA,1,
2026,1,16722,,2026 UFA,1,
2026,1,17376,,2026 UFA,1,
2026,1,16016,,2026 UFA,1,
2026,1,15795,,2026 UFA,1,
2026,1,13403,,2026 UFA,1,
2026,1,17644,,2026 UFA,1,
2026,1,13262,,2026 UFA,1,
2026,1,17133,,2026 UFA,1,
2026,1,17352,,2026 UFA,1,
2026,1,15970,,2026 UFA,1,
2026,1,14442,,2026 UFA,1,
2026,1,16249,,2026 UFA,1,
2026,1,17683,,2026 UFA,1,
2026,1,17111,,2026 UFA,1,
2026,1,17737,,2026 UFA,1,
2026,1,16302,,2026 UFA,1,
2026,1,14452,,2026 UFA,1,
2026,1,15240,,2026 UFA,1,
2026,1,16418,,2026 UFA,1,
2026,1,17184,,2026 UFA,1,
2026,1,17229,,2026 UFA,1,
2026,1,17267,,2026 UFA,1,
2026,1,17349,,2026 UFA,1,
2026,1,13224,,2026 UFA,1,
2026,1,16217,,2026 UFA,1,
2026,1,17419,,2026 UFA,1,
2026,1,16613,,2026 UFA,1,
2026,1,17647,,2026 UFA,1,
2026,1,13202,,2026 UFA,1,
2026,1,13632,,2026 UFA,1,
2026,1,15818,,2026 UFA,1,
2026,1,15944,,2026 UFA,1,
2026,1,17035,,2026 UFA,1,
2026,1,16529,,2026 UFA,1,
2026,1,15140,,2026 UFA,1,
2026,1,13227,,2026 UFA,1,
2026,1,8269,,2026 UFA,1,
2026,1,13687,,2026 UFA,1,
2026,1,17244,,2026 UFA,1,
2026,1,17688,,2026 UFA,1,
2026,1,15094,,2026 UFA,1,
2026,1,12187,,2026 UFA,1,
2026,1,16768,,2026 UFA,1,
2026,1,17253,,2026 UFA,1,
2026,1,16513,,2026 UFA,1,
2026,1,15334,,2026 UFA,1,
2026,1,17237,,2026 UFA,1,
2026,1,15461,,2026 UFA,1,
2026,1,15433,,2026 UFA,1,
2026,1,17255,,2026 UFA,1,
2026,1,17394,,2026 UFA,1,
2026,1,15945,,2026 UFA,1,
2026,1,16391,,2026 UFA,1,
2026,1,16315,,2026 UFA,1,
2026,1,12956,,2026 UFA,1,
2026,1,14951,,2026 UFA,1,
2026,1,17757,,2026 UFA,1,
2026,1,13767,,2026 UFA,1,
2026,1,17063,,2026 UFA,1,
2026,1,16730,,2026 UFA,1,
2026,1,16220,,2026 UFA,1,
2026,1,15867,,2026 UFA,1,
2026,1,12955,,2026 UFA,1,
2026,1,16275,,2026 UFA,1,
2026,1,17336,,2026 UFA,1,
2026,1,17659,,2026 UFA,1,
2026,1,15308,,2026 UFA,1,
2026,1,16259,,2026 UFA,1,
2026,1,13802,,2026 UFA,1,
2026,1,17368,,2026 UFA,1,
2026,1,17159,,2026 UFA,1,
2026,1,16263,,2026 UFA,1,
2026,1,11383,,2026 UFA,1,
2026,1,15771,,2026 UFA,1,
2026,1,16831,,2026 UFA,1,
2026,1,17340,,2026 UFA,1,
2026,1,16868,,2026 UFA,1,
2026,1,17054,,2026 UFA,1,
2026,1,17744,,2026 UFA,1,
2026,1,17379,,2026 UFA,1,
2026,1,17259,,2026 UFA,1,
2026,1,15820,,2026 UFA,1,
2026,1,16335,,2026 UFA,1,
2026,1,17731,,2026 UFA,1,
2026,1,14223,,2026 UFA,1,
2026,1,17208,,2026 UFA,1,
2026,1,13547,,2026 UFA,1,
2026,1,17367,,2026 UFA,1,
2026,1,13252,,2026 UFA,1,
2026,1,16212,,2026 UFA,1,
2026,1,17513,,2026 UFA,1,
2026,1,16848,,2026 UFA,1,
2026,1,17600,,2026 UFA,1,
2026,1,16605,,2026 UFA,1,
2026,1,15614,,2026 UFA,1,
2026,1,13641,,2026 UFA,1,
2026,1,16912,,2026 UFA,1,
2026,1,16571,,2026 UFA,1,
2026,1,17038,,2026 UFA,1,
2026,1,15743,,2026 UFA,1,
2026,1,16063,,2026 UFA,1,
2026,1,15849,,2026 UFA,1,
2026,1,17723,,2026 UFA,1,
2026,1,17356,,2026 UFA,1,
2026,1,15473,,2026 UFA,1,
2026,1,15890,,2026 UFA,1,
2026,1,16890,,2026 UFA,1,
2026,1,16894,,2026 UFA,1,
2026,1,15450,,2026 UFA,1,
2026,1,16300,,2026 UFA,1,
2026,1,16170,,2026 UFA,1,
2026,1,15702,,2026 UFA,1,
2026,1,15097,,2026 UFA,1,
2026,1,16765,,2026 UFA,1,
2026,1,16390,,2026 UFA,1,
2026,1,17225,,2026 UFA,1,
2026,1,11947,,2026 UFA,1,
2026,1,17365,,2026 UFA,1,
2026,1,13143,,2026 UFA,1,
2026,1,17197,,2026 UFA,1,
2026,1,16751,,2026 UFA,1,
2026,1,17233,,2026 UFA,1,
2026,1,17334,,2026 UFA,1,
2026,1,15363,,2026 UFA,1,
2026,1,17238,,2026 UFA,1,
2026,1,15785,,2026 UFA,1,
2026,1,16695,,2026 UFA,1,
2026,1,16463,,2026 UFA,1,
2026,1,17227,,2026 UFA,1,
2026,1,15759,,2026 UFA,1,
2026,1,16843,,2026 UFA,1,
2026,1,17752,,2026 UFA,1,
2026,1,17239,,2026 UFA,1,
2026,1,13307,,2026 UFA,1,
2026,1,17240,,2026 UFA,1,
2026,1,16687,,2026 UFA,1,
2026,1,17486,,2026 UFA,1,
2026,1,16958,,2026 UFA,1,
2026,1,14280,,2026 UFA,1,
2026,1,10267,,2026 UFA,1,
2026,1,15252,,2026 UFA,1,
2026,1,12716,,2026 UFA,1,
2026,1,17195,,2026 UFA,1,
2026,1,17033,,2026 UFA,1,
2026,1,16585,,2026 UFA,1,
2026,1,16606,,2026 UFA,1,
2026,1,16424,,2026 UFA,1,
2026,1,16197,,2026 UFA,1,
2026,1,17264,,2026 UFA,1,
2026,1,14067,,2026 UFA,1,
2026,1,16309,,2026 UFA,1,
2026,1,15263,,2026 UFA,1,
2026,1,15909,,2026 UFA,1,
2026,1,17375,,2026 UFA,1,
2026,1,13131,,2026 UFA,1,
2026,1,15402,,2026 UFA,1,
2026,1,17140,,2026 UFA,1,
2026,1,14486,,2026 UFA,1,
2026,1,17718,,2026 UFA,1,
2026,1,17715,,2026 UFA,1,
2026,1,16286,,2026 UFA,1,
2026,1,16494,,2026 UFA,1,
2026,1,12773,,2026 UFA,1,
2026,1,13348,,2026 UFA,1,
2026,1,17615,,2026 UFA,1,
2026,1,15288,,2026 UFA,1,
2026,1,17305,,2026 UFA,1,
2026,1,17186,,2026 UFA,1,
2026,1,15766,,2026 UFA,1,
2026,1,17625,,2026 UFA,1,
2026,1,13270,,2026 UFA,1,
2026,1,14239,,2026 UFA,1,
2026,1,16232,,2026 UFA,1,
2026,1,15341,,2026 UFA,1,
2026,1,9596,,2026 UFA,1,
2026,1,17702,,2026 UFA,1,
2026,1,16082,,2026 UFA,1,
2026,1,17479,,2026 UFA,1,
2026,1,14798,,2026 UFA,1,
2026,1,12447,,2026 UFA,1,
2026,1,16759,,2026 UFA,1,
2026,1,13330,,2026 UFA,1,
2026,1,15476,,2026 UFA,1,
2026,1,13968,,2026 UFA,1,
2026,1,17050,,2026 UFA,1,
2026,1,15830,,2026 UFA,1,
2026,1,13940,,2026 UFA,1,
2026,1,14975,,2026 UFA,1,
2026,1,17700,,2026 UFA,1,
2026,1,16440,,2026 UFA,1,
2026,1,16659,,2026 UFA,1,
2026,1,14199,,2026 UFA,1,
2026,1,14889,,2026 UFA,1,
2026,1,15937,,2026 UFA,1,
2026,1,16725,,2026 UFA,1,
2026,1,16553,,2026 UFA,1,
2026,1,15620,,2026 UFA,1,
2026,1,15786,,2026 UFA,1,
2026,1,17100,,2026 UFA,1,
2026,1,17046,,2026 UFA,1,
2026,1,17456,,2026 UFA,1,
2026,1,17609,,2026 UFA,1,
2026,1,13785,,2026 UFA,1,
2026,1,14154,,2026 UFA,1,
2026,1,15375,,2026 UFA,1,
2026,1,16737,,2026 UFA,1,
2026,1,17275,,2026 UFA,1,
2026,1,13777,,2026 UFA,1,
2026,1,16359,,2026 UFA,1,
2026,1,15456,,2026 UFA,1,
2026,1,17756,,2026 UFA,1,
2026,1,16828,,2026 UFA,1,
2026,1,13745,,2026 UFA,1,
2026,1,17648,,2026 UFA,1,
2026,1,16532,,2026 UFA,1,
2026,1,12361,,2026 UFA,1,
2026,1,17465,,2026 UFA,1,
2026,1,15414,,2026 UFA,1,
2026,1,17755,,2026 UFA,1,
2026,1,16159,,2026 UFA,1,
2026,1,16443,,2026 UFA,1,
2026,1,11840,,2026 UFA,1,
2026,1,17778,,2026 UFA,1,
2026,1,17412,,2026 UFA,1,
2026,1,15386,,2026 UFA,1,
2026,1,13939,,2026 UFA,1,
2026,1,12691,,2026 UFA,1,
2026,1,15521,,2026 UFA,1,
2026,1,15916,,2026 UFA,1,
2026,1,13148,,2026 UFA,1,
2026,1,13265,,2026 UFA,1,
2026,1,15807,,2026 UFA,1,
2026,1,15385,,2026 UFA,1,
2026,1,16225,,2026 UFA,1,
2026,1,13685,,2026 UFA,1,
2026,1,17389,,2026 UFA,1,
2026,1,16077,,2026 UFA,1,
2026,1,14902,,2026 UFA,1,
2026,1,14873,,2026 UFA,1,
2026,1,16750,,2026 UFA,1,
2026,1,17150,,2026 UFA,1,
2026,1,15948,,2026 UFA,1,
2026,1,16975,,2026 UFA,1,
2026,1,17206,,2026 UFA,1,
2026,1,13709,,2026 UFA,1,
2026,1,14209,,2026 UFA,1,
2026,1,14555,,2026 UFA,1,
2026,1,16138,,2026 UFA,1,
2026,1,14254,,2026 UFA,1,
2026,1,15382,,2026 UFA,1,
2026,1,12782,,2026 UFA,1,
2026,1,16691,,2026 UFA,1,
2026,1,16436,,2026 UFA,1,
2026,1,14245,,2026 UFA,1,
2026,1,14977,,2026 UFA,1,
2026,1,15388,,2026 UFA,1,
2026,1,15902,,2026 UFA,1,
2026,1,17480,,2026 UFA,1,
2026,1,17215,,2026 UFA,1,
2026,1,17630,,2026 UFA,1,
2026,1,17278,,2026 UFA,1,
2026,1,14414,,2026 UFA,1,
2026,1,17708,,2026 UFA,1,
2026,1,16880,,2026 UFA,1,
2026,1,16763,,2026 UFA,1,
2026,1,16199,,2026 UFA,1,
2026,1,17313,,2026 UFA,1,
2026,1,16237,,2026 UFA,1,
2026,1,14341,,2026 UFA,1,
2026,1,13488,,2026 UFA,1,
2026,1,15855,,2026 UFA,1,
2026,1,13377,,2026 UFA,1,
2026,1,11225,,2026 UFA,1,
2026,1,15260,,2026 UFA,1,
2026,1,15369,,2026 UFA,1,
2026,1,17212,,2026 UFA,1,
2026,1,17471,,2026 UFA,1,
2026,1,17684,,2026 UFA,1,
2026,1,17654,,2026 UFA,1,
2026,1,17236,,2026 UFA,1,
2026,1,17219,,2026 UFA,1,
2026,1,17535,,2026 UFA,1,
2026,1,11970,,2026 UFA,1,
2026,1,14857,,2026 UFA,1,
2026,1,13231,,2026 UFA,1,
2026,1,13133,,2026 UFA,1,
2026,1,16196,,2026 UFA,1,
2026,1,12238,,2026 UFA,1,
2026,1,13634,,2026 UFA,1,
2026,1,16900,,2026 UFA,1,
2026,1,16510,,2026 UFA,1,
2026,1,16703,,2026 UFA,1,
2026,1,16293,,2026 UFA,1,
2026,1,14467,,2026 UFA,1,
2026,1,14890,,2026 UFA,1,
2026,1,12229,,2026 UFA,1,
2026,1,16270,,2026 UFA,1,
2026,1,15692,,2026 UFA,1,
2026,1,15717,,2026 UFA,1,
2026,1,16486,,2026 UFA,1,
2026,1,12323,,2026 UFA,1,
2026,1,15448,,2026 UFA,1,
2026,1,14506,,2026 UFA,1,
2026,1,16838,,2026 UFA,1,
2026,1,16102,,2026 UFA,1,
2026,1,16631,,2026 UFA,1,
2026,1,17156,,2026 UFA,1,
2026,1,11317,,2026 UFA,1,
2026,1,8930,,2026 UFA,1,
2026,1,14210,,2026 UFA,1,
2026,1,15650,,2026 UFA,1,
2026,1,17532,,2026 UFA,1,
2026,1,17321,,2026 UFA,1,
2026,1,17780,,2026 UFA,1,
2026,1,17360,,2026 UFA,1,
2026,1,17677,,2026 UFA,1,
2026,1,16380,,2026 UFA,1,
2026,1,17293,,2026 UFA,1,
2026,1,14848,,2026 UFA,1,
2026,1,17649,,2026 UFA,1,
2026,1,17631,,2026 UFA,1,
2026,1,17801,,2026 UFA,1,locked
2026,1,15905,,2026 UFA,1,
2026,1,16701,,2026 UFA,1,
2026,1,16332,,2026 UFA,1,
2026,1,17564,,2026 UFA,1,
2026,1,17166,,2026 UFA,1,
2026,1,14186,,2026 UFA,1,
2026,1,16586,,2026 UFA,1,
2026,1,17374,,2026 UFA,1,
2026,1,15998,,2026 UFA,1,
2026,1,12802,,2026 UFA,1,
2026,1,14839,,2026 UFA,1,
2026,1,17741,,2026 UFA,1,
2026,1,13245,,2026 UFA,1,
2026,1,17749,,2026 UFA,1,
2026,1,12698,,2026 UFA,1,
2026,1,17223,,2026 UFA,1,
2026,1,16334,,2026 UFA,1,
2026,1,17326,,2026 UFA,1,
2026,1,14672,,2026 UFA,1,
2026,1,13293,,2026 UFA,1,
2026,1,17602,,2026 UFA,1,
2026,1,17484,,2026 UFA,1,
2026,1,17362,,2026 UFA,1,
2026,1,17798,,2026 UFA,1,
2026,1,16926,,2026 UFA,1,
2026,1,17725,,2026 UFA,1,
2026,1,16706,,2026 UFA,1,
2026,1,16422,,2026 UFA,1,
2026,1,14123,,2026 UFA,1,
2026,1,17077,,2026 UFA,1,
2026,1,17142,,2026 UFA,1,
2026,1,14727,,2026 UFA,1,
2026,1,13168,,2026 UFA,1,
2026,1,15538,,2026 UFA,1,
2026,1,13455,,2026 UFA,1,
2026,1,16623,,2026 UFA,1,
2026,1,15399,,2026 UFA,1,
2026,1,16720,,2026 UFA,1,
2026,1,16933,,2026 UFA,1,
2026,1,17738,,2026 UFA,1,
2026,1,17322,,2026 UFA,1,
2026,1,16869,,2026 UFA,1,
2026,1,15697,,2026 UFA,1,
2026,1,15910,,2026 UFA,1,
2026,1,16363,,2026 UFA,1,
2026,1,17187,,2026 UFA,1,
2026,1,16242,,2026 UFA,1,
2026,1,17642,,2026 UFA,1,
2026,1,17515,,2026 UFA,1,
2026,1,7394,,2026 UFA,1,
2026,1,15726,,2026 UFA,1,
2026,1,16347,,2026 UFA,1,
2026,1,17522,,2026 UFA,1,
2026,1,12831,,2026 UFA,1,
2026,1,17204,,2026 UFA,1,
2026,1,15920,,2026 UFA,1,
2026,1,13434,,2026 UFA,1,
2026,1,17748,,2026 UFA,1,
2026,1,15622,,2026 UFA,1,
2026,1,15907,,2026 UFA,1,
2026,1,16310,,2026 UFA,1,
2026,1,16748,,2026 UFA,1,
2026,1,17682,,2026 UFA,1,
2026,1,15936,,2026 UFA,1,
2026,1,17251,,2026 UFA,1,
2026,1,17176,,2026 UFA,1,
2026,1,15914,,2026 UFA,1,
2026,1,16907,,2026 UFA,1,
2026,1,16405,,2026 UFA,1,
2026,1,15684,,2026 UFA,1,
2026,1,15763,,2026 UFA,1,
2026,1,17041,,2026 UFA,1,
2026,1,17549,,2026 UFA,1,
2026,1,16308,,2026 UFA,1,
2026,1,17566,,2026 UFA,1,
2026,1,17673,,2026 UFA,1,
2026,1,17407,,2026 UFA,1,
2026,1,15796,,2026 UFA,1,
2026,1,13595,,2026 UFA,1,
2026,1,14834,,2026 UFA,1,
2026,1,15413,,2026 UFA,1,
2026,1,17385,,2026 UFA,1,
2026,1,13124,,2026 UFA,1,
2026,1,16307,,2026 UFA,1,
2026,1,16496,,2026 UFA,1,
2026,1,17696,,2026 UFA,1,
2026,1,16292,,2026 UFA,1,
2026,1,14065,,2026 UFA,1,
2026,1,15408,,2026 UFA,1,
2026,1,14146,,2026 UFA,1,
2026,1,15384,,2026 UFA,1,
2026,1,13157,,2026 UFA,1,
2026,1,15975,,2026 UFA,1,
2026,1,16231,,2026 UFA,1,
2026,1,16643,,2026 UFA,1,
2026,1,13832,,2026 UFA,1,
2026,1,14079,,2026 UFA,1,
2026,1,17062,,2026 UFA,1,
2026,1,13315,,2026 UFA,1,
2026,1,17434,,2026 UFA,1,
2026,1,14215,,2026 UFA,1,
2026,1,14197,,2026 UFA,1,
2026,1,17116,,2026 UFA,1,
2026,1,16850,,2026 UFA,1,
2026,1,16045,,2026 UFA,1,
2026,1,16221,,2026 UFA,1,
2026,1,16600,,2026 UFA,1,
2026,1,16317,,2026 UFA,1,
2026,1,17694,,2026 UFA,1,
2026,1,16205,,2026 UFA,1,
2026,1,17337,,2026 UFA,1,
2026,1,15257,,2026 UFA,1,
2026,1,13694,,2026 UFA,1,
2026,1,16461,,2026 UFA,1,
2026,1,16238,,2026 UFA,1,
2026,1,17658,,2026 UFA,1,
2026,1,17660,,2026 UFA,1,
2026,1,16451,,2026 UFA,1,
2026,1,17785,,2026 UFA,1,
2026,1,14838,,2026 UFA,1,
2026,1,12658,,2026 UFA,1,
2026,1,13893,,2026 UFA,1,
2026,1,16601,,2026 UFA,1,
2026,1,16210,,2026 UFA,1,
2026,1,12381,,2026 UFA,1,
2026,1,14110,,2026 UFA,1,
2026,1,17388,,2026 UFA,1,
2026,1,14887,,2026 UFA,1,
2026,1,12767,,2026 UFA,1,
2026,1,17312,,2026 UFA,1,
2026,1,16745,,2026 UFA,1,
2026,1,16483,,2026 UFA,1,
2026,1,14613,,2026 UFA,1,
2026,1,14080,,2026 UFA,1,
2026,1,16247,,2026 UFA,1,
2026,1,15491,,2026 UFA,1,
2026,1,15446,,2026 UFA,1,
2026,1,17793,,2026 UFA,1,
2026,1,11348,,2026 UFA,1,
2026,1,14122,,2026 UFA,1,
2026,1,17745,,2026 UFA,1,
2026,1,16682,,2026 UFA,1,
2026,1,14600,,2026 UFA,1,
2026,1,16113,,2026 UFA,1,
2026,1,16686,,2026 UFA,1,
2026,1,17675,,2026 UFA,1,
2026,1,17175,,2026 UFA,1,
2026,1,17751,,2026 UFA,1,
2026,1,17049,,2026 UFA,1,
2026,1,16243,,2026 UFA,1,
2026,1,16321,,2026 UFA,1,
2026,1,17732,,2026 UFA,1,
2026,1,14141,,2026 UFA,1,
2026,1,17168,,2026 UFA,1,
2026,1,13193,,2026 UFA,1,
2026,1,16258,,2026 UFA,1,
2026,1,12270,,2026 UFA,1,
2026,1,16319,,2026 UFA,1,
2026,1,17224,,2026 UFA,1,
2026,1,13811,,2026 UFA,1,
2026,1,16428,,2026 UFA,1,
2026,1,12301,,2026 UFA,1,
2026,1,15434,,2026 UFA,1,
2026,1,13156,,2026 UFA,1,
2026,1,16741,,2026 UFA,1,
2026,1,13267,,2026 UFA,1,
2026,1,17424,,2026 UFA,1,
2026,1,13676,,2026 UFA,1,
2026,1,15515,,2026 UFA,1,
2026,1,16749,,2026 UFA,1,
2026,1,16647,,2026 UFA,1,
2026,1,17680,,2026 UFA,1,
2026,1,15939,,2026 UFA,1,
2026,1,16345,,2026 UFA,1,
2026,1,14257,,2026 UFA,1,
2026,1,16870,,2026 UFA,1,
2026,1,15392,,2026 UFA,1,
2026,1,17330,,2026 UFA,1,
2026,1,16911,,2026 UFA,1,
2026,1,16612,,2026 UFA,1,
2026,1,15405,,2026 UFA,1,
2026,1,17726,,2026 UFA,1,
2026,1,16878,,2026 UFA,1,
2026,1,13736,,2026 UFA,1,
2026,1,17488,,2026 UFA,1,
2026,1,14069,,2026 UFA,1,
2026,1,14063,,2026 UFA,1,
2026,1,16754,,2026 UFA,1,
2026,1,16091,,2026 UFA,1,
2026,1,16344,,2026 UFA,1,
2026,1,15377,,2026 UFA,1,
2026,1,15541,,2026 UFA,1,
2026,1,15003,,2026 UFA,1,
2026,1,16011,,2026 UFA,1,
2026,1,16642,,2026 UFA,1,
2026,1,17743,,2026 UFA,1,
2026,1,13769,,2026 UFA,1,
2026,1,17397,,2026 UFA,1,
2026,1,14979,,2026 UFA,1,
2026,1,17730,,2026 UFA,1,
2026,1,15733,,2026 UFA,1,
2026,1,17217,,2026 UFA,1,
2026,1,15498,,2026 UFA,1,
2026,1,17707,,2026 UFA,1,
2026,1,17650,,2026 UFA,1,
2026,1,14292,,2026 UFA,1,
2026,1,15353,,2026 UFA,1,
2026,1,17198,,2026 UFA,1,
2026,1,16419,,2026 UFA,1,
2026,1,14778,,2026 UFA,1,
2026,1,14212,,2026 UFA,1,
2026,1,16726,,2026 UFA,1,
2026,1,15173,,2026 UFA,1,
2026,1,14200,,2026 UFA,1,
2026,1,14923,,2026 UFA,1,
2026,1,17487,,2026 UFA,1,
2026,1,15926,,2026 UFA,1,
2026,1,15440,,2026 UFA,1,
2026,1,16817,,2026 UFA,1,
2026,1,14817,,2026 UFA,1,
2026,1,17427,,2026 UFA,1,
2026,1,16724,,2026 UFA,1,
2026,1,13316,,2026 UFA,1,
2026,1,10413,,2026 UFA,1,
2026,1,15859,,2026 UFA,1,
2026,1,11938,,2026 UFA,1,
2026,1,15946,,2026 UFA,1,
2026,1,17764,,2026 UFA,1,
2026,1,14963,,2026 UFA,1,
2026,1,13678,,2026 UFA,1,
2026,1,17753,,2026 UFA,1,
2026,1,17608,,2026 UFA,1,
2026,1,16472,,2026 UFA,1,
2026,1,17525,,2026 UFA,1,
2026,1,17771,,2026 UFA,1,
2026,1,13199,,2026 UFA,1,
2026,1,13953,,2026 UFA,1,
2026,1,16658,,2026 UFA,1,
2026,1,15977,,2026 UFA,1,
2026,1,17767,,2026 UFA,1,
2026,1,17663,,2026 UFA,1,
2026,1,12231,,2026 UFA,1,
2026,1,15699,,2026 UFA,1,
2026,1,14207,,2026 UFA,1,
2026,1,17357,,2026 UFA,1,
2026,1,17761,,2026 UFA,1,
2026,1,16624,,2026 UFA,1,
2026,1,14161,,2026 UFA,1,
2026,1,16923,,2026 UFA,1,
2026,1,15824,,2026 UFA,1,
2026,1,16403,,2026 UFA,1,
2026,1,16858,,2026 UFA,1,
2026,1,17242,,2026 UFA,1,
2026,1,13260,,2026 UFA,1,
2026,1,15289,,2026 UFA,1,
2026,1,15492,,2026 UFA,1,
2026,1,16036,,2026 UFA,1,
2026,1,13427,,2026 UFA,1,
2026,1,15841,,2026 UFA,1,
2026,1,15051,,2026 UFA,1,
2026,1,16120,,2026 UFA,1,
2026,1,17655,,2026 UFA,1,
2026,1,15242,,2026 UFA,1,
2026,1,14870,,2026 UFA,1,
2026,1,17489,,2026 UFA,1,
2026,1,15332,,2026 UFA,1,
2026,1,16664,,2026 UFA,1,
2026,1,15379,,2026 UFA,1,
2026,1,10976,,2026 UFA,1,
2026,1,17728,,2026 UFA,1,
2026,1,15359,,2026 UFA,1,
2026,1,15458,,2026 UFA,1,
2026,1,16160,,2026 UFA,1,
2026,1,13965,,2026 UFA,1,
2026,1,15803,,2026 UFA,1,
2026,1,15995,,2026 UFA,1,
2026,1,17408,,2026 UFA,1,
2026,1,13669,,2026 UFA,1,
2026,1,15376,,2026 UFA,1,
2026,1,15893,,2026 UFA,1,
2026,1,15981,,2026 UFA,1,
2026,1,14675,,2026 UFA,1,
2026,1,17791,,2026 UFA,1,
2026,1,17308,,2026 UFA,1,
2026,1,16743,,2026 UFA,1,
2026,1,11807,,2026 UFA,1,
2026,1,13793,,2026 UFA,1,
2026,1,17796,,2026 UFA,1,
2026,1,16356,,2026 UFA,1,
2026,1,11723,,2026 UFA,1,
2026,1,16527,,2026 UFA,1,
2026,1,17332,,2026 UFA,1,
2026,1,12680,,2026 UFA,1,
2026,1,16176,,2026 UFA,1,
2026,1,16757,,2026 UFA,1,
2026,1,14967,,2026 UFA,1,
2026,1,17734,,2026 UFA,1,
2026,1,17526,,2026 UFA,1,
2026,1,16447,,2026 UFA,1,
2026,1,16821,,2026 UFA,1,
2026,1,10775,,2026 UFA,1,
2026,1,15668,,2026 UFA,1,
2026,1,13306,,2026 UFA,1,
2026,1,17180,,2026 UFA,1,
2026,1,13258,,2026 UFA,1,
2026,1,16621,,2026 UFA,1,
2026,1,17353,,2026 UFA,1,
2026,1,14948,,2026 UFA,1,
2026,1,17538,,2026 UFA,1,
2026,1,16954,,2026 UFA,1,
2026,1,14950,,2026 UFA,1,
2026,1,15285,,2026 UFA,1,
2026,1,15443,,2026 UFA,1,
2026,1,13920,,2026 UFA,1,
2026,1,16304,,2026 UFA,1,
2026,1,12744,,2026 UFA,1,
2026,1,11768,,2026 UFA,1,
2026,1,15510,,2026 UFA,1,
2026,1,14971,,2026 UFA,1,
2026,1,16864,,2026 UFA,1,
2026,1,16760,,2026 UFA,1,
2026,1,16792,,2026 UFA,1,
2026,1,17392,,2026 UFA,1,
2026,1,13211,,2026 UFA,1,
2026,1,17192,,2026 UFA,1,
2026,1,14992,,2026 UFA,1,
2026,1,16803,,2026 UFA,1,
2026,1,15950,,2026 UFA,1,
2026,1,13776,,2026 UFA,1,
2026,1,16774,,2026 UFA,1,
2026,1,16446,,2026 UFA,1,
2026,1,17354,,2026 UFA,1,
2026,1,11985,,2026 UFA,1,
2026,1,17011,,2026 UFA,1,
2026,1,17088,,2026 UFA,1,
2026,1,16634,,2026 UFA,1,
2026,1,15151,,2026 UFA,1,
2026,1,17774,,2026 UFA,1,
2026,1,17089,,2026 UFA,1,
2026,1,17758,,2026 UFA,1,
2026,1,17177,,2026 UFA,1,
2026,1,17678,,2026 UFA,1,
2026,1,15109,,2026 UFA,1,
2026,1,17232,,2026 UFA,1,
2026,1,16839,,2026 UFA,1,
2026,1,17620,,2026 UFA,1,
2026,1,15081,,2026 UFA,1,
2026,1,16516,,2026 UFA,1,
2026,1,16871,,2026 UFA,1,
2026,1,15589,,2026 UFA,1,
2026,1,14168,,2026 UFA,1,
2026,1,13762,,2026 UFA,1,
2026,1,13598,,2026 UFA,1,
2026,1,17084,,2026 UFA,1,
2026,1,17531,,2026 UFA,1,
2026,1,13249,,2026 UFA,1,
2026,1,15714,,2026 UFA,1,
2026,1,13760,,2026 UFA,1,
2026,1,16940,,2026 UFA,1,
2026,1,17404,,2026 UFA,1,
2026,1,16633,,2026 UFA,1,
2026,1,17490,,2026 UFA,1,
2026,1,16312,,2026 UFA,1,
2026,1,16648,,2026 UFA,1,
2026,1,16811,,2026 UFA,1,
2026,1,14162,,2026 UFA,1,
2026,1,15454,,2026 UFA,1,
2026,1,17671,,2026 UFA,1,
2026,1,15585,,2026 UFA,1,
2026,1,13959,,2026 UFA,1,
2026,1,17386,,2026 UFA,1,
2026,1,16630,,2026 UFA,1,
2026,1,13139,,2026 UFA,1,
2026,1,16793,,2026 UFA,1,
2026,1,15559,,2026 UFA,1,
2026,1,15885,,2026 UFA,1,
2026,1,17359,,2026 UFA,1,
2026,1,17396,,2026 UFA,1,
2026,1,13253,,2026 UFA,1,
2026,1,13154,,2026 UFA,1,
2026,1,17495,,2026 UFA,1,
2026,1,15857,,2026 UFA,1,
2026,1,14076,,2026 UFA,1,
2026,1,17618,,2026 UFA,1,
2026,1,17797,,2026 UFA,1,
2026,1,16375,,2026 UFA,1,
2026,1,16367,,2026 UFA,1,
2026,1,13652,,2026 UFA,1,
2026,1,14283,,2026 UFA,1,
2026,1,16432,,2026 UFA,1,
2026,1,14017,,2026 UFA,1,
2026,1,16625,,2026 UFA,1,
2026,1,14928,,2026 UFA,1,
2026,1,15422,,2026 UFA,1,
2026,1,10703,,2026 UFA,1,
2026,1,15239,,2026 UFA,1,
2026,1,12608,,2026 UFA,1,
2026,1,16967,,2026 UFA,1,
2026,1,16762,,2026 UFA,1,
2026,1,13296,,2026 UFA,1,
2026,1,14227,,2026 UFA,1,
2026,1,17693,,2026 UFA,1,
2026,1,13266,,2026 UFA,1,
2026,1,14984,,2026 UFA,1,
2026,1,17250,,2026 UFA,1,
2026,1,15035,,2026 UFA,1,
2026,1,15906,,2026 UFA,1,
2026,1,16989,,2026 UFA,1,
2026,1,17449,,2026 UFA,1,
2026,1,16294,,2026 UFA,1,
2026,1,16913,,2026 UFA,1,
2026,1,15840,,2026 UFA,1,
2026,1,14379,,2026 UFA,1,
2026,1,13325,,2026 UFA,1,
2026,1,15626,,2026 UFA,1,
2026,1,17724,,2026 UFA,1,
2026,1,17382,,2026 UFA,1,
2026,1,14426,,2026 UFA,1,
2026,1,15401,,2026 UFA,1,
2026,1,16523,,2026 UFA,1,
2026,1,14198,,2026 UFA,1,
2026,1,16898,,2026 UFA,1,
2026,1,13754,,2026 UFA,1,
2026,1,15882,,2026 UFA,1,
2026,1,17714,,2026 UFA,1,
2026,1,16273,,2026 UFA,1,
2026,1,15941,,2026 UFA,1,
2026,1,17285,,2026 UFA,1,
2026,1,14592,,2026 UFA,1,
2026,1,15696,,2026 UFA,1,
2026,1,15604,,2026 UFA,1,
2026,1,17666,,2026 UFA,1,
