season,week,id,score,isAvailable
2026,2,15698,67.3,1
2026,2,13116,65.6,1
2026,2,12620,61.4,1
2026,2,13589,57.4,1
2026,2,9431,54.9,1
2026,2,15822,54.0,1
2026,2,16148,47.1,1
2026,2,12611,46.0,1
2026,2,11675,45.5,1
2026,2,14057,44.3,1
2026,2,16185,40.5,1
2026,2,13113,39.5,1
2026,2,16582,38.8,1
2026,2,14832,37.1,1
2026,2,15366,35.5,1
2026,2,17653,35.2,1
2026,2,10700,34.8,1
2026,2,17361,32.0,1
2026,2,15287,31.4,1
2026,2,17039,30.8,1
2026,2,17030,30.7,1
2026,2,14182,30.3,1
2026,2,15845,29.7,1
2026,2,16230,28.3,1
2026,2,16150,28.0,1
2026,2,15836,25.6,1
2026,2,16287,25.3,1
2026,2,16784,25.2,1
2026,2,15694,25.1,1
2026,2,16223,24.5,1
2026,2,15923,24.5,1
2026,2,15346,24.4,1
2026,2,13593,24.1,1
2026,2,14059,24.0,1
2026,2,15282,23.9,1
2026,2,14180,23.7,1
2026,2,14802,23.4,1
2026,2,14783,23.1,1
2026,2,15284,23.1,1
2026,2,13772,23.0,1
2026,2,16303,23.0,1
2026,2,15715,22.3,1
2026,2,14777,22.2,1
2026,2,16279,21.7,1
2026,2,17221,21.3,1
2026,2,11244,21.2,1
2026,2,14163,21.2,1
2026,2,15711,21.1,1
2026,2,16213,21.0,1
2026,2,14218,20.5,1
2026,2,15681,20.1,1
2026,2,15352,20.0,1
2026,2,16719,20.0,1
2026,2,17500,20.0,1
2026,2,12141,19.8,1
2026,2,16731,19.7,1
2026,2,12225,19.4,1
2026,2,16958,19.4,1
2026,2,13251,19.2,1
2026,2,14179,19.0,1
2026,2,15293,18.6,1
2026,2,14997,18.4,1
2026,2,16581,18.3,1
2026,2,14717,18.3,1
2026,2,17584,18.2,1
2026,2,16192,18.1,1
2026,2,13299,18.0,1
2026,2,15364,18.0,1
2026,2,15368,17.8,1
2026,2,13738,17.6,1
2026,2,15281,17.5,1
2026,2,17563,17.5,1
2026,2,13130,17.2,1
2026,2,16162,17.1,1
2026,2,16927,17.0,1
2026,2,13227,16.8,1
2026,2,11150,16.7,1
2026,2,16414,16.6,1
2026,2,15089,16.5,1
2026,2,17769,16.5,1
2026,2,15805,16.5,1
2026,2,15821,16.4,1
2026,2,15787,16.2,1
2026,2,15799,16.1,1
2026,2,12688,16.1,1
2026,2,16580,16.1,1
2026,2,13208,16.1,1
2026,2,16696,16.0,1
2026,2,12186,15.9,1
2026,2,16650,15.9,1
2026,2,16346,15.8,1
2026,2,16913,15.6,1
2026,2,16777,15.3,1
2026,2,15913,15.3,1
2026,2,14782,15.2,1
2026,2,14940,15.1,1
2026,2,15813,15.0,1
2026,2,13888,15.0,1
2026,2,17174,15.0,1
2026,2,16593,14.9,1
2026,2,12626,14.9,1
2026,2,16677,14.8,1
2026,2,17071,14.7,1
2026,2,15754,14.7,1
2026,2,17072,14.6,1
2026,2,12735,14.6,1
2026,2,12263,14.6,1
2026,2,17137,14.6,1
2026,2,14927,14.5,1
2026,2,14933,14.3,1
2026,2,16276,14.2,1
2026,2,13718,14.2,1
2026,2,15387,14.1,1
2026,2,16452,14.1,1
2026,2,16194,14.1,1
2026,2,14957,14.0,1
2026,2,17579,14.0,1
2026,2,16660,14.0,1
2026,2,14405,14.0,1
2026,2,14835,14.0,1
2026,2,17123,14.0,1
2026,2,14249,13.9,1
2026,2,12697,13.9,1
2026,2,16896,13.9,1
2026,2,16195,13.8,1
2026,2,15357,13.7,1
2026,2,13681,13.7,1
2026,2,15377,13.5,1
2026,2,12741,13.5,1
2026,2,17606,13.5,1
2026,2,16712,13.5,1
2026,2,15395,13.4,1
2026,2,16794,13.1,1
2026,2,17169,13.1,1
2026,2,14235,13.0,1
2026,2,13214,13.0,1
2026,2,15753,12.9,1
2026,2,15884,12.8,1
2026,2,17073,12.8,1
2026,2,15589,12.8,1
2026,2,17043,12.7,1
2026,2,17551,12.7,1
2026,2,15721,12.6,1
2026,2,16251,12.6,1
2026,2,14896,12.5,1
2026,2,17613,12.5,1
2026,2,13590,12.5,1
2026,2,14943,12.5,1
2026,2,14951,12.5,1
2026,2,16344,12.5,1
2026,2,15710,12.4,1
2026,2,16214,12.4,1
2026,2,15261,12.3,1
2026,2,14861,12.2,1
2026,2,15812,12.2,1
2026,2,17120,12.1,1
2026,2,17131,12.0,1
2026,2,17129,12.0,1
2026,2,17146,12.0,1
2026,2,17044,12.0,1
2026,2,15834,12.0,1
2026,2,16187,11.9,1
2026,2,17164,11.8,1
2026,2,14956,11.8,1
2026,2,15779,11.7,1
2026,2,16617,11.6,1
2026,2,13163,11.6,1
2026,2,15355,11.5,1
2026,2,14157,11.5,1
2026,2,14244,11.5,1
2026,2,16681,11.4,1
2026,2,16268,11.4,1
2026,2,16178,11.3,1
2026,2,16419,11.2,1
2026,2,17121,11.2,1
2026,2,13764,11.1,1
2026,2,16474,11.1,1
2026,2,13303,11.1,1
2026,2,16228,11.0,1
2026,2,13319,11.0,1
2026,2,17052,10.9,1
2026,2,11671,10.8,1
2026,2,16241,10.8,1
2026,2,14905,10.8,1
2026,2,15833,10.8,1
2026,2,15253,10.7,1
2026,2,13743,10.7,1
2026,2,14877,10.7,1
2026,2,13707,10.6,1
2026,2,17251,10.6,1
2026,2,17477,10.6,1
2026,2,15319,10.6,1
2026,2,17619,10.6,1
2026,2,16708,10.5,1
2026,2,14925,10.5,1
2026,2,17577,10.5,1
2026,2,16284,10.5,1
2026,2,16281,10.5,1
2026,2,16679,10.5,1
2026,2,15814,10.4,1
2026,2,16267,10.4,1
2026,2,11721,10.3,1
2026,2,16639,10.3,1
2026,2,17624,10.2,1
2026,2,17189,10.2,1
2026,2,12645,10.2,1
2026,2,14161,10.1,1
2026,2,16245,10.0,1
2026,2,16369,10.0,1
2026,2,15358,10.0,1
2026,2,14303,10.0,1
2026,2,14159,10.0,1
2026,2,15856,10.0,1
2026,2,16432,9.9,1
2026,2,12301,9.9,1
2026,2,15708,9.9,1
2026,2,13848,9.8,1
2026,2,16788,9.8,1
2026,2,15751,9.8,1
2026,2,17107,9.8,1
2026,2,15375,9.8,1
2026,2,14899,9.8,1
2026,2,16809,9.7,1
2026,2,15353,9.6,1
2026,2,17162,9.6,1
2026,2,15384,9.6,1
2026,2,17075,9.6,1
2026,2,17589,9.5,1
2026,2,13759,9.5,1
2026,2,15428,9.5,1
2026,2,17172,9.5,1
2026,2,17147,9.5,1
2026,2,14930,9.5,1
2026,2,17125,9.5,1
2026,2,16009,9.5,1
2026,2,13744,9.5,1
2026,2,14995,9.5,1
2026,2,15362,9.4,1
2026,2,11367,9.4,1
2026,2,14219,9.4,1
2026,2,17191,9.2,1
2026,2,17333,9.2,1
2026,2,12221,9.2,1
2026,2,15361,9.2,1
2026,2,14630,9.1,1
2026,2,17190,9.0,1
2026,2,15409,9.0,1
2026,2,17207,9.0,1
2026,2,17161,9.0,1
2026,2,10266,9.0,1
2026,2,15869,9.0,1
2026,2,14251,9.0,1
2026,2,15831,9.0,1
2026,2,16598,9.0,1
2026,2,15173,9.0,1
2026,2,16300,9.0,1
2026,2,13791,9.0,1
2026,2,14590,9.0,1
2026,2,17576,9.0,1
2026,2,17182,8.9,1
2026,2,17112,8.8,1
2026,2,17103,8.8,1
2026,2,14888,8.8,1
2026,2,13223,8.8,1
2026,2,15349,8.7,1
2026,2,13284,8.7,1
2026,2,17256,8.7,1
2026,2,15904,8.6,1
2026,2,15950,8.6,1
2026,2,14974,8.6,1
2026,2,16145,8.6,1
2026,2,14170,8.5,1
2026,2,14328,8.5,1
2026,2,17736,8.5,1
2026,2,16450,8.5,1
2026,2,13298,8.5,1
2026,2,16282,8.5,1
2026,2,15716,8.4,1
2026,2,14412,8.4,1
2026,2,12698,8.4,1
2026,2,17114,8.4,1
2026,2,16621,8.4,1
2026,2,17339,8.4,1
2026,2,16724,8.3,1
2026,2,17127,8.2,1
2026,2,16727,8.2,1
2026,2,17788,8.2,1
2026,2,17761,8.1,1
2026,2,16616,8.1,1
2026,2,15001,8.0,1
2026,2,16716,8.0,1
2026,2,15397,8.0,1
2026,2,16513,8.0,1
2026,2,11383,8.0,1
2026,2,15742,7.9,1
2026,2,13671,7.8,1
2026,2,15237,7.8,1
2026,2,16672,7.8,1
2026,2,15380,7.8,1
2026,2,17581,7.7,1
2026,2,15794,7.7,1
2026,2,16670,7.6,1
2026,2,17622,7.6,1
2026,2,15894,7.6,1
2026,2,17142,7.6,1
2026,2,11757,7.5,1
2026,2,14836,7.5,1
2026,2,16234,7.5,1
2026,2,15846,7.5,1
2026,2,17560,7.5,1
2026,2,12802,7.5,1
2026,2,13322,7.5,1
2026,2,15832,7.4,1
2026,2,13260,7.4,1
2026,2,14037,7.4,1
2026,2,16233,7.3,1
2026,2,12219,7.3,1
2026,2,13802,7.2,1
2026,2,16265,7.1,1
2026,2,17099,7.1,1
2026,2,17066,7.1,1
2026,2,14221,7.0,1
2026,2,16690,7.0,1
2026,2,17474,7.0,1
2026,2,16654,7.0,1
2026,2,13933,7.0,1
2026,2,14982,7.0,1
2026,2,13199,7.0,1
2026,2,17195,7.0,1
2026,2,14979,7.0,1
2026,2,16693,7.0,1
2026,2,16663,7.0,1
2026,2,15418,7.0,1
2026,2,14085,7.0,1
2026,2,17640,7.0,1
2026,2,16278,7.0,1
2026,2,17586,7.0,1
2026,2,14985,7.0,1
2026,2,16333,7.0,1
2026,2,16013,7.0,1
2026,2,17261,7.0,1
2026,2,12739,7.0,1
2026,2,15461,7.0,1
2026,2,16684,6.9,1
2026,2,16298,6.9,1
2026,2,15911,6.9,1
2026,2,12785,6.8,1
2026,2,17079,6.8,1
2026,2,13844,6.8,1
2026,2,16734,6.8,1
2026,2,12610,6.7,1
2026,2,13869,6.7,1
2026,2,15386,6.7,1
2026,2,16161,6.7,1
2026,2,16673,6.6,1
2026,2,17180,6.6,1
2026,2,17200,6.6,1
2026,2,16627,6.5,1
2026,2,17145,6.5,1
2026,2,13066,6.5,1
2026,2,13447,6.5,1
2026,2,14247,6.5,1
2026,2,16754,6.5,1
2026,2,14169,6.5,1
2026,2,16494,6.5,1
2026,2,15921,6.5,1
2026,2,15124,6.4,1
2026,2,16288,6.4,1
2026,2,16714,6.2,1
2026,2,17086,6.2,1
2026,2,16164,6.1,1
2026,2,12956,6.1,1
2026,2,16626,6.1,1
2026,2,17607,6.0,1
2026,2,13813,6.0,1
2026,2,17184,6.0,1
2026,2,16928,6.0,1
2026,2,17616,6.0,1
2026,2,14907,6.0,1
2026,2,13201,6.0,1
2026,2,16651,6.0,1
2026,2,12676,6.0,1
2026,2,15404,6.0,1
2026,2,14953,6.0,1
2026,2,14302,6.0,1
2026,2,15626,6.0,1
2026,2,17568,5.9,1
2026,2,15032,5.9,1
2026,2,13354,5.9,1
2026,2,14904,5.9,1
2026,2,15452,5.8,1
2026,2,16887,5.8,1
2026,2,14823,5.8,1
2026,2,14198,5.8,1
2026,2,13294,5.7,1
2026,2,14127,5.6,1
2026,2,16167,5.6,1
2026,2,10816,5.5,1
2026,2,15808,5.5,1
2026,2,15985,5.5,1
2026,2,17773,5.5,1
2026,2,13737,5.5,1
2026,2,15378,5.5,1
2026,2,14171,5.5,1
2026,2,16653,5.5,1
2026,2,13723,5.5,1
2026,2,16235,5.5,1
2026,2,15051,5.5,1
2026,2,14971,5.5,1
2026,2,13697,5.5,1
2026,2,15390,5.5,1
2026,2,14467,5.5,1
2026,2,17250,5.5,1
2026,2,16700,5.5,1
2026,2,15863,5.5,1
2026,2,16620,5.5,1
2026,2,16695,5.4,1
2026,2,16675,5.4,1
2026,2,15941,5.4,1
2026,2,13731,5.4,1
2026,2,16723,5.3,1
2026,2,17102,5.3,1
2026,2,15859,5.2,1
2026,2,15888,5.2,1
2026,2,13774,5.2,1
2026,2,17187,5.2,1
2026,2,15766,5.2,1
2026,2,17588,5.0,1
2026,2,13693,5.0,1
2026,2,13694,5.0,1
2026,2,16596,5.0,1
2026,2,16296,5.0,1
2026,2,16246,5.0,1
2026,2,13696,5.0,1
2026,2,17194,5.0,1
2026,2,14893,5.0,1
2026,2,17135,5.0,1
2026,2,15839,5.0,1
2026,2,14256,5.0,1
2026,2,17556,5.0,1
2026,2,15446,5.0,1
2026,2,14901,5.0,1
2026,2,14149,5.0,1
2026,2,15875,5.0,1
2026,2,13770,5.0,1
2026,2,14924,4.8,1
2026,2,15933,4.8,1
2026,2,14797,4.8,1
2026,2,15718,4.8,1
2026,2,17080,4.8,1
2026,2,15802,4.6,1
2026,2,17592,4.6,1
2026,2,15756,4.6,1
2026,2,16698,4.6,1
2026,2,14136,4.5,1
2026,2,17078,4.5,1
2026,2,15815,4.5,1
2026,2,17330,4.5,1
2026,2,17136,4.5,1
2026,2,16738,4.5,1
2026,2,17626,4.5,1
2026,2,13714,4.5,1
2026,2,14909,4.5,1
2026,2,14910,4.5,1
2026,2,13810,4.5,1
2026,2,11769,4.5,1
2026,2,13837,4.5,1
2026,2,13288,4.5,1
2026,2,16165,4.5,1
2026,2,16532,4.5,1
2026,2,16697,4.5,1
2026,2,15393,4.5,1
2026,2,17555,4.5,1
2026,2,11327,4.5,1
2026,2,12218,4.5,1
2026,2,17177,4.5,1
2026,2,15668,4.5,1
2026,2,16012,4.4,1
2026,2,17277,4.4,1
2026,2,17642,4.4,1
2026,2,16619,4.4,1
2026,2,16181,4.4,1
2026,2,16193,4.4,1
2026,2,15445,4.4,1
2026,2,14239,4.3,1
2026,2,17777,4.3,1
2026,2,15331,4.3,1
2026,2,14138,4.3,1
2026,2,15727,4.3,1
2026,2,15761,4.1,1
2026,2,16239,4.1,1
2026,2,17155,4.0,1
2026,2,16227,4.0,1
2026,2,16018,4.0,1
2026,2,14153,4.0,1
2026,2,11723,4.0,1
2026,2,16787,4.0,1
2026,2,16253,4.0,1
2026,2,17611,4.0,1
2026,2,13769,4.0,1
2026,2,14155,4.0,1
2026,2,17153,4.0,1
2026,2,12305,4.0,1
2026,2,17211,4.0,1
2026,2,17632,4.0,1
2026,2,17193,4.0,1
2026,2,14894,4.0,1
2026,2,11286,4.0,1
2026,2,14954,4.0,1
2026,2,17767,4.0,1
2026,2,16305,4.0,1
2026,2,13987,4.0,1
2026,2,16735,4.0,1
2026,2,15365,4.0,1
2026,2,15140,4.0,1
2026,2,15881,4.0,1
2026,2,15356,4.0,1
2026,2,16940,3.9,1
2026,2,16262,3.7,1
2026,2,16629,3.6,1
2026,2,15862,3.6,1
2026,2,13963,3.6,1
2026,2,14600,3.6,1
2026,2,15895,3.6,1
2026,2,16019,3.5,1
2026,2,14225,3.5,1
2026,2,13629,3.5,1
2026,2,17132,3.5,1
2026,2,17124,3.5,1
2026,2,15345,3.5,1
2026,2,17580,3.5,1
2026,2,15860,3.5,1
2026,2,14518,3.5,1
2026,2,17680,3.5,1
2026,2,13164,3.5,1
2026,2,17629,3.5,1
2026,2,16072,3.5,1
2026,2,15835,3.5,1
2026,2,16667,3.5,1
2026,2,17472,3.5,1
2026,2,15850,3.5,1
2026,2,13189,3.4,1
2026,2,11936,3.4,1
2026,2,17574,3.4,1
2026,2,17108,3.4,1
2026,2,15880,3.4,1
2026,2,17561,3.4,1
2026,2,13431,3.4,1
2026,2,13133,3.4,1
2026,2,14209,3.3,1
2026,2,16080,3.3,1
2026,2,16898,3.3,1
2026,2,16351,3.3,1
2026,2,13281,3.2,1
2026,2,14434,3.2,1
2026,2,14252,3.2,1
2026,2,17668,3.2,1
2026,2,15129,3.2,1
2026,2,15795,3.2,1
2026,2,15565,3.1,1
2026,2,14168,3.1,1
2026,2,13289,3.1,1
2026,2,17081,3.1,1
2026,2,17511,3.0,1
2026,2,17160,3.0,1
2026,2,17582,3.0,1
2026,2,14908,3.0,1
2026,2,14947,3.0,1
2026,2,14322,3.0,1
2026,2,17672,3.0,1
2026,2,17165,3.0,1
2026,2,14151,3.0,1
2026,2,13630,3.0,1
2026,2,17181,3.0,1
2026,2,15809,3.0,1
2026,2,14880,3.0,1
2026,2,13798,3.0,1
2026,2,17695,3.0,1
2026,2,14147,3.0,1
2026,2,16689,3.0,1
2026,2,10292,3.0,1
2026,2,17674,3.0,1
2026,2,16678,3.0,1
2026,2,16657,3.0,1
2026,2,15861,3.0,1
2026,2,16455,3.0,1
2026,2,15853,3.0,1
2026,2,16460,3.0,1
2026,2,15396,3.0,1
2026,2,17575,3.0,1
2026,2,16485,3.0,1
2026,2,16257,3.0,1
2026,2,17603,3.0,1
2026,2,10783,3.0,1
2026,2,14897,3.0,1
2026,2,13692,3.0,1
2026,2,16780,3.0,1
2026,2,17167,3.0,1
2026,2,16786,3.0,1
2026,2,15851,3.0,1
2026,2,16870,3.0,1
2026,2,17126,3.0,1
2026,2,13717,3.0,1
2026,2,16520,3.0,1
2026,2,14167,3.0,1
2026,2,14217,3.0,1
2026,2,16516,3.0,1
2026,2,14148,3.0,1
2026,2,15789,2.9,1
2026,2,12842,2.9,1
2026,2,16269,2.9,1
2026,2,17599,2.8,1
2026,2,17510,2.8,1
2026,2,15301,2.8,1
2026,2,17512,2.8,1
2026,2,17478,2.8,1
2026,2,12437,2.8,1
2026,2,14227,2.8,1
2026,2,14800,2.7,1
2026,2,14083,2.7,1
2026,2,12711,2.7,1
2026,2,14669,2.6,1
2026,2,16630,2.6,1
2026,2,15892,2.5,1
2026,2,16457,2.5,1
2026,2,12754,2.5,1
2026,2,13782,2.5,1
2026,2,13332,2.5,1
2026,2,13832,2.5,1
2026,2,16713,2.5,1
2026,2,17239,2.5,1
2026,2,14143,2.5,1
2026,2,17552,2.5,1
2026,2,16266,2.5,1
2026,2,16271,2.5,1
2026,2,17765,2.5,1
2026,2,15762,2.5,1
2026,2,11872,2.5,1
2026,2,15877,2.5,1
2026,2,16102,2.5,1
2026,2,15817,2.5,1
2026,2,17204,2.5,1
2026,2,14892,2.5,1
2026,2,16647,2.5,1
2026,2,14815,2.5,1
2026,2,13682,2.5,1
2026,2,16662,2.5,1
2026,2,16376,2.5,1
2026,2,17666,2.5,1
2026,2,16384,2.5,1
2026,2,11793,2.5,1
2026,2,12234,2.5,1
2026,2,17785,2.4,1
2026,2,16954,2.4,1
2026,2,12860,2.4,1
2026,2,17497,2.4,1
2026,2,14919,2.4,1
2026,2,16846,2.4,1
2026,2,17507,2.3,1
2026,2,17499,2.3,1
2026,2,15868,2.2,1
2026,2,16702,2.2,1
2026,2,17143,2.2,1
2026,2,16261,2.2,1
2026,2,15499,2.2,1
2026,2,16387,2.2,1
2026,2,15768,2.2,1
2026,2,16736,2.2,1
2026,2,17222,2.2,1
2026,2,16370,2.2,1
2026,2,13678,2.2,1
2026,2,16366,2.2,1
2026,2,13920,2.2,1
2026,2,16778,2.1,1
2026,2,17051,2.1,1
2026,2,17109,2.1,1
2026,2,16666,2.0,1
2026,2,16869,2.0,1
2026,2,13767,2.0,1
2026,2,14154,2.0,1
2026,2,17746,2.0,1
2026,2,15595,2.0,1
2026,2,16912,2.0,1
2026,2,16749,2.0,1
2026,2,17753,2.0,1
2026,2,17150,2.0,1
2026,2,16618,2.0,1
2026,2,15676,2.0,1
2026,2,14672,2.0,1
2026,2,12677,2.0,1
2026,2,16664,2.0,1
2026,2,17016,2.0,1
2026,2,14926,2.0,1
2026,2,17628,2.0,1
2026,2,17503,2.0,1
2026,2,16328,2.0,1
2026,2,17076,2.0,1
2026,2,12772,2.0,1
2026,2,16058,2.0,1
2026,2,16729,2.0,1
2026,2,17449,2.0,1
2026,2,17201,2.0,1
2026,2,16923,2.0,1
2026,2,17630,2.0,1
2026,2,15194,2.0,1
2026,2,16883,2.0,1
2026,2,17554,2.0,1
2026,2,17778,2.0,1
2026,2,17415,2.0,1
2026,2,15797,1.9,1
2026,2,16601,1.8,1
2026,2,15946,1.8,1
2026,2,15757,1.8,1
2026,2,17157,1.7,1
2026,2,16610,1.7,1
2026,2,12155,1.6,1
2026,2,17105,1.6,1
2026,2,14086,1.6,1
2026,2,13268,1.6,1
2026,2,17196,1.5,1
2026,2,17597,1.5,1
2026,2,17032,1.5,1
2026,2,14978,1.5,1
2026,2,15898,1.5,1
2026,2,15469,1.5,1
2026,2,15256,1.5,1
2026,2,16367,1.5,1
2026,2,13448,1.5,1
2026,2,14237,1.5,1
2026,2,15857,1.5,1
2026,2,16294,1.5,1
2026,2,13839,1.5,1
2026,2,16280,1.5,1
2026,2,15899,1.5,1
2026,2,17557,1.5,1
2026,2,16263,1.5,1
2026,2,17202,1.5,1
2026,2,12361,1.5,1
2026,2,14921,1.5,1
2026,2,15975,1.5,1
2026,2,17485,1.5,1
2026,2,17223,1.5,1
2026,2,17602,1.5,1
2026,2,16324,1.5,1
2026,2,9051,1.5,1
2026,2,15391,1.5,1
2026,2,17055,1.5,1
2026,2,17149,1.5,1
2026,2,16894,1.5,1
2026,2,17665,1.5,1
2026,2,17389,1.5,1
2026,2,17410,1.5,1
2026,2,16608,1.5,1
2026,2,13317,1.5,1
2026,2,15819,1.5,1
2026,2,17583,1.5,1
2026,2,12758,1.5,1
2026,2,13719,1.5,1
2026,2,14934,1.5,1
2026,2,17158,1.5,1
2026,2,16383,1.5,1
2026,2,17229,1.5,1
2026,2,17601,1.5,1
2026,2,14270,1.5,1
2026,2,17636,1.5,1
2026,2,16219,1.4,1
2026,2,14105,1.4,1
2026,2,17070,1.4,1
2026,2,17543,1.4,1
2026,2,17501,1.4,1
2026,2,17726,1.3,1
2026,2,15712,1.3,1
2026,2,12752,1.3,1
2026,2,17751,1.2,1
2026,2,17609,1.2,1
2026,2,17649,1.2,1
2026,2,17141,1.2,1
2026,2,17572,1.2,1
2026,2,17427,1.2,1
2026,2,13270,1.2,1
2026,2,17573,1.2,1
2026,2,17168,1.2,1
2026,2,15989,1.2,1
2026,2,14918,1.2,1
2026,2,16703,1.2,1
2026,2,16391,1.2,1
2026,2,17567,1.1,1
2026,2,16325,1.1,1
2026,2,16212,1.1,1
2026,2,13604,1.0,1
2026,2,17144,1.0,1
2026,2,16759,1.0,1
2026,2,16254,1.0,1
2026,2,14319,1.0,1
2026,2,17376,1.0,1
2026,2,17343,1.0,1
2026,2,13325,1.0,1
2026,2,17355,1.0,1
2026,2,14962,1.0,1
2026,2,15823,1.0,1
2026,2,16757,1.0,1
2026,2,14495,1.0,1
2026,2,17134,1.0,1
2026,2,17776,1.0,1
2026,2,16138,1.0,1
2026,2,15413,1.0,1
2026,2,17689,1.0,1
2026,2,17614,1.0,1
2026,2,14911,1.0,1
2026,2,14164,1.0,1
2026,2,17623,1.0,1
2026,2,14224,1.0,1
2026,2,16710,1.0,1
2026,2,16264,1.0,1
2026,2,17118,1.0,1
2026,2,14942,1.0,1
2026,2,17350,1.0,1
2026,2,17175,1.0,1
2026,2,11945,1.0,1
2026,2,17771,1.0,1
2026,2,17365,1.0,1
2026,2,15956,1.0,1
2026,2,17140,1.0,1
2026,2,15965,1.0,1
2026,2,15244,1.0,1
2026,2,17598,1.0,1
2026,2,15094,1.0,1
2026,2,17692,1.0,1
2026,2,17178,1.0,1
2026,2,16926,1.0,1
2026,2,13750,1.0,1
2026,2,17286,1.0,1
2026,2,14420,1.0,1
2026,2,17398,1.0,1
2026,2,13704,1.0,1
2026,2,16515,1.0,1
2026,2,16850,1.0,1
2026,2,15510,1.0,1
2026,2,14200,1.0,1
2026,2,17787,1.0,1
2026,2,17074,1.0,1
2026,2,15916,1.0,1
2026,2,14260,1.0,1
2026,2,17768,1.0,1
2026,2,17397,1.0,1
2026,2,14414,1.0,1
2026,2,16949,1.0,1
2026,2,10267,1.0,1
2026,2,16774,1.0,1
2026,2,17553,1.0,1
2026,2,16201,0.9,1
2026,2,17542,0.9,1
2026,2,15650,0.9,1
2026,2,17520,0.9,1
2026,2,15765,0.9,1
2026,2,15341,0.9,1
2026,2,16207,0.9,1
2026,2,17492,0.9,1
2026,2,16292,0.8,1
2026,2,17605,0.8,1
2026,2,14071,0.8,1
2026,2,16644,0.7,1
2026,2,17062,0.7,1
2026,2,15405,0.7,1
2026,2,16186,0.7,1
2026,2,14109,0.7,1
2026,2,17220,0.6,1
2026,2,15798,0.6,1
2026,2,15492,0.6,1
2026,2,16174,0.6,1
2026,2,16747,0.5,1
2026,2,16217,0.5,1
2026,2,16816,0.5,1
2026,2,16725,0.5,1
2026,2,17558,0.5,1
2026,2,17319,0.5,1
2026,2,17419,0.5,1
2026,2,15903,0.5,1
2026,2,15527,0.5,1
2026,2,17766,0.5,1
2026,2,16314,0.5,1
2026,2,15255,0.5,1
2026,2,10814,0.5,1
2026,2,17186,0.5,1
2026,2,13690,0.5,1
2026,2,16340,0.5,1
2026,2,15473,0.5,1
2026,2,16304,0.5,1
2026,2,15456,0.5,1
2026,2,17203,0.5,1
2026,2,16776,0.5,1
2026,2,17053,0.5,1
2026,2,16224,0.5,1
2026,2,14737,0.5,1
2026,2,17707,0.5,1
2026,2,15914,0.5,1
2026,2,16746,0.5,1
2026,2,14379,0.5,1
2026,2,15443,0.5,1
2026,2,17571,0.5,1
2026,2,15771,0.5,1
2026,2,16989,0.5,1
2026,2,15334,0.5,1
2026,2,17408,0.5,1
2026,2,11985,0.4,1
2026,2,17241,0.4,1
2026,2,17352,0.4,1
2026,2,16342,0.3,1
2026,2,17232,0.3,1
2026,2,16184,0.3,1
2026,2,15103,0.3,1
2026,2,16604,0.2,1
2026,2,13418,0.2,1
2026,2,15800,0.2,1
2026,2,15259,0.2,1
2026,2,16385,0.1,1
2026,2,13675,0.0,1
2026,2,17049,0.0,1
2026,2,12776,0.0,1
2026,2,17209,0.0,1
2026,2,16352,0.0,1
2026,2,16529,0.0,1
2026,2,17521,0.0,1
2026,2,16291,0.0,1
2026,2,17648,0.0,1
2026,2,17106,0.0,1
2026,2,17354,0.0,1
2026,2,17171,0.0,1
2026,2,17780,0.0,1
2026,2,15726,0.0,1
2026,2,16197,0.0,1
2026,2,17621,0.0,1
2026,2,17456,0.0,1
2026,2,12678,0.0,1
2026,2,17353,0.0,1
2026,2,17688,0.0,1
2026,2,14871,0.0,1
2026,2,17166,0.0,1
2026,2,14870,0.0,1
2026,2,15929,0.0,1
2026,2,16636,0.0,1
2026,2,15076,0.0,1
2026,2,13927,0.0,1
2026,2,17098,0.0,1
2026,2,17774,0.0,1
2026,2,14891,0.0,1
2026,2,13246,0.0,1
2026,2,16691,0.0,1
2026,2,17170,0.0,1
2026,2,12608,0.0,1
2026,2,16732,0.0,1
2026,2,15878,0.0,1
2026,2,17620,0.0,1
2026,2,16063,0.0,1
2026,2,15943,0.0,1
2026,2,16661,0.0,1
2026,2,17383,0.0,1
2026,2,17176,0.0,1
2026,2,12988,0.0,1
2026,2,16492,0.0,1
2026,2,16527,0.0,1
2026,2,16311,0.0,1
2026,2,13263,0.0,1
2026,2,13965,0.0,1
2026,2,17225,0.0,1
2026,2,15432,0.0,1
2026,2,17287,0.0,1
2026,2,14146,0.0,1
2026,2,13685,0.0,1
2026,2,16293,0.0,1
2026,2,16315,0.0,1
2026,2,17208,0.0,1
2026,2,17128,0.0,1
2026,2,17247,0.0,1
2026,2,16674,0.0,1
2026,2,13811,0.0,1
2026,2,15759,0.0,1
2026,2,15285,0.0,1
2026,2,17268,0.0,1
2026,2,16628,0.0,1
2026,2,17097,0.0,1
2026,2,16603,0.0,1
2026,2,17010,0.0,1
2026,2,17662,0.0,1
2026,2,16797,0.0,1
2026,2,16694,0.0,1
2026,2,16872,0.0,1
2026,2,17547,0.0,1
2026,2,17334,0.0,1
2026,2,15772,0.0,1
2026,2,15498,0.0,1
2026,2,17476,0.0,1
2026,2,16919,0.0,1
2026,2,16900,0.0,1
2026,2,17755,0.0,1
2026,2,17430,0.0,1
2026,2,16054,0.0,1
2026,2,17058,0.0,1
2026,2,16218,0.0,1
2026,2,15382,0.0,1
2026,2,17224,0.0,1
2026,2,16767,0.0,1
2026,2,17587,0.0,1
2026,2,17213,0.0,1
2026,2,16273,0.0,1
2026,2,16640,0.0,1
2026,2,14503,0.0,1
2026,2,17541,0.0,1
2026,2,17368,0.0,1
2026,2,16364,0.0,1
2026,2,17550,0.0,1
2026,2,15049,0.0,1
2026,2,16770,0.0,1
2026,2,16613,0.0,1
2026,2,16717,0.0,1
2026,2,16375,0.0,1
2026,2,16745,0.0,1
2026,2,16443,0.0,1
2026,2,17518,0.0,1
2026,2,14675,0.0,1
2026,2,12217,0.0,1
2026,2,16880,0.0,1
2026,2,16496,0.0,1
2026,2,17362,0.0,1
2026,2,14108,0.0,1
2026,2,17633,0.0,1
2026,2,15481,0.0,1
2026,2,17528,0.0,1
2026,2,17641,0.0,1
2026,2,14442,0.0,1
2026,2,15806,0.0,1
2026,2,16907,0.0,1
2026,2,16356,0.0,1
2026,2,17651,0.0,1
2026,2,15344,0.0,1
2026,2,14847,0.0,1
2026,2,17323,0.0,1
2026,2,17593,0.0,1
2026,2,13330,0.0,1
2026,2,15620,0.0,1
2026,2,15464,0.0,1
2026,2,16312,0.0,1
2026,2,15329,0.0,1
2026,2,17604,0.0,1
2026,2,17265,0.0,1
2026,2,16771,0.0,1
2026,2,16175,0.0,1
2026,2,17564,0.0,1
2026,2,14887,0.0,1
2026,2,17233,0.0,1
2026,2,16322,0.0,1
2026,2,16166,0.0,1
2026,2,17414,0.0,1
2026,2,15303,0.0,1
2026,2,14879,0.0,1
2026,2,16642,0.0,1
2026,2,16345,0.0,1
2026,2,17197,0.0,1
2026,2,17326,0.0,1
2026,2,16237,0.0,1
2026,2,17683,0.0,1
2026,2,16226,0.0,1
2026,2,16014,0.0,1
2026,2,17655,0.0,1
2026,2,16422,0.0,1
2026,2,17696,0.0,1
2026,2,13193,0.0,1
2026,2,16299,0.0,1
2026,2,17660,0.0,1
2026,2,16252,0.0,1
2026,2,15363,0.0,1
2026,2,13939,0.0,1
2026,2,13427,0.0,1
2026,2,12325,0.0,1
2026,2,17643,0.0,1
2026,2,16336,0.0,1
2026,2,14120,0.0,1
2026,2,17236,0.0,1
2026,2,15937,0.0,1
2026,2,15840,0.0,1
2026,2,17570,0.0,1
2026,2,16750,0.0,1
2026,2,12782,0.0,1
2026,2,17379,0.0,1
2026,2,16722,0.0,1
2026,2,17527,0.0,1
2026,2,17536,0.0,1
2026,2,16486,0.0,1
2026,2,17116,0.0,1
2026,2,17591,0.0,1
2026,2,16221,0.0,1
2026,2,17645,0.0,1
2026,2,14254,0.0,1
2026,2,16242,0.0,1
2026,2,15401,0.0,1
2026,2,16599,0.0,1
2026,2,13455,0.0,1
2026,2,15874,0.0,1
2026,2,15796,0.0,1
2026,2,17545,0.0,1
2026,2,16705,0.0,1
2026,2,17244,0.0,1
2026,2,14012,0.0,1
2026,2,15907,0.0,1
2026,2,17627,0.0,1
2026,2,13638,0.0,1
2026,2,17231,0.0,1
2026,2,15942,0.0,1
2026,2,13672,0.0,1
2026,2,17530,0.0,1
2026,2,12955,0.0,1
2026,2,17199,0.0,1
2026,2,16831,0.0,1
2026,2,17685,0.0,1
2026,2,11679,0.0,1
2026,2,17481,-0.1,1
2026,2,17117,-0.1,1
2026,2,17059,-0.1,1
2026,2,16216,-0.1,1
2026,2,16579,-0.1,1
2026,2,15491,-0.1,1
2026,2,15786,-0.2,1
2026,2,17082,-0.3,1
2026,2,15981,-0.3,1
2026,2,15755,-0.3,1
2026,2,16680,-0.4,1
2026,2,17519,-0.4,1
2026,2,17473,-0.5,1
2026,2,16302,-0.5,1
2026,2,14983,-0.5,1
2026,2,14984,-0.5,1
2026,2,16010,-0.6,1
2026,2,13192,-0.7,1
2026,2,13635,-0.7,1
2026,2,16247,-0.7,1
2026,2,14080,-0.7,1
2026,2,15254,-0.8,1
2026,2,16597,-0.8,1
2026,2,13595,-0.9,1
2026,2,17011,-0.9,1
2026,2,16390,-0.9,1
2026,2,15752,-1.0,1
2026,2,17475,-1.0,1
2026,2,17360,-1.0,1
2026,2,16645,-1.0,1
2026,2,14833,-1.0,1
2026,2,15337,-1.0,1
2026,2,13676,-1.0,1
2026,2,17706,-1.0,1
2026,2,14118,-1.0,1
2026,2,17752,-1.0,1
2026,2,16614,-1.0,1
2026,2,17061,-1.0,1
2026,2,17274,-1.0,1
2026,2,17506,-1.0,1
2026,2,16428,-1.0,1
2026,2,15785,-1.0,1
2026,2,14867,-1.0,1
2026,2,15873,-1.0,1
2026,2,14805,-1.1,1
2026,2,14102,-1.1,1
2026,2,17482,-1.1,1
2026,2,17254,-1.1,1
2026,2,15849,-1.2,1
2026,2,16499,-1.3,1
2026,2,15692,-1.3,1
2026,2,15241,-1.4,1
2026,2,17042,-1.4,1
2026,2,16728,-1.4,1
2026,2,17667,-1.5,1
2026,2,16752,-1.5,1
2026,2,15148,-1.5,1
2026,2,16222,-1.5,1
2026,2,16761,-1.5,1
2026,2,14137,-1.5,1
2026,2,15335,-1.5,1
2026,2,17269,-1.6,1
2026,2,17664,-1.6,1
2026,2,16188,-1.7,1
2026,2,13674,-1.7,1
2026,2,17214,-1.7,1
2026,2,16206,-1.9,1
2026,2,14592,-1.9,1
2026,2,17104,-1.9,1
2026,2,17045,-2.0,1
2026,2,13785,-2.0,1
2026,2,17048,-2.1,1
2026,2,17549,-2.2,1
2026,2,12323,-2.4,1
2026,2,13315,-2.5,1
2026,2,8851,-2.6,1
2026,2,13940,-2.9,1
2026,2,15622,-3.0,1
2026,2,17658,-3.0,1
2026,2,13132,-3.1,1
2026,2,17423,-3.2,1
2026,2,16615,-3.3,1
2026,2,17600,-3.3,1
2026,2,11222,-3.5,1
2026,2,15369,-4.1,1
2026,2,16843,-4.3,1
2026,2,17784,-4.4,1
2026,2,16649,-4.5,1
2026,2,12773,-4.8,1
2026,2,15292,-5.3,1
2026,2,17529,-5.4,1
2026,2,15979,-5.4,1
2026,2,15332,-5.5,1
2026,2,12616,-7.4,1
2026,2,12140,-7.8,1
2026,2,14779,-9.0,1
2026,2,13124,-13.9,1
2026,2,7836,-17.2,1
2026,2,17743,-21.0,1
