season,id,franchise_id,amount,description,timestamp,ts_utc
2025,259,0001,0.51,Kendrick Bourne - 2 yrs at $1.7 mil dropped 11/14/24,1739556692,2025-02-14T18:11:32+00:00
2025,260,0004,1.55,K. Murray 2024 B/R,1739556741,2025-02-14T18:12:21+00:00
2025,261,0004,0.89,Rasul Douglas - 2 yrs at $2.95 mil dropped 12/17/24,1739556762,2025-02-14T18:12:42+00:00
2025,262,0003,0.79,B. Burns 2024 B/R,1739556799,2025-02-14T18:13:19+00:00
2025,263,0007,0.9,Jamal Adams - 2 yrs at $3.01 mil dropped 10/17/24,1739556902,2025-02-14T18:15:02+00:00
2025,264,0008,2.54,D. Carr 2024 B/R,1739556943,2025-02-14T18:15:43+00:00
2025,265,0008,1.05,Dante Stills - 3 yrs at $1.75 mil dropped 9/17/24,1739556967,2025-02-14T18:16:07+00:00
2025,266,0008,2.16,Michael Hoecht - 3 yrs at $3.6 mil dropped 10/2/24,1739556996,2025-02-14T18:16:36+00:00
2025,267,0008,1.1,Jake Camarda - 3 yrs at $1.83 mil dropped 10/29/24,1739557024,2025-02-14T18:17:04+00:00
2025,268,0008,16.16,Deebo Samuel - 3 yrs at $26.94 mil dropped 12/17/24,1739557049,2025-02-14T18:17:29+00:00
2025,269,0009,4.31,Skyy Moore - 2 yrs at $3.92 mil dropped 9/29/24 FG 2022 1.09,1739557135,2025-02-14T18:18:55+00:00
2025,270,0009,0.57,Chad Muma - 2 yrs at $1.91 mil dropped 10/23/24,1739557159,2025-02-14T18:19:19+00:00
2025,271,0010,1.01,Hendon Hooker - 3 yrs at $1.69 mil dropped 9/1/24,1739557198,2025-02-14T18:19:58+00:00
2025,272,0010,1.32,Darrick Forest - 2 yrs at $4.4 mil dropped 9/1/24,1739557219,2025-02-14T18:20:19+00:00
2025,273,0010,0.84,Luke Schoonmaker - 3 yrs at $1.4 mil dropped 9/4/24,1739557241,2025-02-14T18:20:41+00:00
2025,274,0010,0.46,John Metchie III - 2 yrs at $1.52 mil dropped 9/6/24,1739557265,2025-02-14T18:21:05+00:00
2025,275,0011,0.56,Damone Clark - 2 yrs at $1.86 mil dropped 10/9/24,1739557317,2025-02-14T18:21:57+00:00
2025,276,0012,1.52,Parris Campbell - 2 yrs at $5.05 mil dropped 9/2/24,1739557360,2025-02-14T18:22:40+00:00
2025,277,0012,0.62,James Bradberry - 2 yrs at $2.05 mil dropped 9/2/24,1739557380,2025-02-14T18:23:00+00:00
2025,278,0013,4.02,H. Landry 2024 B/R,1739557416,2025-02-14T18:23:36+00:00
2025,279,0016,3.6,C. Ridley 2024 B/R,1739557458,2025-02-14T18:24:18+00:00
2025,280,0016,0.7,Marcus Williams - 2 yrs at $2.34 mill dropped 12/18/24,1739557494,2025-02-14T18:24:54+00:00
2025,281,0017,4.19,T. McLaurin 2024 B/R,1739557572,2025-02-14T18:26:12+00:00
2025,282,0018,1.38,T.J. Watt 2024 B/R,1739557617,2025-02-14T18:26:57+00:00
2025,283,0019,3.74,Jordan Whitehead - 3 yrs at $6.24 dropped 11/26/24,1739557653,2025-02-14T18:27:33+00:00
2025,284,0021,3.42,Deshaun Watson - 2 yrs at $11.4 mil dropped 10/12/24,1739557708,2025-02-14T18:28:28+00:00
2025,285,0029,2.56,D. Watson 2024 B/R,1739557800,2025-02-14T18:30:00+00:00
2025,286,0030,2.28,Javon Hargrave - 2 yrs at $7.6 mil dropped 9/27/24,1739557837,2025-02-14T18:30:37+00:00
2025,287,0030,0.51,Arik Armstead - 2 yrs at $1.7 mil dropped 10/10/24,1739557854,2025-02-14T18:30:54+00:00
2025,288,0031,0.51,Daniel Carlson - 2 yrs at $1.7 mil dropped 11/5/24,1739557894,2025-02-14T18:31:34+00:00
2025,289,0032,1.46,T. Higgins 2024 B/R,1739557926,2025-02-14T18:32:06+00:00
2025,290,0029,11.31,DEN sends KC $11.31 cash trade 4/16,1744828507,2025-04-16T18:35:07+00:00
2025,291,0030,-11.31,DEN sends KC $11.31 cash trade 4/16,1744828507,2025-04-16T18:35:07+00:00
2025,292,0018,1.75,L. Wilson - B/R - 4/22/25,1745427477,2025-04-23T16:57:57+00:00
2025,293,0019,3.82,N. Madubuike - B/R 4/22/25,1745427477,2025-04-23T16:57:57+00:00
2025,294,0021,0.8,B. Aiyuk - B/R - 4/22/25,1745427477,2025-04-23T16:57:57+00:00
2025,295,0023,16.07,T. Etienne - B/R - 4/22/25,1745427477,2025-04-23T16:57:57+00:00
2025,296,0030,1.15,J. Owusu-Koramoah - B/R - 4/22/25,1745427477,2025-04-23T16:57:57+00:00
2025,297,0017,3.61,D. Hopkins - B/R - 4/24/25,1745939084,2025-04-29T15:04:44+00:00
2025,298,0020,3.22,D. Long - B/R - 4/22/25,1745939126,2025-04-29T15:05:26+00:00
2025,299,0027,15.56,S. Diggs - B/R - 4/24/25,1745939278,2025-04-29T15:07:58+00:00
2025,301,0031,1.98,C. Holcomb - B/R - 4/24/25,1745939375,2025-04-29T15:09:35+00:00
2025,302,0032,4.28,T. Tagovailoa - B/R - 4/24/25,1745939375,2025-04-29T15:09:35+00:00
2025,303,0001,5.26,A. Cooper - B/R - 4/24/25,1745939561,2025-04-29T15:12:41+00:00
2025,304,0008,0.63,J. Owusu-Koramoah - B/R - 4/24/25,1745939941,2025-04-29T15:19:01+00:00
2025,305,0009,3.24,N. Madubuike - B/R - 4/24/25,1745940073,2025-04-29T15:21:13+00:00
2025,306,0010,1.78,G. Jarrett - B/R - 4/24/25,1745940148,2025-04-29T15:22:28+00:00
2025,307,0016,6.95,T. Tagovailoa - B/R - 4/24/25,1745940229,2025-04-29T15:23:49+00:00
2025,308,0028,17.0,N. Collins - B/R - 4/24/25,1745955865,2025-04-29T19:44:25+00:00
2025,309,0004,-7.5,ATL sends $7.5 to WAS - cash trade 5/2/25,1749145748,2025-06-05T17:49:08+00:00
2025,310,0009,7.5,ATL sends $7.5 to WAS - cash trade 5/2/25,1749145748,2025-06-05T17:49:08+00:00
2025,311,0030,1.19,H. Hooker - 2 yrs at $1.98 dropped 6/14/25 J1T,1750088934,2025-06-16T15:48:54+00:00
2025,312,0030,1.12,A. Washington - 2 yrs at $1.86 mil dropped 6/14/25 J1T,1750088989,2025-06-16T15:49:49+00:00
2025,313,0031,2.0,P. Smith - 1 yr at $3.34 mil dropped 6/17/25,1750264831,2025-06-18T16:40:31+00:00
2025,314,0005,-9.31,SEA sends $9.31 to CHI - cash trade 6/18/25,1750302465,2025-06-19T03:07:45+00:00
2025,315,0016,9.31,SEA sends $9.31 to CHI - cash trade 6/18/25,1750302465,2025-06-19T03:07:45+00:00
2025,316,0016,4.34,G. Davis - 3 yrs at $3.62 mil dropped 6/19/25,1750530965,2025-06-21T18:36:05+00:00
2025,317,0026,3.12,G. Davis - 1 yr at $5.2 mil dropped 6/19/25,1750530965,2025-06-21T18:36:05+00:00
2025,318,0016,5.9,B. Jordan - 5 yrs at $3.28 mil dropped 6/19/25,1750531032,2025-06-21T18:37:12+00:00
2025,319,0016,2.66,K. Enagbare - 2 yrs at $2.96 mil dropped 6/19/25,1750531071,2025-06-21T18:37:51+00:00
2025,320,0002,-2.0,SEA sends $2m to NYG - cash trade 6/29/25,1751229521,2025-06-29T20:38:41+00:00
2025,321,0016,2.0,SEA sends $2m to NYG - cash trade 6/29/25,1751229521,2025-06-29T20:38:41+00:00
2025,322,0002,-9.3,NOS sends $9.3 mil to NYG - trade 8/23/25,1756231397,2025-08-26T18:03:17+00:00
2025,323,0011,9.3,NOS sends $9.3 mil to NYG - trade 8/23/25,1756231397,2025-08-26T18:03:17+00:00
2025,325,0011,1.14,Eric Kendricks - 1 yr at $1.90 mil dropped 8/24/25,1756233217,2025-08-26T18:33:37+00:00
2025,326,0016,1.12,Jack Jones - 1 yr at $1.87 mil dropped 8/17/2025,1756233217,2025-08-26T18:33:37+00:00
2025,327,0016,1.63,Jadeveon Clowney - 1 yr at $2.72 mil dropped 8/17/25,1756233268,2025-08-26T18:34:28+00:00
2025,328,0016,1.19,Will Levis - 2 yrs at $1.98 mil dropped 8/17/25,1756233318,2025-08-26T18:35:18+00:00
2025,329,0016,5.18,Treylon Burks - 1 yr at $5.18 mil FG (2022 1.07) dropped 8/17/25,1756233410,2025-08-26T18:36:50+00:00
2025,330,0009,2.8,ATL sends $2.80 mil to NOS - trade 8/31/25,1756694098,2025-09-01T02:34:58+00:00
2025,331,0011,-2.8,ATL sends $2.80 mil to NOS - trade 8/31/25,1756694098,2025-09-01T02:34:58+00:00
2025,332,0004,1.8,Jabrill Peppers - 1 yr at $3mil dropped 8/29/25,1756698799,2025-09-01T03:53:19+00:00
2025,333,0008,1.14,Cameron McGrone - 1 yr at $1.9 mil dropped 8/27/25,1756698799,2025-09-01T03:53:19+00:00
2025,334,0009,0.94,Roschon Johnson - 2 yrs at $1.56 mil - 2023 2.14 dropped 8/28/25,1756698799,2025-09-01T03:53:19+00:00
2025,335,0014,7.07,Diontae Johnson - 1 yr at $11.78 mil dropped 8/27/25,1756698799,2025-09-01T03:53:19+00:00
2025,336,0016,2.52,Jordan Fuller - 1 yr at $4.2 mil dropped 8/27/25,1756698799,2025-09-01T03:53:19+00:00
2025,337,0008,2.15,Kyzir White - 2 yrs at $3.59 mil dropped 8/27/25,1756699003,2025-09-01T03:56:43+00:00
2025,338,0009,3.0,Josey Jewell - 1 yr at $5 mil dropped 8/28/25,1756699003,2025-09-01T03:56:43+00:00
2025,339,0016,1.79,Ventrell Miller - 2 yrs at $2.99 mil dropped 8/27/25,1756699003,2025-09-01T03:56:43+00:00
2025,340,0001,2.06,Z. Moss - 1 yr at $3.43 mil dropped 8/31/25,1756925868,2025-09-03T18:57:48+00:00
2025,341,0002,0.91,M. Corley - 3 yrs at $1.51 mil dropped 9/3/25,1756925868,2025-09-03T18:57:48+00:00
2025,342,0007,2.83,J. Baker - 1 yr at $4.71 mil dropped 8/31/25,1756925868,2025-09-03T18:57:48+00:00
2025,343,0009,0.9,Jalin Hyatt - 2 yrs at $1.5 mil dropped 9/1/25 - 2023 2.16,1756925868,2025-09-03T18:57:48+00:00
2025,344,0010,1.12,R. Stonehouse - 4 yrs at $1.87 mil dropped 8/31/25,1756925868,2025-09-03T18:57:48+00:00
2025,345,0012,4.4,S. Thompson - 1 yr at $7.33 mil dropped 9/1/25,1756925868,2025-09-03T18:57:48+00:00
2025,346,0014,4.57,D. Onyemata - 2 yrs at $7.62 mil dropped 8/31/25,1756925868,2025-09-03T18:57:48+00:00
2025,347,0015,3.12,J. Williams - 1 yr at $5.2 mil dropped 9/1/25,1756925868,2025-09-03T18:57:48+00:00
2025,348,0017,1.14,Andy Dalton - 1 yr at $1.9 dropped 8/30/25,1757017830,2025-09-04T20:30:30+00:00
2025,350,0020,1.14,David Long - 1 yr at $1.9 dropped 9/1/25,1757017830,2025-09-04T20:30:30+00:00
2025,351,0021,0.9,J Hyatt - 2 yrs at $1.5 dropped 8/12/25 - 2023 2.16,1757017830,2025-09-04T20:30:30+00:00
2025,352,0023,1.19,J Polk - 3 yrs at $1.99 dropped 8/12/25,1757017830,2025-09-04T20:30:30+00:00
2025,353,0027,2.42,V Bell - 1 yr at $4.03 dropped 8/24/25,1757017830,2025-09-04T20:30:30+00:00
2025,354,0029,3.14,K. Curl - 3 yrs at $2.62 dropped 6/26/25 - accelerated penalty,1757017830,2025-09-04T20:30:30+00:00
2025,355,0030,0.98,Luke Musgrave - 2 yrs at $1.64 dropped 9/1/25 - 2023 2.12 ,1757017830,2025-09-04T20:30:30+00:00
2025,356,0031,1.09,M. Fox - 1 yr at $1.81 dropped 8/26/25,1757017830,2025-09-04T20:30:30+00:00
2025,357,0017,2.63,Curtis Samuel - 1 yr at $4.39 dropped 9/1/25,1757017964,2025-09-04T20:32:44+00:00
2025,358,0020,1.14,Jabrill Peppers - 1 yr at $1.9 dropped 9/1/25,1757017964,2025-09-04T20:32:44+00:00
2025,359,0021,1.14,Tyrod Taylor - 1 yr at $1.9 dropped 8/31/25,1757017964,2025-09-04T20:32:44+00:00
2025,360,0023,1.56,D. Waller - 1 yr at $2.6 dropped 8/25/25,1757017964,2025-09-04T20:32:44+00:00
2025,361,0027,1.19,J. Clowney - 2 yrs at $1.98 dropped 8/31/25,1757017964,2025-09-04T20:32:44+00:00
2025,362,0029,5.02,D. Johnson - 1 yr at $8.36 dropped 8/13/25,1757017964,2025-09-04T20:32:44+00:00
2025,363,0017,1.12,Jordan Fuller - 3 yrs at $1.87 dropped 9/1/25,1757018066,2025-09-04T20:34:26+00:00
2025,364,0023,1.32,Eric Kendricks - 1 yr at $2.2 dropped 8/15/25,1757018066,2025-09-04T20:34:26+00:00
2025,365,0029,2.41,Alexander Mattison - 1 yr at $4.02 dropped 5/13/25,1757018066,2025-09-04T20:34:26+00:00
2025,366,0017,1.14,Arden Key - 1 yr at $1.9 dropped 9/2/25,1757018141,2025-09-04T20:35:41+00:00
2025,367,0023,1.14,A. Davis-Gaither - 1 yr at $1.9 dropped 8/15/25,1757018141,2025-09-04T20:35:41+00:00
2025,368,0029,5.9,Chase Young - 2 yrs at $6.55 dropped 5/13/25 - accelerated penalty,1757018141,2025-09-04T20:35:41+00:00
2025,369,0023,1.12,P. Locke - 1 yr at $1.87 dropped 8/15/25,1757018197,2025-09-04T20:36:37+00:00
2025,370,0029,1.68,J. Howden - 2 yrs at $1.87 dropped 5/13 - accelerated penalty,1757018197,2025-09-04T20:36:37+00:00
2025,371,0029,2.24,E. McPherson - 3 yrs at $1.87 - dropped 6/26 - accelerated penalty,1757018230,2025-09-04T20:37:10+00:00
2025,372,0029,1.28,M. Mayer - 2 yrs at $2.13 dropped 8/25/25,1757018252,2025-09-04T20:37:32+00:00
2025,373,0029,1.18,D. Wyatt - 1 yr at $1.97 dropped 8/24/25,1757018273,2025-09-04T20:37:53+00:00
2025,374,0018,1.04,A. Ebiketie - 1 yr at $1.74 dropped 8/31/25 - 2022 2.14,1757611999,2025-09-11T17:33:19+00:00
2025,375,0004,1.14,Justin Jones - 1 yr at $1.9 mil dropped 9/20/25,1758421840,2025-09-21T02:30:40+00:00
2025,376,0006,1.79,Odafe Oweh - 3 yrs at $2.98 mil dropped 9/18/25,1758421840,2025-09-21T02:30:40+00:00
2025,377,0008,1.14,Mike Williams - 1 yr at $1.9 mil dropped 9/16/25,1758421840,2025-09-21T02:30:40+00:00
2025,378,0016,2.4,Darren Waller - 1 yr at $4.0 mil dropped 9/17/25,1758421840,2025-09-21T02:30:40+00:00
2025,379,0004,2.82,Micah McFadden - 1 yr at $4.7 mil dropped 9/20/25,1758421876,2025-09-21T02:31:16+00:00
2025,380,0020,1.14,A. Cooper - 1 yr at $1.9 mil dropped 9/12/25,1758422063,2025-09-21T02:34:23+00:00
2025,381,0021,1.14,U. Amadi - 1 yr at $1.9 mil dropped 9/9/25,1758422063,2025-09-21T02:34:23+00:00
2025,382,0027,9.1,T. Lockett - 1 yr at $15.16 mil dropped 9/11/25,1758422063,2025-09-21T02:34:23+00:00
2025,383,0032,1.14,J. Blackmon - 1 yr at $1.9 mil dropped 9/10/25,1758422063,2025-09-21T02:34:23+00:00
2025,384,0032,3.17,M. McFadden - 1 yr at $5.29 mil dropped 9/10/25,1758422117,2025-09-21T02:35:17+00:00
2025,385,0009,1.5,E.J. Speed - 1 yr at $2.5 mil dropped 9/20/25,1758423195,2025-09-21T02:53:15+00:00
2025,386,0005,-2.0,CAR sends $2.00 to CHI - cash trade 9/21/25,1759278292,2025-10-01T00:24:52+00:00
2025,387,0010,2.0,CAR sends $2.00 to CHI - cash trade 9/21/25,1759278292,2025-10-01T00:24:52+00:00
2025,388,0021,-5.0,PIT sends BAL $5 mil in a trade 10/1/25,1759426795,2025-10-02T17:39:55+00:00
2025,389,0024,5.0,PIT sends BAL $5 mil in a trade 10/1/25,1759426795,2025-10-02T17:39:55+00:00
2025,390,0019,3.0,Josey Jewll - 1 yr at $5 mil dropped 9/25,1759426987,2025-10-02T17:43:07+00:00
2025,391,0023,3.42,1 yr at $5.7 mil dropped 9/30/25,1759426987,2025-10-02T17:43:07+00:00
2025,392,0024,1.14,1 yr at $1.9 dropped 10/1/25,1759426987,2025-10-02T17:43:07+00:00
2025,393,0027,5.33,Matt Milano - 1 yr at $8.89 dropped 10/1/25,1759426987,2025-10-02T17:43:07+00:00
2025,394,0019,3.06,J Ossai - 1 yr at $3.06 dropped 10/1/25,1759427026,2025-10-02T17:43:46+00:00
2025,395,0023,1.5,Joe Flacco - 1 yr at $2.5 dropped 9/30/25,1759427026,2025-10-02T17:43:46+00:00
2025,396,0028,24.46,T. Hill - 1 yr at $40.76 mil dropped 10/2/25,1759500639,2025-10-03T14:10:39+00:00
2025,397,0008,10.8,N. Harris - 1 yr at $18.0 mil dropped 9/23/25,1759500779,2025-10-03T14:12:59+00:00
2025,398,0009,10.62,J. Conner - 2 yrs at $17.7 mil dropped 9/30/25,1759500779,2025-10-03T14:12:59+00:00
2025,399,0012,2.4,M. Gesicki - 1 yr at $4.0 mil dropped 10/1/25,1759500779,2025-10-03T14:12:59+00:00
2025,400,0012,1.56,C. Ellis - 1 yr at $2.6 mil dropped 10/1/25,1759500822,2025-10-03T14:13:42+00:00
2025,401,0001,17.1,T. Hill - 2 yrs at $28.50 mil dropped 10/4/25,1760920423,2025-10-20T00:33:43+00:00
2025,402,0004,1.14,T. Diggs - 1 yr at $1.9 mil dropped 10/18/25,1760920423,2025-10-20T00:33:43+00:00
2025,403,0005,1.12,C. Davis - 1 yr at $1.86 mil dropped 10/14/25,1760920423,2025-10-20T00:33:43+00:00
2025,404,0006,1.12,C. Young - 2 yrs at $1.87 mil dropped 10/14/25,1760920423,2025-10-20T00:33:43+00:00
2025,405,0007,1.86,D. Hamlin - 1 yr at $3.10 mil dropped 10/8/25,1760920423,2025-10-20T00:33:43+00:00
2025,406,0008,1.12,P. Jones - 3 yrs at $1.86 mil dropped 10/16/25,1760920423,2025-10-20T00:33:43+00:00
2025,407,0009,1.12,A. Cisco - 2 yrs at $1.87 mil dropped 10/8/25,1760920423,2025-10-20T00:33:43+00:00
2025,408,0010,2.07,J. Dotson - 1 yr at 3.45 mil dropped 10/15/25,1760920423,2025-10-20T00:33:43+00:00
2025,409,0012,2.07,C. Otton - 1 yr at $3.45 mil dropped 10/3/25,1760920423,2025-10-20T00:33:43+00:00
2025,410,0016,1.14,L. Taylor - 2 yrs at $1.9 mil dropped 10/11/25,1760920423,2025-10-20T00:33:43+00:00
2025,411,0001,1.54,J. Simmons - 2 yrs at $2.57 mil dropped 10/11/25,1760920660,2025-10-20T00:37:40+00:00
2025,412,0008,7.8,A. Thielen - 1 yr at $13 mil dropped 10/14/25,1760920660,2025-10-20T00:37:40+00:00
2025,413,0009,1.14,T. Adams - 1 yr at $1.9 mil dropped 10/17/25,1760920660,2025-10-20T00:37:40+00:00
2025,414,0010,3.14,M. Milano - 1 yr at $5.23 mil dropped 10/15/25,1760920660,2025-10-20T00:37:40+00:00
2025,415,0016,1.12,I. Melifonwu - 5 yrs at $1.87 mil dropped 10/11/25,1760920660,2025-10-20T00:37:40+00:00
2025,416,0016,1.14,T. Okada - 1 yr at $1.9 mil dropped 10/14/25,1760920704,2025-10-20T00:38:24+00:00
2025,417,0017,1.14,D. Fowler - 1 yr at $1.9 mil dropped 10/5/25,1760921007,2025-10-20T00:43:27+00:00
2025,418,0027,1.14,S. Thomas - 1 yr at $1.9 mil dropped 10/3/25,1760921007,2025-10-20T00:43:27+00:00
2025,419,0028,11.53,C. Wilkins - 1 yr at $19.21 mil dropped 10/19/25,1760921007,2025-10-20T00:43:27+00:00
2025,420,0029,1.34,J. Dotson - 1 yr at $2.24 mil dropped 10/15/25,1760921007,2025-10-20T00:43:27+00:00
2025,421,0017,2.52,L. Floyd - 1 yr at $4.2 mil dropped 10/16/25,1760921097,2025-10-20T00:44:57+00:00
2025,422,0029,1.32,T. Adams - 1 yr at $2.2 mil dropped 10/11/25,1760921097,2025-10-20T00:44:57+00:00
2025,423,0017,1.38,H. Butker - 1 yr at $2.3 mil dropped 10/16/25,1760921139,2025-10-20T00:45:39+00:00
2025,424,0020,-11.0,BAL sends $11 to NYJ - cash trade 10/21/25,1761090884,2025-10-21T23:54:44+00:00
2025,425,0021,11.0,BAL sends $11 to NYJ - cash trade 10/21/25,1761090884,2025-10-21T23:54:44+00:00
2025,426,0023,2.22,Kyle Van Noy - 1 yr at 3.7 dropped 10/22/25,1761393278,2025-10-25T11:54:38+00:00
2025,427,0032,7.97,geno Smith - 1 yr at 13.29 dropped 10/22/25,1761393278,2025-10-25T11:54:38+00:00
2025,428,0006,-4.0,NOS sends $4 mil to DET - trade 10/29/25,1761781968,2025-10-29T23:52:48+00:00
2025,429,0011,4.0,NOS sends $4 mil to DET - trade 10/29/25,1761781968,2025-10-29T23:52:48+00:00
2025,430,0004,4.76,L. Wilson - 2 yrs at $7.93 mil dropped 11/5/25,1762824469,2025-11-11T01:27:49+00:00
2025,431,0006,1.32,M. Sigle - 1 yr at $2.2 mil dropped 11/2/25,1762824469,2025-11-11T01:27:49+00:00
2025,432,0008,2.94,D. Hamilton - 1 yr at $4.9 mil dropped 10/21/25,1762824469,2025-11-11T01:27:49+00:00
2025,433,0009,2.18,N. Hobbs - 1 yr at $3.63 mil dropped 11/6/25,1762824469,2025-11-11T01:27:49+00:00
2025,434,0010,1.14,T. Taylor - 1 yr at $1.9 mil dropped 11/2/25,1762824469,2025-11-11T01:27:49+00:00
2025,435,0011,3.24,A. Butler - 1 yr at $5.4 mil dropped 10/30/25,1762824469,2025-11-11T01:27:49+00:00
2025,436,0013,1.14,C. Wentz - 1 yr at $1.9 mil dropped 10/30/25,1762824469,2025-11-11T01:27:49+00:00
2025,437,0016,1.26,J. Houston - 1 yr at $2.1 mil dropped 10/28/25,1762824469,2025-11-11T01:27:49+00:00
2025,438,0009,1.12,A. Jennings - 2 yrs at $1.87 mil dropped 11/6/25,1762824947,2025-11-11T01:35:47+00:00
2025,439,0011,1.14,R. Douglas - 1 yr at $1.9 mil dropped 11/7/25,1762824947,2025-11-11T01:35:47+00:00
2025,440,0016,3.27,H. Reddick - 2 yrs at $5.45 mil dropped 10/29/25,1762824947,2025-11-11T01:35:47+00:00
2025,441,0006,0.88,J. Burton - 3 yrs at $1.47 mil dropped 11/5/25 - 2024 2.14,1762825270,2025-11-11T01:41:10+00:00
2025,442,0016,1.74,M. Carter - 1 yr at $2.9 mil dropped 11/4/25,1762825270,2025-11-11T01:41:10+00:00
2025,443,0017,1.14,J. Reed - 1 yr at $1.9 mil dropped 10/23/25,1762825739,2025-11-11T01:48:59+00:00
2025,444,0018,1.14,J. Watson - 1 yr at $1.9 mil dropped 11/9/25,1762825739,2025-11-11T01:48:59+00:00
2025,445,0020,1.14,D. Burke - 1 yr at $1.9 mil dropped 11/9/25,1762825739,2025-11-11T01:48:59+00:00
2025,446,0021,1.14,C. Flott - 1 yr at $1.9 mil dropped 11/4/25,1762825739,2025-11-11T01:48:59+00:00
2025,447,0022,1.14,C. Rush - 1 yr at $1.9 mil dropped 10/26/25,1762825739,2025-11-11T01:48:59+00:00
2025,448,0027,3.66,J. Browning - 1 yr at $6.1 mil dropped 10/30/25,1762825739,2025-11-11T01:48:59+00:00
2025,449,0029,3.17,A. Jennings - 2 yrs at $5.28 mil dropped 10/26/25,1762825739,2025-11-11T01:48:59+00:00
2025,450,0030,1.51,M. Koonce - 2 yrs at $2.51 mil dropped 10/26/25,1762825739,2025-11-11T01:48:59+00:00
2025,451,0032,10.06,J. Mixon - 2 yrs at $16.76 mil dropped 10/28/25,1762825739,2025-11-11T01:48:59+00:00
2025,452,0017,1.92,A. Dalton - 1 yr at $3.2 mil dropped 11/5/25,1762825954,2025-11-11T01:52:34+00:00
2025,453,0032,8.08,A. Robinson - 2 yrs at $13.46 mil dropped 11/9/25,1762825954,2025-11-11T01:52:34+00:00
2025,454,0017,2.28,K. Cousins - 1 yr at $3.8 mil dropped 11/8/25,1762825996,2025-11-11T01:53:16+00:00
2025,455,0005,1.01,J. Polk - 3 yrs at $1.69 mil dropped 11/15/25,1763476157,2025-11-18T14:29:17+00:00
2025,456,0006,9.13,J. Mixon - 1 yr at $15.22 mil dropped 11/11/25,1763476157,2025-11-18T14:29:17+00:00
2025,457,0008,2.05,T. Atwell - 2 yrs at $3.41 mil dropped 11/18/25,1763476157,2025-11-18T14:29:17+00:00
2025,458,0009,1.14,E. Evans - 1 yr at $1.9 mil dropped 11/12/25,1763476157,2025-11-18T14:29:17+00:00
2025,459,0010,1.32,M. Koonce - 3 yrs at $2.2 mil dropped 11/16/25,1763476157,2025-11-18T14:29:17+00:00
2025,460,0029,4.85,J. Fields - 2 yrs at $8.08 mil dropped 11/18/25,1763476157,2025-11-18T14:29:17+00:00
2025,461,0030,2.43,R. Bateman - 3 yrs at $4.05 mil dropped 11/15/25,1763476157,2025-11-18T14:29:17+00:00
2025,462,0026,6.67,Chris Jones - 1 yr at 11.11 dropped 11/19,1763567099,2025-11-19T15:44:59+00:00
2025,463,0001,8.47,C. Ridley - 1 yr at $14.11 mil dropped 11/20/25,1763648911,2025-11-20T14:28:31+00:00
2025,464,0008,5.74,R. Stevenson - 3 yrs at $9.56 mil dropped 11/18/25,1763648911,2025-11-20T14:28:31+00:00
2025,465,0017,3.69,S. Moore - 1 yr at $3.69 mil dropped 11/19/25 - FG 2022 1.11,1763648911,2025-11-20T14:28:31+00:00
2025,466,0019,1.12,C. Izien - 3 yrs at $1.86 mil dropped 11/19/25,1763648911,2025-11-20T14:28:31+00:00
2025,467,0017,1.26,J. Sawyer - 1 yr at $2.10 mil dropped 11/19/25,1763648968,2025-11-20T14:29:28+00:00
2025,469,0004,1.14,D. Durant - 1 yr at $1.9 mil dropped 12/16/25,1766085035,2025-12-18T19:10:35+00:00
2025,470,0006,3.0,C. Kirk - 1 yr at $5.0 mil dropped 12/17/25,1766085035,2025-12-18T19:10:35+00:00
2025,471,0007,1.14,M. Wright - 1 yr at $1.9 mil dropped 11/23/25,1766085035,2025-12-18T19:10:35+00:00
2025,472,0009,1.14,S. James - 1 yr at $1.9 mil dropped 11/20/25,1766085035,2025-12-18T19:10:35+00:00
2025,473,0010,1.26,L. Wilson - 1 yr at $2.1 mil dropped 11/27/25,1766085035,2025-12-18T19:10:35+00:00
2025,474,0011,2.52,M. Brosmer - 1 yr at $4.2 mil dropped 12/9/25,1766085035,2025-12-18T19:10:35+00:00
2025,475,0016,1.5,Q. Ewers - 1 yr at $2.5 mil dropped 11/22/25,1766085035,2025-12-18T19:10:35+00:00
2025,476,0016,2.52,T. Robinson - 1 yr at $4.2 mil dropped 11/22/25,1766085122,2025-12-18T19:12:02+00:00
2025,477,0003,1.56,C. Ward - 1 yr at $2.6 mil dropped 12/10/25,1766085284,2025-12-18T19:14:44+00:00
2025,478,0009,1.62,N. Chubb - 1 yr at $2.7 mil dropped 12/9/25,1766085284,2025-12-18T19:14:44+00:00
2025,479,0010,2.32,T. Johnson - 3 yrs at $3.87 mil dropped 12/17/25,1766085284,2025-12-18T19:14:44+00:00
2025,480,0016,1.14,D. Mills - 1 yr at $1.9 mil dropped 12/11/25,1766085284,2025-12-18T19:14:44+00:00
2025,481,0009,1.14,D. Gardeck - 1 yr at $1.9 mil dropped 12/9/25,1766085321,2025-12-18T19:15:21+00:00
2025,482,0009,1.14,B. Stephens - 1 yr at $1.9 mil dropped 12/9/25,1766085342,2025-12-18T19:15:42+00:00
2025,483,0017,1.56,S. James - 1 yr at $2.6 mil dropped 11/26/25,1766085505,2025-12-18T19:18:25+00:00
2025,484,0018,1.14,J. Lewis - 1 yr at $1.9 mil dropped 12/16/25,1766085505,2025-12-18T19:18:25+00:00
2025,485,0019,5.33,T. Pollart - 1 yr at $8.89 mil dropped 11/25/25,1766085505,2025-12-18T19:18:25+00:00
2025,486,0021,1.14,K. Cousins - 1 yr at $1.9 mil dropped 12/9/25,1766085505,2025-12-18T19:18:25+00:00
2025,487,0017,0.92,M. Smith - 2 yrs at $1.54 mil dropped 11/26/25 - 2023 2.15,1766085714,2025-12-18T19:21:54+00:00
2025,488,0018,1.5,T. Okada - 1 yr at $2.5 mil dropped 12/16/25,1766085714,2025-12-18T19:21:54+00:00
2025,489,0019,2.05,D.J. Wonnum - 1 yr at $3.41 mil dropped 11/27/25,1766085714,2025-12-18T19:21:54+00:00
2025,490,0021,1.2,K. Bourne - 1 yr at $2.0 mil dropped 12/9/25,1766085714,2025-12-18T19:21:54+00:00
2025,492,0021,6.27,C. Kirk - 1 yr at $10.45 mil dropped 12/9/25,1766085801,2025-12-18T19:23:21+00:00
2025,493,0017,0.99,E. Molden - 2 yrs at $1.65 mil dropped 12/10/25,1766085926,2025-12-18T19:25:26+00:00
2025,494,0017,3.06,T. Higbee - 1 yr at $5.10 mil dropped 12/16/25,1766085965,2025-12-18T19:26:05+00:00
2025,496,0010,3.3,G. Jarrett - 1 yr at $5.5 mil dropped 12/20/25,1766426482,2025-12-22T18:01:22+00:00
2025,497,0011,3.78,A. Taylor - 1 yr at $6.3 mil dropped 12/19/25,1766426482,2025-12-22T18:01:22+00:00
2025,498,0001,4.2,K. Allen - 1 yr at $7.0 mil dropped 12/20/25,1766426553,2025-12-22T18:02:33+00:00
2025,499,0010,2.88,D. Bland - 1 yr at $4.8 mil dropped 12/20/25,1766426553,2025-12-22T18:02:33+00:00
2025,500,0006,2.41,J. Mingo - 2 yrs at $2.41 mil dropped 12/24/25 FG - 2023 1.16,1767883464,2026-01-08T14:44:24+00:00
2025,501,0009,9.5,C. Kupp - 2 yrs at $15.84 mil dropped 12/23/25,1767883464,2026-01-08T14:44:24+00:00
2025,502,0006,1.43,C. Austin - 2 yrs at $2.38 mil dropped 12/25/25,1767883563,2026-01-08T14:46:03+00:00
2025,503,0009,3.09,S. Rankins - 2 yrs at $5.15 mil dropped 12/23/25,1767883563,2026-01-08T14:46:03+00:00
