season,week,franchise_id,player_id,contractYear,salary,status,contractInfo,as_of
2025,2,0001,14892,2,6.96,ROSTER,2023 iEXT,2025-09-14
2025,2,0001,13723,2,7.26,ROSTER,2023 SRFA,2025-09-14
2025,2,0001,16226,2,1.91,ROSTER,2023 2.06,2025-09-14
2025,2,0001,14405,2,9.12,ROSTER,2023 iEXT,2025-09-14
2025,2,0001,13590,1,9.33,ROSTER,2021 EXT,2025-09-14
2025,2,0001,15366,3,6.64,ROSTER,2024 B/R,2025-09-14
2025,2,0001,13629,1,14.11,ROSTER,2024 B/R,2025-09-14
2025,2,0001,14797,2,11.88,ROSTER,2024 UFA,2025-09-14
2025,2,0001,16627,3,2.75,ROSTER,2024 1.12,2025-09-14
2025,2,0001,16598,3,1.06,ROSTER,2024 4.06,2025-09-14
2025,2,0001,14947,2,3.56,ROSTER,2024 UFA,2025-09-14
2025,2,0001,15806,1,2.89,ROSTER,2022 1.15,2025-09-14
2025,2,0001,16661,3,1.02,ROSTER,2024 4.13,2025-09-14
2025,2,0001,12620,2,30.53,ROSTER,2021 EXT,2025-09-14
2025,2,0001,14412,1,7.59,ROSTER,2024 oEXT,2025-09-14
2025,2,0001,16704,3,1.09,ROSTER,2024 4.02,2025-09-14
2025,2,0001,11769,2,1.0,ROSTER,2025 R/F,2025-09-14
2025,2,0001,13738,2,1.0,ROSTER,2025 R/F,2025-09-14
2025,2,0001,15950,2,1.0,ROSTER,2025 R/F,2025-09-14
2025,2,0001,14893,1,1.1,ROSTER,2024 ERFA,2025-09-14
2025,2,0001,16279,1,1.1,ROSTER,2025 ERFA,2025-09-14
2025,2,0001,13839,3,15.0,ROSTER,2025 RRFA,2025-09-14
2025,2,0001,11222,1,7.0,ROSTER,2025 RRFA,2025-09-14
2025,2,0001,12801,2,28.5,ROSTER,2025 B/R,2025-09-14
2025,2,0001,15331,2,4.12,ROSTER,2024 iEXT,2025-09-14
2025,2,0001,17097,4,0.95,ROSTER,2025 5.08,2025-09-14
2025,2,0001,17031,4,1.06,ROSTER,2025 4.02,2025-09-14
2025,2,0001,17102,4,3.33,ROSTER,2025 1.10,2025-09-14
2025,2,0001,17148,4,1.04,ROSTER,2025 4.04,2025-09-14
2025,2,0001,17115,4,1.3,ROSTER,2025 3.05,2025-09-14
2025,2,0001,17131,4,1.17,ROSTER,2025 3.13,2025-09-14
2025,2,0001,17072,4,2.05,ROSTER,2025 2.03,2025-09-14
2025,2,0001,13782,1,1.8,ROSTER,2025 UFA,2025-09-14
2025,2,0001,16287,1,1.8,ROSTER,2025 UFA,2025-09-14
2025,2,0001,10266,2,12.35,ROSTER,2025 UFA,2025-09-14
2025,2,0001,12956,1,1.8,ROSTER,2025 UFA,2025-09-14
2025,2,0001,15365,1,8.7,ROSTER,2025 UFA,2025-09-14
2025,2,0001,11348,1,1.8,ROSTER,2025 UFA,2025-09-14
2025,2,0001,16164,1,1.36,ROSTER,2023 3.06,2025-09-14
2025,2,0001,12767,2,2.57,ROSTER,2024 UFA,2025-09-14
2025,2,0001,17126,4,1.2,ROSTER,2025 3.11,2025-09-14
2025,2,0001,14219,1,1.8,ROSTER,2025 UFA,2025-09-14
2025,2,0001,15881,1,1.8,ROSTER,2025 UFA,2025-09-14
2025,2,0001,14170,1,1.8,ROSTER,2025 UFA,2025-09-14
2025,2,0001,17196,1,1.8,ROSTER,2025 UFA,2025-09-14
2025,2,0001,16165,2,1.34,INJURED_RESERVE,2023 3.07,2025-09-14
2025,2,0001,14200,1,1.1,INJURED_RESERVE,2024 R/F,2025-09-14
2025,2,0002,14153,2,14.69,ROSTER,2025 oEXT,2025-09-14
2025,2,0002,15794,1,5.35,ROSTER,2022 3.06^,2025-09-14
2025,2,0002,15853,1,1.18,ROSTER,2022 4.12,2025-09-14
2025,2,0002,15762,1,3.23,ROSTER,2022 1.13,2025-09-14
2025,2,0002,15261,1,8.68,ROSTER,2025 oEXT,2025-09-14
2025,2,0002,16262,2,1.12,ROSTER,2023 4.09,2025-09-14
2025,2,0002,15756,1,5.75,ROSTER,2022 1.06,2025-09-14
2025,2,0002,14802,2,17.6,ROSTER,2024 iEXT,2025-09-14
2025,2,0002,14779,4,15.14,ROSTER,2023 iEXT,2025-09-14
2025,2,0002,16251,2,1.1,ROSTER,2023 4.15,2025-09-14
2025,2,0002,14832,3,37.73,ROSTER,2024 NEFToff,2025-09-14
2025,2,0002,12225,1,11.5,ROSTER,2024 B/R,2025-09-14
2025,2,0002,16655,3,1.42,ROSTER,2024 2.16,2025-09-14
2025,2,0002,13837,2,10.0,ROSTER,2024 UFA,2025-09-14
2025,2,0002,14249,1,7.5,ROSTER,2024 UFA,2025-09-14
2025,2,0002,14894,2,1.87,ROSTER,2024 UFA,2025-09-14
2025,2,0002,10783,1,1.1,ROSTER,2024 R/F,2025-09-14
2025,2,0002,16275,2,1.04,ROSTER,2023 5.22,2025-09-14
2025,2,0002,14897,3,21.51,ROSTER,2024 UFA,2025-09-14
2025,2,0002,12677,2,1.0,ROSTER,2025 R/F,2025-09-14
2025,2,0002,13844,1,1.1,ROSTER,2025 ERFA,2025-09-14
2025,2,0002,15428,1,1.1,ROSTER,2025 ERFA,2025-09-14
2025,2,0002,16736,2,1.0,ROSTER,2025 R/F,2025-09-14
2025,2,0002,14669,1,1.1,ROSTER,2025 ERFA,2025-09-14
2025,2,0002,15290,1,42.24,ROSTER,2025 NEFT,2025-09-14
2025,2,0002,17116,3,0.9,ROSTER,2025 UDFA,2025-09-14
2025,2,0002,15981,2,1.0,ROSTER,2025 R/F,2025-09-14
2025,2,0002,15979,3,1.86,ROSTER,2025 UFA,2025-09-14
2025,2,0002,15757,1,1.3,ROSTER,2022 3.19,2025-09-14
2025,2,0002,16258,2,1.13,ROSTER,2023 4.07,2025-09-14
2025,2,0002,17161,3,0.9,ROSTER,2025 UDFA,2025-09-14
2025,2,0002,17033,4,1.12,ROSTER,2025 3.17,2025-09-14
2025,2,0002,17056,4,0.95,ROSTER,2025 5.07,2025-09-14
2025,2,0002,17138,4,1.15,ROSTER,2025 3.14,2025-09-14
2025,2,0002,15240,1,1.0,ROSTER,2025 UFA,2025-09-14
2025,2,0002,16688,2,1.04,ROSTER,2024 4.08,2025-09-14
2025,2,0002,13228,1,1.0,ROSTER,2025 UFA,2025-09-14
2025,2,0002,16670,3,0.98,ROSTER,2024 5.13,2025-09-14
2025,2,0002,16300,1,3.0,ROSTER,2025 UFA,2025-09-14
2025,2,0002,13322,1,1.0,ROSTER,2025 UFA,2025-09-14
2025,2,0002,15402,1,1.8,ROSTER,2025 UFA,2025-09-14
2025,2,0002,15448,1,1.0,ROSTER,2025 UFA,2025-09-14
2025,2,0002,17193,1,1.0,ROSTER,2025 UFA,2025-09-14
2025,2,0002,15450,1,1.8,TAXI_SQUAD,2025 UFA,2025-09-14
2025,2,0002,13730,2,1.0,TAXI_SQUAD,2025 R/F,2025-09-14
2025,2,0003,15819,1,1.78,ROSTER,2022 2.13,2025-09-14
2025,2,0003,16184,2,1.59,ROSTER,2023 2.13,2025-09-14
2025,2,0003,14127,1,9.12,ROSTER,2024 iEXT,2025-09-14
2025,2,0003,14147,3,19.36,ROSTER,2023 UFA,2025-09-14
2025,2,0003,15832,1,5.35,ROSTER,2022 4.11^,2025-09-14
2025,2,0003,14171,2,10.89,ROSTER,2024 B/R,2025-09-14
2025,2,0003,15708,1,11.66,ROSTER,2022 1.01,2025-09-14
2025,2,0003,12611,3,18.7,ROSTER,2024 UFA,2025-09-14
2025,2,0003,14071,1,11.5,ROSTER,2024 UFA,2025-09-14
2025,2,0003,16579,3,7.41,ROSTER,2024 1.02,2025-09-14
2025,2,0003,16641,3,4.02,ROSTER,2024 1.07,2025-09-14
2025,2,0003,16650,3,1.86,ROSTER,2024 2.05,2025-09-14
2025,2,0003,13223,1,2.32,ROSTER,2024 iEXT,2025-09-14
2025,2,0003,14179,2,7.22,ROSTER,2024 iEXT,2025-09-14
2025,2,0003,13630,1,20.33,ROSTER,2024 iEXT,2025-09-14
2025,2,0003,16212,2,2.53,ROSTER,2023 1.15,2025-09-14
2025,2,0003,15809,1,2.24,ROSTER,2022 2.05,2025-09-14
2025,2,0003,15836,1,1.25,ROSTER,2022 4.01,2025-09-14
2025,2,0003,14159,2,14.4,ROSTER,2023 UFA,2025-09-14
2025,2,0003,13737,1,8.87,ROSTER,2025 NEFT,2025-09-14
2025,2,0003,14860,1,1.1,ROSTER,2025 ERFA,2025-09-14
2025,2,0003,13869,1,1.09,ROSTER,2025 ERFA,2025-09-14
2025,2,0003,14833,4,8.8,ROSTER,2025 ORFA1,2025-09-14
2025,2,0003,14900,2,9.5,ROSTER,2025 B/R,2025-09-14
2025,2,0003,17081,4,2.58,ROSTER,2025 1.14,2025-09-14
2025,2,0003,17052,4,1.64,ROSTER,2025 2.10,2025-09-14
2025,2,0003,17144,4,1.46,ROSTER,2025 2.15,2025-09-14
2025,2,0003,14218,2,5.89,ROSTER,2025 UFA,2025-09-14
2025,2,0003,13952,2,5.13,ROSTER,2025 UFA,2025-09-14
2025,2,0003,14717,1,1.8,ROSTER,2025 UFA,2025-09-14
2025,2,0003,15003,1,1.8,ROSTER,2025 UFA,2025-09-14
2025,2,0003,13920,1,2.6,ROSTER,2025 UFA,2025-09-14
2025,2,0003,16593,3,1.35,ROSTER,2024 3.03,2025-09-14
2025,2,0003,16660,3,1.21,ROSTER,2024 3.11,2025-09-14
2025,2,0003,16252,2,1.2,ROSTER,2023 3.18,2025-09-14
2025,2,0003,17125,4,1.18,ROSTER,2025 3.12,2025-09-14
2025,2,0003,16603,3,1.07,ROSTER,2024 4.05,2025-09-14
2025,2,0003,15799,1,1.09,ROSTER,2025 ERFA,2025-09-14
2025,2,0003,16284,2,1.06,ROSTER,2023 5.09,2025-09-14
2025,2,0003,17128,4,1.07,ROSTER,2025 4.01,2025-09-14
2025,2,0003,13317,2,1.0,ROSTER,2025 R/F,2025-09-14
2025,2,0003,17149,4,0.98,ROSTER,2025 4.16,2025-09-14
2025,2,0003,16717,1,1.8,ROSTER,2025 UFA,2025-09-14
2025,2,0003,16063,1,1.0,ROSTER,2025 UFA,2025-09-14
2025,2,0003,12658,1,1.1,ROSTER,2025 UFA,2025-09-14
2025,2,0003,13265,1,1.1,TAXI_SQUAD,2024 R/F,2025-09-14
2025,2,0004,14782,2,10.48,ROSTER,2023 iEXT,2025-09-14
2025,2,0004,15753,1,9.82,ROSTER,2022 1.02,2025-09-14
2025,2,0004,14149,2,3.0,ROSTER,2024 iEXT,2025-09-14
2025,2,0004,16190,2,3.45,ROSTER,2023 1.10,2025-09-14
2025,2,0004,16223,2,3.21,ROSTER,2023 1.11,2025-09-14
2025,2,0004,14518,1,2.73,ROSTER,2023 UFA,2025-09-14
2025,2,0004,15852,1,1.1,ROSTER,2024 R/F,2025-09-14
2025,2,0004,14836,3,41.25,ROSTER,2024 NEFToff,2025-09-14
2025,2,0004,9431,2,12.89,ROSTER,2024 SRFA,2025-09-14
2025,2,0004,16651,3,2.15,ROSTER,2024 2.01,2025-09-14
2025,2,0004,16677,3,1.18,ROSTER,2024 3.13,2025-09-14
2025,2,0004,13692,2,2.97,ROSTER,2024 UFA,2025-09-14
2025,2,0004,14910,1,3.25,ROSTER,2024 UFA,2025-09-14
2025,2,0004,16747,3,1.01,ROSTER,2024 4.16,2025-09-14
2025,2,0004,16014,1,1.1,ROSTER,2024 R/F,2025-09-14
2025,2,0004,14928,2,7.93,ROSTER,2024 oEXT,2025-09-14
2025,2,0004,15281,1,42.24,ROSTER,2025 NEFT,2025-09-14
2025,2,0004,15710,4,7.46,ROSTER,2025 FRFA,2025-09-14
2025,2,0004,14590,1,1.09,ROSTER,2025 ERFA,2025-09-14
2025,2,0004,14943,1,1.1,ROSTER,2025 ERFA,2025-09-14
2025,2,0004,16346,1,1.1,ROSTER,2025 ERFA,2025-09-14
2025,2,0004,11150,2,7.6,ROSTER,2025 B/R,2025-09-14
2025,2,0004,14899,1,1.1,ROSTER,2024 R/F,2025-09-14
2025,2,0004,17121,4,2.33,ROSTER,2025 1.16,2025-09-14
2025,2,0004,17078,4,1.98,ROSTER,2025 2.04,2025-09-14
2025,2,0004,17113,4,1.49,ROSTER,2025 2.14,2025-09-14
2025,2,0004,16213,2,4.47,ROSTER,2023 1.07,2025-09-14
2025,2,0004,12711,1,1.0,ROSTER,2025 R/F,2025-09-14
2025,2,0004,17047,4,1.11,ROSTER,2025 3.18,2025-09-14
2025,2,0004,17037,4,0.97,ROSTER,2025 4.19,2025-09-14
2025,2,0004,17241,3,0.9,ROSTER,2025 UDFA,2025-09-14
2025,2,0004,17167,3,0.9,ROSTER,2025 UDFA,2025-09-14
2025,2,0004,14823,1,1.8,ROSTER,2025 UFA,2025-09-14
2025,2,0004,11936,2,1.9,ROSTER,2025 UFA,2025-09-14
2025,2,0004,15387,1,1.8,ROSTER,2025 UFA,2025-09-14
2025,2,0004,14978,1,1.8,ROSTER,2025 UFA,2025-09-14
2025,2,0004,15362,1,1.8,ROSTER,2025 UFA,2025-09-14
2025,2,0004,15868,1,2.1,ROSTER,2025 UFA,2025-09-14
2025,2,0004,17256,3,0.9,ROSTER,2025 UDFA,2025-09-14
2025,2,0004,16680,2,0.94,ROSTER,2024 UDFA,2025-09-14
2025,2,0004,14903,1,1.9,ROSTER,2025 UFA,2025-09-14
2025,2,0004,17186,3,0.9,ROSTER,2025 UDFA,2025-09-14
2025,2,0004,15857,1,1.0,ROSTER,2025 UFA,2025-09-14
2025,2,0004,16227,1,1.9,ROSTER,2025 UFA,2025-09-14
2025,2,0004,16767,1,1.0,ROSTER,2025 UFA,2025-09-14
2025,2,0004,13748,1,1.9,INJURED_RESERVE,2025 UFA,2025-09-14
2025,2,0004,16734,3,1.0,INJURED_RESERVE,2024 4.19,2025-09-14
2025,2,0004,16597,3,2.46,INJURED_RESERVE,2024 1.14,2025-09-14
2025,2,0004,13299,2,24.75,INJURED_RESERVE,2024 UFA,2025-09-14
2025,2,0004,15890,1,4.7,INJURED_RESERVE,2025 UFA,2025-09-14
2025,2,0005,15808,5,3.55,ROSTER,2025 iEXT,2025-09-14
2025,2,0005,13742,1,5.2,ROSTER,2023 SRFA,2025-09-14
2025,2,0005,16189,2,1.64,ROSTER,2023 2.12,2025-09-14
2025,2,0005,13697,2,3.09,ROSTER,2023 UFA,2025-09-14
2025,2,0005,14322,1,5.38,ROSTER,2024 SRFA,2025-09-14
2025,2,0005,16610,3,1.57,ROSTER,2024 2.11,2025-09-14
2025,2,0005,14163,3,18.57,ROSTER,2025 iEXT,2025-09-14
2025,2,0005,16716,3,1.13,ROSTER,2024 3.18,2025-09-14
2025,2,0005,16206,1,1.1,ROSTER,2023 4.14,2025-09-14
2025,2,0005,16171,2,2.13,ROSTER,2023 2.03,2025-09-14
2025,2,0005,15754,1,4.71,ROSTER,2022 1.08,2025-09-14
2025,2,0005,12626,1,26.48,ROSTER,2025 NEFT,2025-09-14
2025,2,0005,15859,1,1.09,ROSTER,2025 ERFA,2025-09-14
2025,2,0005,14109,3,34.11,ROSTER,2025 B/R,2025-09-14
2025,2,0005,17074,4,7.03,ROSTER,2025 1.03,2025-09-14
2025,2,0005,17104,4,3.93,ROSTER,2025 1.08,2025-09-14
2025,2,0005,17045,4,1.69,ROSTER,2025 2.09,2025-09-14
2025,2,0005,13116,4,37.71,ROSTER,2023 oEXT,2025-09-14
2025,2,0005,17039,4,1.23,ROSTER,2025 3.09,2025-09-14
2025,2,0005,13146,2,17.71,ROSTER,2025 oEXT,2025-09-14
2025,2,0005,14630,2,1.86,ROSTER,2025 UFA,2025-09-14
2025,2,0005,12752,2,3.8,ROSTER,2025 UFA,2025-09-14
2025,2,0005,15418,2,5.7,ROSTER,2025 UFA,2025-09-14
2025,2,0005,13671,1,12.5,ROSTER,2025 UFA,2025-09-14
2025,2,0005,15904,1,4.8,ROSTER,2025 UFA,2025-09-14
2025,2,0005,14940,3,6.37,ROSTER,2022 oEXT,2025-09-14
2025,2,0005,11760,1,1.0,ROSTER,2025 UFA,2025-09-14
2025,2,0005,15292,2,1.0,ROSTER,2025 R/F,2025-09-14
2025,2,0005,16282,1,0.98,ROSTER,2023 UDFA,2025-09-14
2025,2,0005,16276,2,1.2,ROSTER,2023 3.19,2025-09-14
2025,2,0005,12772,2,1.0,ROSTER,2025 R/F,2025-09-14
2025,2,0005,17153,4,1.01,ROSTER,2025 4.09,2025-09-14
2025,2,0005,17184,3,0.9,ROSTER,2025 UDFA,2025-09-14
2025,2,0005,12831,2,1.0,ROSTER,2025 R/F,2025-09-14
2025,2,0005,17055,4,1.04,ROSTER,2025 4.05,2025-09-14
2025,2,0005,13231,1,1.0,ROSTER,2025 UFA,2025-09-14
2025,2,0005,13713,1,1.1,ROSTER,2025 ERFA,2025-09-14
2025,2,0005,16662,2,1.02,ROSTER,2024 4.15,2025-09-14
2025,2,0005,17086,4,1.13,ROSTER,2025 3.16,2025-09-14
2025,2,0005,15894,1,1.8,ROSTER,2025 UFA,2025-09-14
2025,2,0005,13754,1,1.0,ROSTER,2025 UFA,2025-09-14
2025,2,0005,16316,1,1.0,ROSTER,2025 UFA,2025-09-14
2025,2,0005,8930,1,1.0,ROSTER,2025 UFA,2025-09-14
2025,2,0005,17150,1,1.0,ROSTER,2025 UFA,2025-09-14
2025,2,0005,16371,1,1.0,ROSTER,2025 UFA,2025-09-14
2025,2,0005,13832,1,1.1,INJURED_RESERVE,2025 ERFA,2025-09-14
2025,2,0005,16231,2,1.39,INJURED_RESERVE,2023 3.05,2025-09-14
2025,2,0005,16604,3,1.29,INJURED_RESERVE,2024 3.06,2025-09-14
2025,2,0005,14251,1,10.0,INJURED_RESERVE,2025 RRFA,2025-09-14
2025,2,0005,16194,2,2.05,TAXI_SQUAD,2023 2.04,2025-09-14
2025,2,0006,14783,5,23.52,ROSTER,2024 iEXT,2025-09-14
2025,2,0006,15282,4,18.66,ROSTER,2024 iEXT,2025-09-14
2025,2,0006,15715,1,3.41,ROSTER,2022 2.02^,2025-09-14
2025,2,0006,15846,1,3.41,ROSTER,2022 2.14^,2025-09-14
2025,2,0006,15871,1,5.35,ROSTER,2022 5.02^,2025-09-14
2025,2,0006,14921,2,5.2,ROSTER,2023 SRFA,2025-09-14
2025,2,0006,16330,2,1.04,ROSTER,2023 5.18,2025-09-14
2025,2,0006,15761,1,3.41,ROSTER,2022 4.04^,2025-09-14
2025,2,0006,14225,4,24.24,ROSTER,2024 iEXT,2025-09-14
2025,2,0006,16594,3,2.24,ROSTER,2024 1.16,2025-09-14
2025,2,0006,16693,3,1.12,ROSTER,2024 3.19,2025-09-14
2025,2,0006,14877,2,1.87,ROSTER,2024 UFA,2025-09-14
2025,2,0006,14889,1,3.14,ROSTER,2024 UFA,2025-09-14
2025,2,0006,15452,2,5.38,ROSTER,2024 SRFA,2025-09-14
2025,2,0006,16649,3,1.17,ROSTER,2024 3.14,2025-09-14
2025,2,0006,13774,1,1.0,ROSTER,2025 R/F,2025-09-14
2025,2,0006,13268,1,3.41,ROSTER,2025 ORFA4,2025-09-14
2025,2,0006,11247,1,1.1,ROSTER,2025 ERFA,2025-09-14
2025,2,0006,17071,4,6.11,ROSTER,2025 1.04,2025-09-14
2025,2,0006,17134,4,1.79,ROSTER,2025 2.07,2025-09-14
2025,2,0006,17107,4,1.6,ROSTER,2025 2.11,2025-09-14
2025,2,0006,13354,1,1.0,ROSTER,2025 R/F,2025-09-14
2025,2,0006,17146,4,0.99,ROSTER,2025 4.14,2025-09-14
2025,2,0006,16705,3,0.99,ROSTER,2024 5.01,2025-09-14
2025,2,0006,16586,3,1.01,ROSTER,2024 4.18,2025-09-14
2025,2,0006,17059,4,0.95,ROSTER,2025 5.09,2025-09-14
2025,2,0006,17064,4,0.96,ROSTER,2025 5.02,2025-09-14
2025,2,0006,17152,3,0.9,ROSTER,2025 UDFA,2025-09-14
2025,2,0006,16193,1,3.5,ROSTER,2025 UFA,2025-09-14
2025,2,0006,13707,1,1.8,ROSTER,2025 UFA,2025-09-14
2025,2,0006,13633,1,5.0,ROSTER,2025 UFA,2025-09-14
2025,2,0006,15777,2,2.38,ROSTER,2025 UFA,2025-09-14
2025,2,0006,13448,1,5.4,ROSTER,2025 UFA,2025-09-14
2025,2,0006,13681,1,9.2,ROSTER,2025 UFA,2025-09-14
2025,2,0006,15702,2,1.0,ROSTER,2025 R/F,2025-09-14
2025,2,0006,13688,2,1.0,ROSTER,2025 R/F,2025-09-14
2025,2,0006,16654,3,1.0,ROSTER,2024 4.23,2025-09-14
2025,2,0006,16632,3,1.47,ROSTER,2024 2.14,2025-09-14
2025,2,0006,17234,3,0.9,ROSTER,2025 UDFA,2025-09-14
2025,2,0006,13683,1,1.0,ROSTER,2025 UFA,2025-09-14
2025,2,0006,14918,1,1.0,ROSTER,2025 UFA,2025-09-14
2025,2,0006,17207,1,2.2,ROSTER,2025 UFA,2025-09-14
2025,2,0006,16197,2,2.41,INJURED_RESERVE,2023 1.16,2025-09-14
2025,2,0006,13131,1,15.22,INJURED_RESERVE,2024 iEXT,2025-09-14
2025,2,0006,14840,4,20.57,INJURED_RESERVE,2023 iEXT,2025-09-14
2025,2,0006,15390,3,1.87,INJURED_RESERVE,2024 iEXT,2025-09-14
2025,2,0006,16283,2,4.7,INJURED_RESERVE,2024 iEXT,2025-09-14
2025,2,0006,17036,4,0.96,INJURED_RESERVE,2025 5.04,2025-09-14
2025,2,0006,17269,1,1.8,TAXI_SQUAD,2025 UFA,2025-09-14
2025,2,0006,15378,3,2.98,TAXI_SQUAD,2024 iEXT,2025-09-14
2025,2,0006,16707,2,0.94,TAXI_SQUAD,2024 UDFA,2025-09-14
2025,2,0007,15284,5,14.87,ROSTER,2025 oEXT,2025-09-14
2025,2,0007,15396,1,2.05,ROSTER,2024 oEXT,2025-09-14
2025,2,0007,15711,1,8.42,ROSTER,2022 1.03,2025-09-14
2025,2,0007,15329,5,8.54,ROSTER,2024 iEXT,2025-09-14
2025,2,0007,16161,2,8.38,ROSTER,2023 1.02,2025-09-14
2025,2,0007,16230,2,1.45,ROSTER,2023 3.02,2025-09-14
2025,2,0007,16244,2,1.18,ROSTER,2023 4.02,2025-09-14
2025,2,0007,16351,1,0.98,ROSTER,2023 UDFA,2025-09-14
2025,2,0007,14472,1,1.1,ROSTER,2024 R/F,2025-09-14
2025,2,0007,14056,3,22.18,ROSTER,2025 oEXT,2025-09-14
2025,2,0007,16614,3,8.79,ROSTER,2024 1.01,2025-09-14
2025,2,0007,16692,3,1.4,ROSTER,2024 3.01,2025-09-14
2025,2,0007,16303,1,3.2,ROSTER,2025 oEXT,2025-09-14
2025,2,0007,15391,2,4.55,ROSTER,2024 UFA,2025-09-14
2025,2,0007,16080,3,5.42,ROSTER,2025 oEXT,2025-09-14
2025,2,0007,13675,2,1.0,ROSTER,2025 R/F,2025-09-14
2025,2,0007,16432,1,1.1,ROSTER,2025 ERFA,2025-09-14
2025,2,0007,12217,1,1.1,ROSTER,2025 ERFA,2025-09-14
2025,2,0007,15388,1,1.1,ROSTER,2025 ERFA,2025-09-14
2025,2,0007,15869,1,1.09,ROSTER,2025 ERFA,2025-09-14
2025,2,0007,17137,4,1.74,ROSTER,2025 2.08,2025-09-14
2025,2,0007,17135,4,1.26,ROSTER,2025 3.07,2025-09-14
2025,2,0007,17159,4,1.05,ROSTER,2025 4.03,2025-09-14
2025,2,0007,17098,4,1.01,ROSTER,2025 4.10,2025-09-14
2025,2,0007,17099,4,0.95,ROSTER,2025 5.10,2025-09-14
2025,2,0007,17185,3,0.9,ROSTER,2025 UDFA,2025-09-14
2025,2,0007,17265,3,0.9,ROSTER,2025 UDFA,2025-09-14
2025,2,0007,17181,3,0.9,ROSTER,2025 UDFA,2025-09-14
2025,2,0007,12860,1,1.8,ROSTER,2025 UFA,2025-09-14
2025,2,0007,13635,2,20.24,ROSTER,2025 UFA,2025-09-14
2025,2,0007,15361,1,3.0,ROSTER,2025 UFA,2025-09-14
2025,2,0007,12741,2,5.13,ROSTER,2025 UFA,2025-09-14
2025,2,0007,15355,2,6.75,ROSTER,2025 UFA,2025-09-14
2025,2,0007,15445,1,4.0,ROSTER,2025 UFA,2025-09-14
2025,2,0007,16729,2,3.04,ROSTER,2025 UFA,2025-09-14
2025,2,0007,10703,1,10.1,ROSTER,2025 UFA,2025-09-14
2025,2,0007,15349,2,8.55,ROSTER,2025 UFA,2025-09-14
2025,2,0007,16719,3,4.59,ROSTER,2025 UFA,2025-09-14
2025,2,0007,15288,1,2.0,ROSTER,2025 UFA,2025-09-14
2025,2,0007,15469,1,3.1,ROSTER,2025 UFA,2025-09-14
2025,2,0007,12782,1,2.1,ROSTER,2025 UFA,2025-09-14
2025,2,0007,15385,3,2.2,ROSTER,2025 oEXT,2025-09-14
2025,2,0007,14168,1,2.6,ROSTER,2025 UFA,2025-09-14
2025,2,0007,14207,1,1.9,ROSTER,2025 UFA,2025-09-14
2025,2,0007,16294,1,6.6,ROSTER,2025 UFA,2025-09-14
2025,2,0007,17267,3,0.9,INJURED_RESERVE,2025 UDFA,2025-09-14
2025,2,0008,15346,2,11.52,ROSTER,2024 iEXT,2025-09-14
2025,2,0008,15259,3,9.56,ROSTER,2024 iEXT,2025-09-14
2025,2,0008,15817,1,1.71,ROSTER,2022 2.15,2025-09-14
2025,2,0008,16214,2,2.82,ROSTER,2023 1.13,2025-09-14
2025,2,0008,16187,2,1.8,ROSTER,2023 2.08,2025-09-14
2025,2,0008,16414,1,1.81,ROSTER,2023 iEXT,2025-09-14
2025,2,0008,14104,2,33.28,ROSTER,2024 oEXT,2025-09-14
2025,2,0008,15860,1,1.18,ROSTER,2022 4.14,2025-09-14
2025,2,0008,16689,3,1.8,ROSTER,2024 2.06,2025-09-14
2025,2,0008,15350,4,9.02,ROSTER,2024 iEXT,2025-09-14
2025,2,0008,14909,3,14.03,ROSTER,2024 UFA,2025-09-14
2025,2,0008,13592,1,1.1,ROSTER,2024 R/F,2025-09-14
2025,2,0008,16671,3,1.03,ROSTER,2024 4.10,2025-09-14
2025,2,0008,16675,3,1.13,ROSTER,2024 3.17,2025-09-14
2025,2,0008,15861,3,5.39,ROSTER,2024 iEXT,2025-09-14
2025,2,0008,16656,3,1.09,ROSTER,2024 4.01,2025-09-14
2025,2,0008,16383,1,0.98,ROSTER,2023 UDFA,2025-09-14
2025,2,0008,16584,3,4.43,ROSTER,2024 1.06,2025-09-14
2025,2,0008,16679,3,1.25,ROSTER,2024 3.08,2025-09-14
2025,2,0008,10292,2,1.0,ROSTER,2025 R/F,2025-09-14
2025,2,0008,13641,1,1.1,ROSTER,2025 ERFA,2025-09-14
2025,2,0008,15081,1,1.1,ROSTER,2025 ERFA,2025-09-14
2025,2,0008,15301,2,3.41,ROSTER,2025 ORFA3,2025-09-14
2025,2,0008,13806,3,7.0,ROSTER,2025 RRFA,2025-09-14
2025,2,0008,11938,2,13.0,ROSTER,2025 RRFA,2025-09-14
2025,2,0008,15254,1,18.0,ROSTER,2025 B/R,2025-09-14
2025,2,0008,17046,4,1.02,ROSTER,2025 4.08,2025-09-14
2025,2,0008,11244,1,9.2,ROSTER,2025 UFA,2025-09-14
2025,2,0008,15256,1,5.5,ROSTER,2025 UFA,2025-09-14
2025,2,0008,13470,1,4.3,ROSTER,2025 UFA,2025-09-14
2025,2,0008,15911,1,1.0,ROSTER,2025 UFA,2025-09-14
2025,2,0008,14137,1,2.0,ROSTER,2025 UFA,2025-09-14
2025,2,0008,14930,1,4.9,ROSTER,2025 UFA,2025-09-14
2025,2,0008,15398,3,1.86,ROSTER,2025 UFA,2025-09-14
2025,2,0008,14924,1,1.0,ROSTER,2025 UFA,2025-09-14
2025,2,0008,14858,1,1.1,ROSTER,2025 UFA,2025-09-14
2025,2,0008,16013,2,1.0,ROSTER,2025 R/F,2025-09-14
2025,2,0008,16369,2,1.0,ROSTER,2025 R/F,2025-09-14
2025,2,0008,17151,4,0.97,ROSTER,2025 5.01,2025-09-14
2025,2,0008,13810,1,1.0,ROSTER,2025 UFA,2025-09-14
2025,2,0008,15921,2,1.0,ROSTER,2025 R/F,2025-09-14
2025,2,0008,12238,1,1.0,ROSTER,2025 R/F,2025-09-14
2025,2,0008,14235,1,1.8,ROSTER,2025 UFA,2025-09-14
2025,2,0008,14086,1,1.8,ROSTER,2025 UFA,2025-09-14
2025,2,0008,15049,1,1.8,ROSTER,2025 UFA,2025-09-14
2025,2,0008,16204,2,1.23,INJURED_RESERVE,2023 3.15,2025-09-14
2025,2,0008,17142,3,0.9,INJURED_RESERVE,2025 UDFA,2025-09-14
2025,2,0008,16645,3,0.98,INJURED_RESERVE,2024 5.20,2025-09-14
2025,2,0008,17231,3,0.9,INJURED_RESERVE,2025 UDFA,2025-09-14
2025,2,0008,13154,1,1.9,INJURED_RESERVE,2025 UFA,2025-09-14
2025,2,0009,13189,2,10.45,ROSTER,2024 oEXT,2025-09-14
2025,2,0009,15441,1,3.63,ROSTER,2023 iEXT,2025-09-14
2025,2,0009,16181,2,1.21,ROSTER,2023 3.17,2025-09-14
2025,2,0009,16152,2,9.94,ROSTER,2023 1.01,2025-09-14
2025,2,0009,15238,5,9.74,ROSTER,2024 iEXT,2025-09-14
2025,2,0009,16596,3,1.14,ROSTER,2024 3.16,2025-09-14
2025,2,0009,16788,2,0.94,ROSTER,2024 UDFA,2025-09-14
2025,2,0009,16221,5,3.73,ROSTER,2024 iEXT,2025-09-14
2025,2,0009,14162,1,16.34,ROSTER,2022 iEXT,2025-09-14
2025,2,0009,16846,1,1.1,ROSTER,2025 ERFA,2025-09-14
2025,2,0009,14213,1,1.1,ROSTER,2025 ERFA,2025-09-14
2025,2,0009,15721,2,3.41,ROSTER,2025 ORFA3,2025-09-14
2025,2,0009,15484,1,5.38,ROSTER,2024 SRFA,2025-09-14
2025,2,0009,16582,3,1.54,ROSTER,2024 2.12,2025-09-14
2025,2,0009,17083,4,2.9,ROSTER,2025 1.12,2025-09-14
2025,2,0009,17122,4,1.56,ROSTER,2025 2.12,2025-09-14
2025,2,0009,17120,4,1.43,ROSTER,2025 2.16,2025-09-14
2025,2,0009,17080,4,1.33,ROSTER,2025 3.04,2025-09-14
2025,2,0009,17108,4,1.25,ROSTER,2025 3.08,2025-09-14
2025,2,0009,17157,4,1.21,ROSTER,2025 3.10,2025-09-14
2025,2,0009,17060,4,0.98,ROSTER,2025 4.17,2025-09-14
2025,2,0009,16722,2,0.94,ROSTER,2024 UDFA,2025-09-14
2025,2,0009,16703,2,0.94,ROSTER,2024 UDFA,2025-09-14
2025,2,0009,14059,1,6.0,ROSTER,2025 UFA,2025-09-14
2025,2,0009,15923,1,3.5,ROSTER,2025 UFA,2025-09-14
2025,2,0009,13610,1,2.7,ROSTER,2025 UFA,2025-09-14
2025,2,0009,14247,2,5.51,ROSTER,2025 UFA,2025-09-14
2025,2,0009,17155,4,0.94,ROSTER,2025 5.21,2025-09-14
2025,2,0009,14257,1,2.5,ROSTER,2025 UFA,2025-09-14
2025,2,0009,16633,2,0.94,ROSTER,2024 UDFA,2025-09-14
2025,2,0009,16384,1,1.0,ROSTER,2025 UFA,2025-09-14
2025,2,0009,16236,1,1.8,ROSTER,2025 UFA,2025-09-14
2025,2,0009,15779,5,4.82,ROSTER,2024 iEXT,2025-09-14
2025,2,0009,16460,2,1.0,ROSTER,2025 R/F,2025-09-14
2025,2,0009,15364,2,1.87,ROSTER,2024 UFA,2025-09-14
2025,2,0009,17082,4,1.08,ROSTER,2025 3.21,2025-09-14
2025,2,0009,14105,1,11.98,ROSTER,2023 UFA,2025-09-14
2025,2,0009,16145,1,1.0,ROSTER,2025 UFA,2025-09-14
2025,2,0009,13164,2,15.84,ROSTER,2024 UFA,2025-09-14
2025,2,0009,12735,2,5.15,ROSTER,2024 UFA,2025-09-14
2025,2,0009,14210,1,6.6,ROSTER,2025 UFA,2025-09-14
2025,2,0009,10945,1,1.0,ROSTER,2025 UFA,2025-09-14
2025,2,0009,15849,1,1.0,ROSTER,2025 UFA,2025-09-14
2025,2,0009,13770,2,1.0,ROSTER,2025 R/F,2025-09-14
2025,2,0009,17063,4,0.97,INJURED_RESERVE,2025 4.18,2025-09-14
2025,2,0009,16631,3,1.69,INJURED_RESERVE,2024 2.08,2025-09-14
2025,2,0009,13694,1,1.0,TAXI_SQUAD,2025 UFA,2025-09-14
2025,2,0010,13589,2,24.76,ROSTER,2021 EXT,2025-09-14
2025,2,0010,14907,2,2.71,ROSTER,2024 iEXT,2025-09-14
2025,2,0010,15755,1,3.45,ROSTER,2022 1.12,2025-09-14
2025,2,0010,15822,1,3.05,ROSTER,2022 1.14,2025-09-14
2025,2,0010,15768,1,2.63,ROSTER,2022 2.01,2025-09-14
2025,2,0010,15815,1,5.35,ROSTER,2022 2.04^,2025-09-14
2025,2,0010,16263,2,1.67,ROSTER,2023 2.11,2025-09-14
2025,2,0010,16185,2,4.95,ROSTER,2023 1.06,2025-09-14
2025,2,0010,16620,3,4.94,ROSTER,2024 1.05,2025-09-14
2025,2,0010,16639,3,2.07,ROSTER,2024 2.02,2025-09-14
2025,2,0010,16626,3,1.91,ROSTER,2024 2.04,2025-09-14
2025,2,0010,14927,1,2.09,ROSTER,2024 UFA,2025-09-14
2025,2,0010,13198,2,17.82,ROSTER,2024 UFA,2025-09-14
2025,2,0010,12739,2,4.75,ROSTER,2024 UFA,2025-09-14
2025,2,0010,14073,1,18.81,ROSTER,2024 UFA,2025-09-14
2025,2,0010,16619,3,1.38,ROSTER,2024 3.02,2025-09-14
2025,2,0010,15352,2,2.64,ROSTER,2025 oEXT,2025-09-14
2025,2,0010,15798,5,3.87,ROSTER,2024 iEXT,2025-09-14
2025,2,0010,15913,1,1.1,ROSTER,2024 R/F,2025-09-14
2025,2,0010,16344,2,1.85,ROSTER,2025 oEXT,2025-09-14
2025,2,0010,16178,2,5.5,ROSTER,2024 RRFA,2025-09-14
2025,2,0010,16870,3,1.87,ROSTER,2025 oEXT,2025-09-14
2025,2,0010,13307,1,5.23,ROSTER,2024 UFA,2025-09-14
2025,2,0010,15395,3,2.2,ROSTER,2025 oEXT,2025-09-14
2025,2,0010,13710,1,2.26,ROSTER,2025 oEXT,2025-09-14
2025,2,0010,12676,1,6.35,ROSTER,2025 oEXT,2025-09-14
2025,2,0010,14136,2,14.08,ROSTER,2025 ORFA2,2025-09-14
2025,2,0010,15749,2,5.35,ROSTER,2025 SRFA,2025-09-14
2025,2,0010,12305,1,5.5,ROSTER,2025 B/R,2025-09-14
2025,2,0010,17051,4,4.32,ROSTER,2025 1.07,2025-09-14
2025,2,0010,17075,4,2.72,ROSTER,2025 1.13,2025-09-14
2025,2,0010,17103,4,1.37,ROSTER,2025 3.02,2025-09-14
2025,2,0010,14221,2,5.23,ROSTER,2025 UFA,2025-09-14
2025,2,0010,12221,2,9.5,ROSTER,2025 UFA,2025-09-14
2025,2,0010,14158,3,6.48,ROSTER,2025 UFA,2025-09-14
2025,2,0010,14224,2,7.22,ROSTER,2025 UFA,2025-09-14
2025,2,0010,13764,3,3.87,ROSTER,2025 UFA,2025-09-14
2025,2,0010,12698,2,1.0,ROSTER,2025 R/F,2025-09-14
2025,2,0010,8851,2,1.0,ROSTER,2025 R/F,2025-09-14
2025,2,0010,16697,3,0.99,ROSTER,2024 5.06,2025-09-14
2025,2,0010,17172,3,0.9,ROSTER,2025 UDFA,2025-09-14
2025,2,0010,17154,4,0.94,ROSTER,2025 5.20,2025-09-14
2025,2,0010,15668,1,1.0,ROSTER,2025 UFA,2025-09-14
2025,2,0010,16684,3,0.99,ROSTER,2024 5.04,2025-09-14
2025,2,0010,14956,1,1.0,ROSTER,2025 R/F,2025-09-14
2025,2,0010,16225,2,1.11,INJURED_RESERVE,2023 4.12,2025-09-14
2025,2,0010,16738,1,1.1,INJURED_RESERVE,2025 ERFA,2025-09-14
2025,2,0010,16640,3,0.98,INJURED_RESERVE,2024 5.10,2025-09-14
2025,2,0010,16753,2,0.94,INJURED_RESERVE,2024 UDFA,2025-09-14
2025,2,0010,16725,2,0.94,INJURED_RESERVE,2024 UDFA,2025-09-14
2025,2,0010,17195,3,0.9,INJURED_RESERVE,2025 UDFA,2025-09-14
2025,2,0010,17166,3,0.9,INJURED_RESERVE,2025 UDFA,2025-09-14
2025,2,0010,16652,3,1.07,INJURED_RESERVE,2024 4.04,2025-09-14
2025,2,0010,15565,2,1.0,TAXI_SQUAD,2025 R/F,2025-09-14
2025,2,0011,14835,3,17.35,ROSTER,2023 iEXT,2025-09-14
2025,2,0011,13772,2,7.44,ROSTER,2024 iEXT,2025-09-14
2025,2,0011,15404,3,3.41,ROSTER,2023 iEXT,2025-09-14
2025,2,0011,14102,2,12.11,ROSTER,2022 iEXT,2025-09-14
2025,2,0011,13284,3,5.45,ROSTER,2024 oEXT,2025-09-14
2025,2,0011,16169,2,2.31,ROSTER,2023 2.01,2025-09-14
2025,2,0011,16266,1,1.14,ROSTER,2023 4.05,2025-09-14
2025,2,0011,16235,1,1.08,ROSTER,2023 5.01,2025-09-14
2025,2,0011,15001,3,2.62,ROSTER,2024 oEXT,2025-09-14
2025,2,0011,15751,5,17.41,ROSTER,2025 iEXT,2025-09-14
2025,2,0011,15393,3,2.0,ROSTER,2024 oEXT,2025-09-14
2025,2,0011,16580,3,3.67,ROSTER,2024 1.08,2025-09-14
2025,2,0011,16583,3,2.6,ROSTER,2024 1.13,2025-09-14
2025,2,0011,16601,2,0.99,ROSTER,2024 5.08,2025-09-14
2025,2,0011,16616,3,5.58,ROSTER,2024 1.04,2025-09-14
2025,2,0011,14138,1,13.6,ROSTER,2022 iEXT,2025-09-14
2025,2,0011,14148,4,7.67,ROSTER,2025 oEXT,2025-09-14
2025,2,0011,16702,2,1.7,ROSTER,2025 oEXT,2025-09-14
2025,2,0011,14157,3,12.78,ROSTER,2023 UFA,2025-09-14
2025,2,0011,14867,2,5.23,ROSTER,2025 B/R,2025-09-14
2025,2,0011,17044,4,8.23,ROSTER,2025 1.02,2025-09-14
2025,2,0011,17048,4,3.1,ROSTER,2025 1.11,2025-09-14
2025,2,0011,17032,4,2.14,ROSTER,2025 2.02,2025-09-14
2025,2,0011,17114,3,1.14,ROSTER,2025 3.15,2025-09-14
2025,2,0011,17053,3,1.09,ROSTER,2025 3.20,2025-09-14
2025,2,0011,16269,1,1.1,ROSTER,2025 ERFA,2025-09-14
2025,2,0011,16240,1,1.1,ROSTER,2025 ERFA,2025-09-14
2025,2,0011,15872,1,1.1,ROSTER,2025 ERFA,2025-09-14
2025,2,0011,16102,1,1.1,ROSTER,2025 ERFA,2025-09-14
2025,2,0011,17035,3,0.9,ROSTER,2025 UDFA,2025-09-14
2025,2,0011,15253,2,6.65,ROSTER,2025 UFA,2025-09-14
2025,2,0011,15856,1,6.3,ROSTER,2025 UFA,2025-09-14
2025,2,0011,7836,1,10.0,ROSTER,2025 UFA,2025-09-14
2025,2,0011,15357,2,12.45,ROSTER,2025 UFA,2025-09-14
2025,2,0011,15076,1,1.8,ROSTER,2025 UFA,2025-09-14
2025,2,0011,15499,1,1.0,ROSTER,2025 UFA,2025-09-14
2025,2,0011,13690,3,3.98,ROSTER,2025 iEXT,2025-09-14
2025,2,0011,14842,3,7.62,ROSTER,2023 iEXT,2025-09-14
2025,2,0011,17124,3,0.9,ROSTER,2025 UDFA,2025-09-14
2025,2,0011,17173,3,0.9,ROSTER,2025 UDFA,2025-09-14
2025,2,0011,17222,3,0.9,ROSTER,2025 UDFA,2025-09-14
2025,2,0011,15892,1,1.8,ROSTER,2025 UFA,2025-09-14
2025,2,0011,16695,1,1.0,ROSTER,2025 UFA,2025-09-14
2025,2,0011,16174,1,1.0,ROSTER,2025 UFA,2025-09-14
2025,2,0011,16723,1,1.9,ROSTER,2025 UFA,2025-09-14
2025,2,0011,12785,1,1.0,TAXI_SQUAD,2025 UFA,2025-09-14
2025,2,0012,13593,1,22.74,ROSTER,2021 EXT,2025-09-14
2025,2,0012,13743,1,7.41,ROSTER,2021 EXT,2025-09-14
2025,2,0012,14167,2,14.95,ROSTER,2022 iEXT,2025-09-14
2025,2,0012,15692,1,6.45,ROSTER,2022 1.05,2025-09-14
2025,2,0012,13693,1,3.19,ROSTER,2022 UFA,2025-09-14
2025,2,0012,15717,1,2.16,ROSTER,2022 2.06,2025-09-14
2025,2,0012,14164,2,3.38,ROSTER,2023 oEXT,2025-09-14
2025,2,0012,16245,2,1.24,ROSTER,2023 3.14,2025-09-14
2025,2,0012,16615,3,6.38,ROSTER,2024 1.03,2025-09-14
2025,2,0012,16653,3,1.99,ROSTER,2024 2.03,2025-09-14
2025,2,0012,16700,3,1.2,ROSTER,2024 3.12,2025-09-14
2025,2,0012,11232,1,16.72,ROSTER,2024 UFA,2025-09-14
2025,2,0012,15863,1,1.09,ROSTER,2022 5.21,2025-09-14
2025,2,0012,16708,3,1.02,ROSTER,2024 4.14,2025-09-14
2025,2,0012,16676,3,1.01,ROSTER,2024 4.17,2025-09-14
2025,2,0012,16271,2,1.32,ROSTER,2023 3.09,2025-09-14
2025,2,0012,16211,2,1.3,ROSTER,2023 3.10,2025-09-14
2025,2,0012,16667,2,1.08,ROSTER,2024 4.03,2025-09-14
2025,2,0012,15839,1,1.1,ROSTER,2024 R/F,2025-09-14
2025,2,0012,15802,1,3.45,ROSTER,2024 UFA,2025-09-14
2025,2,0012,15895,1,1.81,ROSTER,2023 iEXT,2025-09-14
2025,2,0012,13704,2,3.76,ROSTER,2024 UFA,2025-09-14
2025,2,0012,13163,1,26.62,ROSTER,2023 B/R,2025-09-14
2025,2,0012,9051,1,7.0,ROSTER,2025 RRFA,2025-09-14
2025,2,0012,13987,1,1.09,ROSTER,2025 ERFA,2025-09-14
2025,2,0012,16018,1,1.09,ROSTER,2025 ERFA,2025-09-14
2025,2,0012,13319,1,10.5,ROSTER,2025 B/R,2025-09-14
2025,2,0012,17068,4,2.45,ROSTER,2025 1.15,2025-09-14
2025,2,0012,17069,4,1.35,ROSTER,2025 3.03,2025-09-14
2025,2,0012,13132,2,15.2,ROSTER,2025 UFA,2025-09-14
2025,2,0012,15681,1,2.6,ROSTER,2025 UFA,2025-09-14
2025,2,0012,13672,1,4.0,ROSTER,2025 UFA,2025-09-14
2025,2,0012,15972,2,7.6,ROSTER,2025 UFA,2025-09-14
2025,2,0012,16278,1,0.98,ROSTER,2023 UDFA,2025-09-14
2025,2,0012,16314,1,0.98,ROSTER,2023 UDFA,2025-09-14
2025,2,0012,16752,1,1.0,ROSTER,2025 UFA,2025-09-14
2025,2,0012,13138,2,1.0,ROSTER,2025 R/F,2025-09-14
2025,2,0012,17049,4,0.94,ROSTER,2025 5.15,2025-09-14
2025,2,0012,16887,1,1.0,ROSTER,2025 UFA,2025-09-14
2025,2,0012,14252,1,1.0,ROSTER,2025 R/F,2025-09-14
2025,2,0012,17058,4,0.94,ROSTER,2025 5.13,2025-09-14
2025,2,0012,17105,3,0.9,ROSTER,2025 UDFA,2025-09-14
2025,2,0012,13156,1,1.8,ROSTER,2025 UFA,2025-09-14
2025,2,0012,15787,1,1.0,ROSTER,2025 UFA,2025-09-14
2025,2,0012,16896,1,1.0,ROSTER,2025 UFA,2025-09-14
2025,2,0012,16257,2,1.43,INJURED_RESERVE,2023 3.03,2025-09-14
2025,2,0012,16186,2,4.07,TAXI_SQUAD,2023 1.08,2025-09-14
2025,2,0013,14186,1,3.38,ROSTER,2023 oEXT,2025-09-14
2025,2,0013,15237,4,17.13,ROSTER,2024 iEXT,2025-09-14
2025,2,0013,15834,1,2.76,ROSTER,2022 1.16,2025-09-14
2025,2,0013,15788,1,1.59,ROSTER,2022 3.02,2025-09-14
2025,2,0013,15293,4,4.55,ROSTER,2024 iEXT,2025-09-14
2025,2,0013,16162,2,7.21,ROSTER,2023 1.03,2025-09-14
2025,2,0013,16239,2,2.66,ROSTER,2023 1.14,2025-09-14
2025,2,0013,16254,2,1.75,ROSTER,2023 2.09,2025-09-14
2025,2,0013,16256,2,1.47,ROSTER,2023 3.01,2025-09-14
2025,2,0013,16234,2,1.28,ROSTER,2023 3.12,2025-09-14
2025,2,0013,10768,1,5.38,ROSTER,2024 SRFA,2025-09-14
2025,2,0013,14879,3,3.43,ROSTER,2024 ORFA4,2025-09-14
2025,2,0013,13700,2,9.9,ROSTER,2024 B/R,2025-09-14
2025,2,0013,10700,1,15.68,ROSTER,2024 UFA,2025-09-14
2025,2,0013,16617,3,2.93,ROSTER,2024 1.11,2025-09-14
2025,2,0013,16618,3,3.14,ROSTER,2024 1.10,2025-09-14
2025,2,0013,16644,3,1.62,ROSTER,2024 2.10,2025-09-14
2025,2,0013,16698,3,1.06,ROSTER,2024 4.07,2025-09-14
2025,2,0013,15831,1,1.24,ROSTER,2022 4.02,2025-09-14
2025,2,0013,14882,1,1.81,ROSTER,2023 UFA,2025-09-14
2025,2,0013,15835,1,3.41,ROSTER,2022 2.12^,2025-09-14
2025,2,0013,11728,1,4.25,ROSTER,2024 iEXT,2025-09-14
2025,2,0013,10814,1,1.0,ROSTER,2025 R/F,2025-09-14
2025,2,0013,12688,1,19.75,ROSTER,2025 NEFT,2025-09-14
2025,2,0013,14974,2,8.25,ROSTER,2025 SRFA,2025-09-14
2025,2,0013,13130,1,25.0,ROSTER,2025 B/R,2025-09-14
2025,2,0013,17030,4,5.38,ROSTER,2025 1.05,2025-09-14
2025,2,0013,15713,1,1.19,ROSTER,2022 4.10,2025-09-14
2025,2,0013,17123,4,1.91,ROSTER,2025 2.05,2025-09-14
2025,2,0013,13632,1,1.8,ROSTER,2025 UFA,2025-09-14
2025,2,0013,11721,2,3.71,ROSTER,2025 UFA,2025-09-14
2025,2,0013,13717,1,3.0,ROSTER,2025 UFA,2025-09-14
2025,2,0013,13192,1,8.9,ROSTER,2025 UFA,2025-09-14
2025,2,0013,13227,1,1.9,ROSTER,2025 UFA,2025-09-14
2025,2,0013,14244,1,1.0,ROSTER,2025 UFA,2025-09-14
2025,2,0013,14861,1,1.8,ROSTER,2025 UFA,2025-09-14
2025,2,0013,16295,1,1.0,ROSTER,2025 UFA,2025-09-14
2025,2,0013,16672,3,0.99,ROSTER,2024 5.07,2025-09-14
2025,2,0013,16268,1,1.0,ROSTER,2025 UFA,2025-09-14
2025,2,0013,17179,4,0.93,ROSTER,2025 5.23,2025-09-14
2025,2,0013,16796,2,0.94,ROSTER,2024 UDFA,2025-09-14
2025,2,0013,17118,3,0.9,ROSTER,2025 UDFA,2025-09-14
2025,2,0013,17212,4,1.0,ROSTER,2025 4.11,2025-09-14
2025,2,0013,16673,1,1.8,ROSTER,2025 UFA,2025-09-14
2025,2,0013,13199,1,1.9,ROSTER,2025 UFA,2025-09-14
2025,2,0013,16665,3,1.75,INJURED_RESERVE,2024 2.07,2025-09-14
2025,2,0013,17206,3,0.9,INJURED_RESERVE,2025 UDFA,2025-09-14
2025,2,0013,11768,1,1.0,TAXI_SQUAD,2025 UFA,2025-09-14
2025,2,0014,13604,1,14.37,ROSTER,2021 EXT,2025-09-14
2025,2,0014,15345,3,3.71,ROSTER,2024 iEXT,2025-09-14
2025,2,0014,15712,1,1.44,ROSTER,2022 3.09,2025-09-14
2025,2,0014,15851,1,1.55,ROSTER,2022 3.04,2025-09-14
2025,2,0014,13214,6,23.05,ROSTER,2025 iEXT,2025-09-14
2025,2,0014,15698,1,30.55,ROSTER,2024 iEXT,2025-09-14
2025,2,0014,16148,2,5.54,ROSTER,2023 1.05,2025-09-14
2025,2,0014,16191,2,1.33,ROSTER,2023 3.08,2025-09-14
2025,2,0014,16241,2,1.13,ROSTER,2023 4.08,2025-09-14
2025,2,0014,16167,2,2.21,ROSTER,2023 2.02,2025-09-14
2025,2,0014,13251,2,2.97,ROSTER,2024 B/R,2025-09-14
2025,2,0014,16694,3,1.33,ROSTER,2024 3.04,2025-09-14
2025,2,0014,16696,3,1.44,ROSTER,2024 2.15,2025-09-14
2025,2,0014,10816,2,3.07,ROSTER,2024 UFA,2025-09-14
2025,2,0014,16724,3,1.03,ROSTER,2024 4.12,2025-09-14
2025,2,0014,16264,2,1.06,ROSTER,2023 5.08,2025-09-14
2025,2,0014,16622,3,2.34,ROSTER,2024 1.15,2025-09-14
2025,2,0014,12186,2,22.77,ROSTER,2024 UFA,2025-09-14
2025,2,0014,14079,2,1.0,ROSTER,2025 R/F,2025-09-14
2025,2,0014,13193,1,1.09,ROSTER,2025 ERFA,2025-09-14
2025,2,0014,15394,1,1.09,ROSTER,2025 ERFA,2025-09-14
2025,2,0014,13298,2,5.35,ROSTER,2025 SRFA,2025-09-14
2025,2,0014,17112,4,3.61,ROSTER,2025 1.09,2025-09-14
2025,2,0014,17106,4,1.52,ROSTER,2025 2.13,2025-09-14
2025,2,0014,17073,4,1.1,ROSTER,2025 3.19,2025-09-14
2025,2,0014,15319,1,5.5,ROSTER,2025 UFA,2025-09-14
2025,2,0014,14182,1,5.8,ROSTER,2025 UFA,2025-09-14
2025,2,0014,13674,1,8.0,ROSTER,2025 UFA,2025-09-14
2025,2,0014,12437,1,1.0,ROSTER,2025 UFA,2025-09-14
2025,2,0014,14933,1,1.8,ROSTER,2025 UFA,2025-09-14
2025,2,0014,17254,3,0.9,ROSTER,2025 UDFA,2025-09-14
2025,2,0014,17119,4,0.99,ROSTER,2025 4.13,2025-09-14
2025,2,0014,17130,3,0.9,ROSTER,2025 UDFA,2025-09-14
2025,2,0014,17127,4,0.96,ROSTER,2025 5.05,2025-09-14
2025,2,0014,16267,1,0.98,ROSTER,2023 UDFA,2025-09-14
2025,2,0014,17145,4,0.94,ROSTER,2025 5.16,2025-09-14
2025,2,0014,17177,3,0.9,ROSTER,2025 UDFA,2025-09-14
2025,2,0014,14302,1,1.0,ROSTER,2025 UFA,2025-09-14
2025,2,0014,11671,4,33.85,ROSTER,2025 iEXT,2025-09-14
2025,2,0014,12764,1,5.3,ROSTER,2025 UFA,2025-09-14
2025,2,0014,14169,2,1.0,ROSTER,2025 R/F,2025-09-14
2025,2,0014,15241,1,1.8,ROSTER,2025 UFA,2025-09-14
2025,2,0014,14328,1,1.0,ROSTER,2025 UFA,2025-09-14
2025,2,0014,13798,1,1.2,ROSTER,2025 UFA,2025-09-14
2025,2,0014,15356,1,1.0,ROSTER,2025 UFA,2025-09-14
2025,2,0014,15858,1,1.57,INJURED_RESERVE,2022 3.03,2025-09-14
2025,2,0014,15821,1,5.35,INJURED_RESERVE,2022 2.09^,2025-09-14
2025,2,0014,15510,1,1.1,INJURED_RESERVE,2025 ERFA,2025-09-14
2025,2,0014,16642,3,0.98,INJURED_RESERVE,2024 5.12,2025-09-14
2025,2,0014,15379,1,1.0,TAXI_SQUAD,2025 UFA,2025-09-14
2025,2,0014,14215,2,1.0,TAXI_SQUAD,2025 R/F,2025-09-14
2025,2,0015,15287,4,34.24,ROSTER,2024 iEXT,2025-09-14
2025,2,0015,15845,2,3.19,ROSTER,2024 oEXT,2025-09-14
2025,2,0015,14908,2,4.31,ROSTER,2024 oEXT,2025-09-14
2025,2,0015,16233,2,3.0,ROSTER,2023 1.12,2025-09-14
2025,2,0015,16280,2,1.25,ROSTER,2023 3.13,2025-09-14
2025,2,0015,11675,1,27.23,ROSTER,2023 UFA,2025-09-14
2025,2,0015,14777,3,24.52,ROSTER,2023 iEXT,2025-09-14
2025,2,0015,12734,1,1.1,ROSTER,2024 R/F,2025-09-14
2025,2,0015,16581,3,3.38,ROSTER,2024 1.09,2025-09-14
2025,2,0015,16690,3,1.1,ROSTER,2024 3.21,2025-09-14
2025,2,0015,12686,1,5.43,ROSTER,2024 UFA,2025-09-14
2025,2,0015,13260,1,1.1,ROSTER,2024 R/F,2025-09-14
2025,2,0015,13714,2,5.15,ROSTER,2024 B/R,2025-09-14
2025,2,0015,16281,2,1.06,ROSTER,2023 5.10,2025-09-14
2025,2,0015,16224,2,1.29,ROSTER,2023 3.11,2025-09-14
2025,2,0015,16699,3,1.11,ROSTER,2024 3.20,2025-09-14
2025,2,0015,12678,1,6.53,ROSTER,2023 UFA,2025-09-14
2025,2,0015,16215,2,1.71,ROSTER,2023 2.10,2025-09-14
2025,2,0015,15805,1,3.69,ROSTER,2022 1.11,2025-09-14
2025,2,0015,16629,3,1.65,ROSTER,2024 2.09,2025-09-14
2025,2,0015,15850,1,3.41,ROSTER,2022 3.11^,2025-09-14
2025,2,0015,16012,2,1.0,ROSTER,2025 R/F,2025-09-14
2025,2,0015,9064,2,1.0,ROSTER,2025 R/F,2025-09-14
2025,2,0015,13172,2,1.0,ROSTER,2025 R/F,2025-09-14
2025,2,0015,15337,1,1.1,ROSTER,2025 ERFA,2025-09-14
2025,2,0015,13718,1,1.1,ROSTER,2025 ERFA,2025-09-14
2025,2,0015,13696,3,9.0,ROSTER,2025 B/R,2025-09-14
2025,2,0015,17043,4,4.8,ROSTER,2025 1.06,2025-09-14
2025,2,0015,17147,4,1.85,ROSTER,2025 2.06,2025-09-14
2025,2,0015,17132,4,1.28,ROSTER,2025 3.06,2025-09-14
2025,2,0015,17139,4,1.0,ROSTER,2025 4.12,2025-09-14
2025,2,0015,12697,2,7.6,ROSTER,2025 UFA,2025-09-14
2025,2,0015,14085,2,7.41,ROSTER,2025 UFA,2025-09-14
2025,2,0015,15051,1,1.0,ROSTER,2025 UFA,2025-09-14
2025,2,0015,13404,1,1.8,ROSTER,2025 UFA,2025-09-14
2025,2,0015,11674,1,1.8,ROSTER,2025 UFA,2025-09-14
2025,2,0015,10775,2,4.37,ROSTER,2025 UFA,2025-09-14
2025,2,0015,11723,1,5.4,ROSTER,2025 UFA,2025-09-14
2025,2,0015,12187,1,5.0,ROSTER,2025 UFA,2025-09-14
2025,2,0015,13933,1,6.5,ROSTER,2025 UFA,2025-09-14
2025,2,0015,14095,1,1.8,ROSTER,2025 UFA,2025-09-14
2025,2,0015,17066,3,0.9,ROSTER,2025 UDFA,2025-09-14
2025,2,0015,17255,3,0.9,ROSTER,2025 UDFA,2025-09-14
2025,2,0015,14592,2,1.0,ROSTER,2025 R/F,2025-09-14
2025,2,0015,13759,1,1.8,ROSTER,2025 UFA,2025-09-14
2025,2,0015,16628,3,1.24,INJURED_RESERVE,2024 3.09,2025-09-14
2025,2,0015,15789,1,3.98,INJURED_RESERVE,2022 1.10,2025-09-14
2025,2,0015,17141,4,1.03,INJURED_RESERVE,2025 4.06,2025-09-14
2025,2,0016,15742,1,5.71,ROSTER,2023 iEXT,2025-09-14
2025,2,0016,15889,4,4.51,ROSTER,2023 oEXT,2025-09-14
2025,2,0016,16150,2,6.27,ROSTER,2023 1.04,2025-09-14
2025,2,0016,14303,3,3.08,ROSTER,2024 oEXT,2025-09-14
2025,2,0016,16228,2,1.41,ROSTER,2023 3.04,2025-09-14
2025,2,0016,16222,2,1.17,ROSTER,2023 4.04,2025-09-14
2025,2,0016,16643,2,1.22,ROSTER,2024 3.10,2025-09-14
2025,2,0016,16195,5,3.4,ROSTER,2024 oEXT,2025-09-14
2025,2,0016,16216,1,1.22,ROSTER,2023 3.16,2025-09-14
2025,2,0016,13813,1,14.52,ROSTER,2023 SRFA,2025-09-14
2025,2,0016,14800,2,6.77,ROSTER,2025 SRFA,2025-09-14
2025,2,0016,15716,4,5.35,ROSTER,2025 SRFA,2025-09-14
2025,2,0016,14896,2,7.93,ROSTER,2024 oEXT,2025-09-14
2025,2,0016,14778,5,13.6,ROSTER,2025 B/R,2025-09-14
2025,2,0016,17042,4,9.82,ROSTER,2025 1.01,2025-09-14
2025,2,0016,17070,4,2.23,ROSTER,2025 2.01,2025-09-14
2025,2,0016,14180,1,3.5,ROSTER,2025 ORFA4,2025-09-14
2025,2,0016,15363,5,1.87,ROSTER,2024 oEXT,2025-09-14
2025,2,0016,14995,1,7.18,ROSTER,2023 iEXT,2025-09-14
2025,2,0016,16817,2,1.9,ROSTER,2025 UFA,2025-09-14
2025,2,0016,16712,4,2.55,ROSTER,2025 UFA,2025-09-14
2025,2,0016,13208,1,12.6,ROSTER,2025 UFA,2025-09-14
2025,2,0016,14217,3,4.5,ROSTER,2025 UFA,2025-09-14
2025,2,0016,15386,1,1.8,ROSTER,2025 UFA,2025-09-14
2025,2,0016,13245,2,5.45,ROSTER,2024 B/R,2025-09-14
2025,2,0016,12263,1,4.0,ROSTER,2025 UFA,2025-09-14
2025,2,0016,17303,1,1.0,ROSTER,2025 UFA,2025-09-14
2025,2,0016,17079,1,1.0,ROSTER,2025 UFA,2025-09-14
2025,2,0016,16265,2,1.07,ROSTER,2023 5.03,2025-09-14
2025,2,0016,13431,2,1.0,ROSTER,2025 R/F,2025-09-14
2025,2,0016,16274,2,1.0,ROSTER,2025 R/F,2025-09-14
2025,2,0016,16342,1,0.98,ROSTER,2023 UDFA,2025-09-14
2025,2,0016,17076,3,0.9,ROSTER,2025 UDFA,2025-09-14
2025,2,0016,17205,3,0.9,ROSTER,2025 UDFA,2025-09-14
2025,2,0016,17175,3,0.9,ROSTER,2025 UDFA,2025-09-14
2025,2,0016,17087,4,0.94,ROSTER,2025 5.17,2025-09-14
2025,2,0016,17192,3,0.9,ROSTER,2025 UDFA,2025-09-14
2025,2,0016,17096,4,0.98,ROSTER,2025 4.15,2025-09-14
2025,2,0016,16681,1,0.94,ROSTER,2024 UDFA,2025-09-14
2025,2,0016,13325,1,1.1,ROSTER,2025 ERFA,2025-09-14
2025,2,0016,17163,3,0.9,ROSTER,2025 UDFA,2025-09-14
2025,2,0016,16691,2,1.16,ROSTER,2024 3.15,2025-09-14
2025,2,0016,14954,1,1.0,ROSTER,2025 UFA,2025-09-14
2025,2,0016,16188,2,3.73,ROSTER,2023 1.09,2025-09-14
2025,2,0016,15380,1,1.0,ROSTER,2025 UFA,2025-09-14
2025,2,0016,15351,4,5.95,INJURED_RESERVE,2025 B/R,2025-09-14
2025,2,0016,17136,4,1.4,INJURED_RESERVE,2025 3.01,2025-09-14
2025,2,0016,16711,2,1.0,INJURED_RESERVE,2025 R/F,2025-09-14
2025,2,0016,16809,5,4.64,INJURED_RESERVE,2024 iEXT,2025-09-14
2025,2,0017,15822,1,3.05,ROSTER,2022 1.14,2025-09-14
2025,2,0017,16162,2,6.27,ROSTER,2023 1.04,2025-09-14
2025,2,0017,16256,2,2.05,ROSTER,2023 2.04,2025-09-14
2025,2,0017,16265,2,1.06,ROSTER,2023 5.13,2025-09-14
2025,2,0017,11671,1,16.34,ROSTER,2023 UFA,2025-09-14
2025,2,0017,15852,1,3.41,ROSTER,2022 5.10^,2025-09-14
2025,2,0017,16223,2,4.07,ROSTER,2023 1.08,2025-09-14
2025,2,0017,14777,4,24.79,ROSTER,2023 iEXT,2025-09-14
2025,2,0017,14109,3,9.35,ROSTER,2024 B/R,2025-09-14
2025,2,0017,16615,3,7.41,ROSTER,2024 1.02,2025-09-14
2025,2,0017,16641,3,6.38,ROSTER,2024 1.03,2025-09-14
2025,2,0017,16614,3,5.58,ROSTER,2024 1.04,2025-09-14
2025,2,0017,16651,3,2.15,ROSTER,2024 2.01,2025-09-14
2025,2,0017,16692,3,1.35,ROSTER,2024 3.03,2025-09-14
2025,2,0017,16677,3,1.31,ROSTER,2024 3.05,2025-09-14
2025,2,0017,15484,3,8.42,ROSTER,2024 UFA,2025-09-14
2025,2,0017,15894,2,1.87,ROSTER,2024 UFA,2025-09-14
2025,2,0017,16014,1,2.2,ROSTER,2024 UFA,2025-09-14
2025,2,0017,16148,2,7.21,ROSTER,2023 1.03,2025-09-14
2025,2,0017,15402,2,1.65,ROSTER,2024 oEXT,2025-09-14
2025,2,0017,15806,1,4.31,ROSTER,2022 1.09,2025-09-14
2025,2,0017,16681,2,0.94,ROSTER,2024 UDFA,2025-09-14
2025,2,0017,16383,1,0.98,ROSTER,2023 UDFA,2025-09-14
2025,2,0017,12842,1,1.1,ROSTER,2025 ERFA,2025-09-14
2025,2,0017,12734,1,4.2,ROSTER,2025 RRFA,2025-09-14
2025,2,0017,11232,1,1.9,ROSTER,2025 B/R,2025-09-14
2025,2,0017,17042,4,9.82,ROSTER,2025 1.01,2025-09-14
2025,2,0017,17081,4,2.9,ROSTER,2025 1.12,2025-09-14
2025,2,0017,17108,4,1.23,ROSTER,2025 3.09,2025-09-14
2025,2,0017,17126,4,1.18,ROSTER,2025 3.12,2025-09-14
2025,2,0017,17055,4,1.03,ROSTER,2025 4.04,2025-09-14
2025,2,0017,16667,3,1.06,ROSTER,2024 4.09,2025-09-14
2025,2,0017,12698,1,1.9,ROSTER,2025 UFA,2025-09-14
2025,2,0017,15337,2,1.86,ROSTER,2025 UFA,2025-09-14
2025,2,0017,12217,1,1.9,ROSTER,2025 UFA,2025-09-14
2025,2,0017,15380,1,2.5,ROSTER,2025 UFA,2025-09-14
2025,2,0017,16702,2,4.37,ROSTER,2025 UFA,2025-09-14
2025,2,0017,15831,1,1.8,ROSTER,2025 UFA,2025-09-14
2025,2,0017,17139,4,0.94,ROSTER,2025 5.09,2025-09-14
2025,2,0017,15921,2,1.0,ROSTER,2025 R/F,2025-09-14
2025,2,0017,17129,3,0.9,ROSTER,2025 UDFA,2025-09-14
2025,2,0017,14095,2,1.0,ROSTER,2025 R/F,2025-09-14
2025,2,0017,16460,1,1.9,ROSTER,2025 UFA,2025-09-14
2025,2,0017,16240,2,1.11,ROSTER,2023 4.12,2025-09-14
2025,2,0017,15975,1,1.1,ROSTER,2024 R/F,2025-09-14
2025,2,0017,17249,3,0.9,INJURED_RESERVE,2025 UDFA,2025-09-14
2025,2,0017,16165,2,1.33,INJURED_RESERVE,2023 3.08,2025-09-14
2025,2,0017,14251,1,1.87,INJURED_RESERVE,2024 UFA,2025-09-14
2025,2,0018,15287,4,33.68,ROSTER,2024 iEXT,2025-09-14
2025,2,0018,15815,1,2.76,ROSTER,2022 1.16,2025-09-14
2025,2,0018,13837,2,8.55,ROSTER,2024 iEXT,2025-09-14
2025,2,0018,15708,1,11.66,ROSTER,2022 1.01+,2025-09-14
2025,2,0018,16188,2,4.47,ROSTER,2023 1.07,2025-09-14
2025,2,0018,16190,2,3.21,ROSTER,2023 1.11,2025-09-14
2025,2,0018,13284,2,5.15,ROSTER,2024 iEXT,2025-09-14
2025,2,0018,14630,2,3.63,ROSTER,2024 iEXT,2025-09-14
2025,2,0018,13214,3,20.57,ROSTER,2024 B/R,2025-09-14
2025,2,0018,16580,3,2.93,ROSTER,2024 1.11,2025-09-14
2025,2,0018,16689,3,1.57,ROSTER,2024 2.11,2025-09-14
2025,2,0018,14224,2,6.14,ROSTER,2024 UFA,2025-09-14
2025,2,0018,16271,2,1.34,ROSTER,2023 3.07,2025-09-14
2025,2,0018,16261,2,1.04,ROSTER,2023 5.16,2025-09-14
2025,2,0018,15394,3,5.84,ROSTER,2024 iEXT,2025-09-14
2025,2,0018,14213,2,1.0,ROSTER,2025 R/F,2025-09-14
2025,2,0018,14995,2,5.35,ROSTER,2025 SRFA,2025-09-14
2025,2,0018,15904,3,5.35,ROSTER,2025 SRFA,2025-09-14
2025,2,0018,14928,2,5.42,ROSTER,2025 B/R,2025-09-14
2025,2,0018,17132,4,1.56,ROSTER,2025 2.12,2025-09-14
2025,2,0018,14717,1,1.8,ROSTER,2025 UFA,2025-09-14
2025,2,0018,17102,4,3.1,ROSTER,2025 1.11,2025-09-14
2025,2,0018,17118,4,1.12,ROSTER,2025 3.17,2025-09-14
2025,2,0018,17125,4,1.2,ROSTER,2025 3.11,2025-09-14
2025,2,0018,16279,1,1.1,ROSTER,2025 ERFA,2025-09-14
2025,2,0018,13192,1,6.0,ROSTER,2025 UFA,2025-09-14
2025,2,0018,11769,2,3.04,ROSTER,2025 UFA,2025-09-14
2025,2,0018,14800,1,4.2,ROSTER,2025 UFA,2025-09-14
2025,2,0018,16342,1,1.8,ROSTER,2025 UFA,2025-09-14
2025,2,0018,9431,2,9.69,ROSTER,2025 UFA,2025-09-14
2025,2,0018,15445,3,2.07,ROSTER,2025 UFA,2025-09-14
2025,2,0018,14221,3,5.58,ROSTER,2025 UFA,2025-09-14
2025,2,0018,13742,2,2.95,ROSTER,2025 UFA,2025-09-14
2025,2,0018,13164,2,3.8,ROSTER,2025 UFA,2025-09-14
2025,2,0018,13810,1,1.8,ROSTER,2025 UFA,2025-09-14
2025,2,0018,17060,4,0.94,ROSTER,2025 5.13,2025-09-14
2025,2,0018,17064,4,0.94,ROSTER,2025 5.11,2025-09-14
2025,2,0018,16013,2,2.97,ROSTER,2024 UFA,2025-09-14
2025,2,0018,15757,1,1.38,ROSTER,2022 3.12,2025-09-14
2025,2,0018,16195,1,1.8,ROSTER,2025 UFA,2025-09-14
2025,2,0018,13227,1,1.9,ROSTER,2025 UFA,2025-09-14
2025,2,0018,14899,1,1.0,ROSTER,2025 UFA,2025-09-14
2025,2,0018,15881,1,1.0,ROSTER,2025 UFA,2025-09-14
2025,2,0018,14907,1,1.9,ROSTER,2025 UFA,2025-09-14
2025,2,0018,13806,1,1.1,ROSTER,2025 ERFA,2025-09-14
2025,2,0018,16738,4,2.72,INJURED_RESERVE,2025 UFA,2025-09-14
2025,2,0018,16231,2,1.67,INJURED_RESERVE,2023 2.11,2025-09-14
2025,2,0018,17166,3,0.9,INJURED_RESERVE,2025 UDFA,2025-09-14
2025,2,0019,14782,4,10.45,ROSTER,2023 iEXT,2025-09-14
2025,2,0019,15753,1,5.18,ROSTER,2022 1.07,2025-09-14
2025,2,0019,15712,1,1.33,ROSTER,2022 3.15,2025-09-14
2025,2,0019,11244,1,30.25,ROSTER,2023 NEFToff,2025-09-14
2025,2,0019,14167,2,13.31,ROSTER,2023 B/R,2025-09-14
2025,2,0019,16252,2,1.21,ROSTER,2023 3.17,2025-09-14
2025,2,0019,16263,2,1.41,ROSTER,2023 3.04,2025-09-14
2025,2,0019,16175,2,1.23,ROSTER,2023 3.15,2025-09-14
2025,2,0019,14163,6,14.71,ROSTER,2025 oEXT,2025-09-14
2025,2,0019,14085,1,8.89,ROSTER,2024 UFA,2025-09-14
2025,2,0019,16206,2,1.04,ROSTER,2023 5.22,2025-09-14
2025,2,0019,15076,2,3.7,ROSTER,2024 iEXT,2025-09-14
2025,2,0019,16698,3,1.09,ROSTER,2024 4.04,2025-09-14
2025,2,0019,15798,5,3.87,ROSTER,2024 iEXT,2025-09-14
2025,2,0019,16654,3,1.0,ROSTER,2024 4.24,2025-09-14
2025,2,0019,16236,2,1.04,ROSTER,2023 5.21,2025-09-14
2025,2,0019,14947,1,3.41,ROSTER,2024 RRFA,2025-09-14
2025,2,0019,15349,5,10.81,ROSTER,2024 B/R,2025-09-14
2025,2,0019,16629,3,1.75,ROSTER,2024 2.07,2025-09-14
2025,2,0019,16268,2,1.04,ROSTER,2023 5.17,2025-09-14
2025,2,0019,14900,4,6.72,ROSTER,2025 B/R,2025-09-14
2025,2,0019,13933,1,1.1,ROSTER,2025 ERFA,2025-09-14
2025,2,0019,15868,1,1.1,ROSTER,2025 ERFA,2025-09-14
2025,2,0019,17080,4,1.25,ROSTER,2025 3.08,2025-09-14
2025,2,0019,14218,3,7.29,ROSTER,2025 UFA,2025-09-14
2025,2,0019,10783,1,1.8,ROSTER,2025 UFA,2025-09-14
2025,2,0019,14059,2,5.8,ROSTER,2025 UFA,2025-09-14
2025,2,0019,12752,1,6.1,ROSTER,2025 UFA,2025-09-14
2025,2,0019,16457,3,1.86,ROSTER,2025 UFA,2025-09-14
2025,2,0019,13702,1,5.0,ROSTER,2025 UFA,2025-09-14
2025,2,0019,12626,2,27.84,ROSTER,2025 UFA,2025-09-14
2025,2,0019,17134,4,1.35,ROSTER,2025 3.03,2025-09-14
2025,2,0019,17148,4,1.05,ROSTER,2025 4.01,2025-09-14
2025,2,0019,17153,4,1.04,ROSTER,2025 4.03,2025-09-14
2025,2,0019,15388,1,5.1,ROSTER,2025 UFA,2025-09-14
2025,2,0019,13692,1,3.0,ROSTER,2025 UFA,2025-09-14
2025,2,0019,15032,1,1.0,ROSTER,2025 UFA,2025-09-14
2025,2,0019,12772,1,1.1,ROSTER,2025 ERFA,2025-09-14
2025,2,0019,17220,3,0.9,ROSTER,2025 UDFA,2025-09-14
2025,2,0019,13759,2,1.0,ROSTER,2025 R/F,2025-09-14
2025,2,0019,17156,3,0.9,ROSTER,2025 UDFA,2025-09-14
2025,2,0019,16304,1,1.0,ROSTER,2025 UFA,2025-09-14
2025,2,0019,17171,4,0.96,ROSTER,2025 5.03,2025-09-14
2025,2,0019,17234,3,0.9,ROSTER,2025 UDFA,2025-09-14
2025,2,0019,14600,1,1.0,ROSTER,2025 UFA,2025-09-14
2025,2,0019,15089,1,1.1,INJURED_RESERVE,2025 ERFA,2025-09-14
2025,2,0019,11945,1,1.0,TAXI_SQUAD,2025 UFA,2025-09-14
2025,2,0020,14892,1,7.78,ROSTER,2024 oEXT,2025-09-14
2025,2,0020,14896,1,8.33,ROSTER,2024 oEXT,2025-09-14
2025,2,0020,15907,1,3.06,ROSTER,2022 iEXT,2025-09-14
2025,2,0020,15861,1,2.54,ROSTER,2024 oEXT,2025-09-14
2025,2,0020,16258,2,1.54,ROSTER,2023 2.15,2025-09-14
2025,2,0020,16264,2,1.08,ROSTER,2023 5.02,2025-09-14
2025,2,0020,16333,1,0.98,ROSTER,2023 UDFA,2025-09-14
2025,2,0020,16369,1,0.98,ROSTER,2023 UDFA,2025-09-14
2025,2,0020,16278,1,0.98,ROSTER,2023 UDFA,2025-09-14
2025,2,0020,14842,2,13.24,ROSTER,2024 oEXT,2025-09-14
2025,2,0020,16274,2,1.04,ROSTER,2023 5.26,2025-09-14
2025,2,0020,16251,2,1.14,ROSTER,2023 4.05,2025-09-14
2025,2,0020,15794,1,5.35,ROSTER,2022 3.07^,2025-09-14
2025,2,0020,16619,3,1.38,ROSTER,2024 3.02,2025-09-14
2025,2,0020,16596,3,1.21,ROSTER,2024 3.11,2025-09-14
2025,2,0020,16675,3,1.14,ROSTER,2024 3.16,2025-09-14
2025,2,0020,16586,3,0.98,ROSTER,2024 5.13,2025-09-14
2025,2,0020,16705,3,0.98,ROSTER,2024 5.11,2025-09-14
2025,2,0020,16697,3,0.98,ROSTER,2024 5.16,2025-09-14
2025,2,0020,11675,2,21.78,ROSTER,2024 UFA,2025-09-14
2025,2,0020,13319,1,14.84,ROSTER,2024 UFA,2025-09-14
2025,2,0020,12678,1,5.1,ROSTER,2024 oEXT,2025-09-14
2025,2,0020,14105,2,12.22,ROSTER,2024 oEXT,2025-09-14
2025,2,0020,12620,3,37.21,ROSTER,2021 EXT,2025-09-14
2025,2,0020,15473,1,1.1,ROSTER,2025 ERFA,2025-09-14
2025,2,0020,17030,4,6.11,ROSTER,2025 1.04,2025-09-14
2025,2,0020,17072,4,1.98,ROSTER,2025 2.04,2025-09-14
2025,2,0020,17056,4,1.04,ROSTER,2025 4.02,2025-09-14
2025,2,0020,15355,1,7.3,ROSTER,2025 UFA,2025-09-14
2025,2,0020,13208,1,3.0,ROSTER,2025 UFA,2025-09-14
2025,2,0020,15911,1,1.0,ROSTER,2025 UFA,2025-09-14
2025,2,0020,16292,1,1.0,ROSTER,2025 UFA,2025-09-14
2025,2,0020,13952,1,20.1,ROSTER,2025 UFA,2025-09-14
2025,2,0020,13685,1,1.0,ROSTER,2025 UFA,2025-09-14
2025,2,0020,13693,1,3.5,ROSTER,2023 oEXT,2025-09-14
2025,2,0020,16226,2,2.53,ROSTER,2023 1.15,2025-09-14
2025,2,0020,15001,1,1.8,ROSTER,2025 UFA,2025-09-14
2025,2,0020,14283,1,1.8,ROSTER,2025 UFA,2025-09-14
2025,2,0020,15256,1,2.0,ROSTER,2025 UFA,2025-09-14
2025,2,0020,17205,3,0.9,ROSTER,2025 UDFA,2025-09-14
2025,2,0020,17181,3,0.9,ROSTER,2025 UDFA,2025-09-14
2025,2,0020,14852,1,3.93,ROSTER,2024 oEXT,2025-09-14
2025,2,0020,12767,1,5.96,ROSTER,2024 UFA,2025-09-14
2025,2,0020,15766,1,3.69,ROSTER,2022 1.11,2025-09-14
2025,2,0020,16225,2,1.0,INJURED_RESERVE,2025 R/F,2025-09-14
2025,2,0021,14158,2,6.91,ROSTER,2023 iEXT,2025-09-14
2025,2,0021,14779,4,14.17,ROSTER,2023 iEXT,2025-09-14
2025,2,0021,15346,3,6.7,ROSTER,2024 iEXT,2025-09-14
2025,2,0021,14894,2,5.28,ROSTER,2024 iEXT,2025-09-14
2025,2,0021,15711,1,8.42,ROSTER,2022 1.03,2025-09-14
2025,2,0021,16650,3,1.91,ROSTER,2024 2.04,2025-09-14
2025,2,0021,16693,3,1.12,ROSTER,2024 3.19,2025-09-14
2025,2,0021,14927,2,3.31,ROSTER,2024 iEXT,2025-09-14
2025,2,0021,16716,3,1.17,ROSTER,2024 3.14,2025-09-14
2025,2,0021,16187,2,1.43,ROSTER,2023 3.03,2025-09-14
2025,2,0021,16622,3,2.46,ROSTER,2024 1.14,2025-09-14
2025,2,0021,16660,3,1.42,ROSTER,2024 2.16,2025-09-14
2025,2,0021,15716,1,3.41,ROSTER,2022 4.24^,2025-09-14
2025,2,0021,14148,1,7.98,ROSTER,2024 iEXT,2025-09-14
2025,2,0021,14247,3,4.97,ROSTER,2025 oEXT,2025-09-14
2025,2,0021,12225,1,15.0,ROSTER,2025 ORFAN,2025-09-14
2025,2,0021,13681,2,3.41,ROSTER,2025 ORFA1,2025-09-14
2025,2,0021,15799,1,1.09,ROSTER,2025 ERFA,2025-09-14
2025,2,0021,15051,1,1.1,ROSTER,2025 ERFA,2025-09-14
2025,2,0021,9051,1,5.1,ROSTER,2025 RRFA,2025-09-14
2025,2,0021,14909,2,9.12,ROSTER,2025 B/R,2025-09-14
2025,2,0021,15895,1,1.1,ROSTER,2024 R/F,2025-09-14
2025,2,0021,17074,4,8.23,ROSTER,2025 1.02,2025-09-14
2025,2,0021,17044,4,5.38,ROSTER,2025 1.05,2025-09-14
2025,2,0021,17048,4,2.23,ROSTER,2025 2.01,2025-09-14
2025,2,0021,17114,4,1.4,ROSTER,2025 3.01,2025-09-14
2025,2,0021,17107,4,1.14,ROSTER,2025 3.15,2025-09-14
2025,2,0021,17031,4,1.13,ROSTER,2025 3.16,2025-09-14
2025,2,0021,17082,4,0.99,ROSTER,2025 4.12,2025-09-14
2025,2,0021,15238,2,8.08,ROSTER,2025 UFA,2025-09-14
2025,2,0021,16626,3,2.07,ROSTER,2024 2.02,2025-09-14
2025,2,0021,14303,2,5.32,ROSTER,2025 UFA,2025-09-14
2025,2,0021,11936,1,3.0,ROSTER,2025 UFA,2025-09-14
2025,2,0021,13189,2,5.89,ROSTER,2025 UFA,2025-09-14
2025,2,0021,10775,1,5.3,ROSTER,2025 UFA,2025-09-14
2025,2,0021,14182,2,4.94,ROSTER,2025 UFA,2025-09-14
2025,2,0021,10266,1,11.8,ROSTER,2025 UFA,2025-09-14
2025,2,0021,12711,1,1.8,ROSTER,2025 UFA,2025-09-14
2025,2,0021,13633,1,10.45,ROSTER,2024 B/R,2025-09-14
2025,2,0021,16287,1,1.1,ROSTER,2024 R/F,2025-09-14
2025,2,0021,14518,1,1.8,ROSTER,2025 UFA,2025-09-14
2025,2,0021,13156,1,1.8,ROSTER,2025 UFA,2025-09-14
2025,2,0021,16316,1,1.0,ROSTER,2025 UFA,2025-09-14
2025,2,0021,17207,1,2.9,ROSTER,2025 UFA,2025-09-14
2025,2,0021,15823,1,1.36,ROSTER,2022 3.13,2025-09-14
2025,2,0021,14840,2,17.58,INJURED_RESERVE,2025 B/R,2025-09-14
2025,2,0021,16725,1,1.1,INJURED_RESERVE,2025 ERFA,2025-09-14
2025,2,0021,16186,2,4.95,TAXI_SQUAD,2023 1.06,2025-09-14
2025,2,0022,15365,2,6.29,ROSTER,2024 iEXT,2025-09-14
2025,2,0022,15692,1,2.31,ROSTER,2022 2.04,2025-09-14
2025,2,0022,14164,1,3.37,ROSTER,2023 oEXT,2025-09-14
2025,2,0022,14136,1,14.52,ROSTER,2023 B/R,2025-09-14
2025,2,0022,16276,2,1.28,ROSTER,2023 3.12,2025-09-14
2025,2,0022,16168,2,1.19,ROSTER,2023 4.01,2025-09-14
2025,2,0022,16351,2,1.04,ROSTER,2023 5.25,2025-09-14
2025,2,0022,16284,2,1.06,ROSTER,2023 5.10,2025-09-14
2025,2,0022,15694,1,2.16,ROSTER,2022 2.06,2025-09-14
2025,2,0022,14405,1,5.38,ROSTER,2024 SRFA,2025-09-14
2025,2,0022,16018,1,3.41,ROSTER,2024 RRFA,2025-09-14
2025,2,0022,16579,3,8.79,ROSTER,2024 1.01,2025-09-14
2025,2,0022,14073,2,12.97,ROSTER,2024 UFA,2025-09-14
2025,2,0022,14867,1,6.38,ROSTER,2024 UFA,2025-09-14
2025,2,0022,14127,1,9.41,ROSTER,2024 UFA,2025-09-14
2025,2,0022,16684,3,1.0,ROSTER,2024 5.01,2025-09-14
2025,2,0022,13294,1,2.2,ROSTER,2024 UFA,2025-09-14
2025,2,0022,16080,1,6.27,ROSTER,2024 UFA,2025-09-14
2025,2,0022,13710,2,2.02,ROSTER,2024 iEXT,2025-09-14
2025,2,0022,14122,2,1.0,ROSTER,2025 R/F,2025-09-14
2025,2,0022,14910,2,5.35,ROSTER,2025 SRFA,2025-09-14
2025,2,0022,11247,1,1.1,ROSTER,2025 ERFA,2025-09-14
2025,2,0022,13888,1,1.1,ROSTER,2025 ERFA,2025-09-14
2025,2,0022,17051,4,4.8,ROSTER,2025 1.06,2025-09-14
2025,2,0022,17123,4,1.85,ROSTER,2025 2.06,2025-09-14
2025,2,0022,17120,4,1.28,ROSTER,2025 3.06,2025-09-14
2025,2,0022,17098,4,1.02,ROSTER,2025 4.06,2025-09-14
2025,2,0022,13470,3,2.79,ROSTER,2025 UFA,2025-09-14
2025,2,0022,15254,3,3.78,ROSTER,2025 UFA,2025-09-14
2025,2,0022,13404,1,3.1,ROSTER,2025 UFA,2025-09-14
2025,2,0022,13635,2,15.39,ROSTER,2025 UFA,2025-09-14
2025,2,0022,13641,1,1.8,ROSTER,2025 UFA,2025-09-14
2025,2,0022,13707,1,1.8,ROSTER,2025 UFA,2025-09-14
2025,2,0022,12688,2,15.96,ROSTER,2025 UFA,2025-09-14
2025,2,0022,11938,1,6.2,ROSTER,2025 UFA,2025-09-14
2025,2,0022,10703,1,5.3,ROSTER,2025 UFA,2025-09-14
2025,2,0022,12238,1,1.8,ROSTER,2025 UFA,2025-09-14
2025,2,0022,13298,2,14.92,ROSTER,2025 UFA,2025-09-14
2025,2,0022,16775,3,0.98,ROSTER,2024 5.10,2025-09-14
2025,2,0022,14957,2,1.0,ROSTER,2025 R/F,2025-09-14
2025,2,0022,17178,4,0.95,ROSTER,2025 5.06,2025-09-14
2025,2,0022,17155,3,0.9,ROSTER,2025 UDFA,2025-09-14
2025,2,0022,13730,1,1.0,ROSTER,2025 UFA,2025-09-14
2025,2,0022,14328,1,1.8,ROSTER,2025 UFA,2025-09-14
2025,2,0022,15292,1,1.8,ROSTER,2025 UFA,2025-09-14
2025,2,0022,14223,1,1.8,INJURED_RESERVE,2025 UFA,2025-09-14
2025,2,0022,14200,1,2.41,INJURED_RESERVE,2024 UFA,2025-09-14
2025,2,0022,16645,2,0.94,INJURED_RESERVE,2024 UDFA,2025-09-14
2025,2,0022,16640,3,1.11,INJURED_RESERVE,2024 4.01,2025-09-14
2025,2,0022,13748,3,3.51,INJURED_RESERVE,2025 UFA,2025-09-14
2025,2,0022,16652,3,1.4,INJURED_RESERVE,2024 3.01,2025-09-14
2025,2,0022,13760,2,1.0,TAXI_SQUAD,2025 R/F,2025-09-14
2025,2,0023,13782,2,4.3,ROSTER,2024 iEXT,2025-09-14
2025,2,0023,15352,2,3.73,ROSTER,2024 iEXT,2025-09-14
2025,2,0023,15386,1,2.54,ROSTER,2024 oEXT,2025-09-14
2025,2,0023,16233,2,3.45,ROSTER,2023 1.10,2025-09-14
2025,2,0023,16244,2,1.71,ROSTER,2023 2.10,2025-09-14
2025,2,0023,16266,2,1.17,ROSTER,2023 4.04,2025-09-14
2025,2,0023,16230,2,1.3,ROSTER,2023 3.10,2025-09-14
2025,2,0023,15787,1,1.14,ROSTER,2022 4.19,2025-09-14
2025,2,0023,16653,3,2.24,ROSTER,2024 1.16,2025-09-14
2025,2,0023,13590,2,20.87,ROSTER,2024 iEXT,2025-09-14
2025,2,0023,13713,1,5.23,ROSTER,2024 UFA,2025-09-14
2025,2,0023,15448,1,4.5,ROSTER,2024 UFA,2025-09-14
2025,2,0023,14833,1,24.48,ROSTER,2025 oEXT,2025-09-14
2025,2,0023,16191,2,4.41,ROSTER,2025 oEXT,2025-09-14
2025,2,0023,13354,1,2.3,ROSTER,2024 UFA,2025-09-14
2025,2,0023,15754,1,5.75,ROSTER,2022 1.06,2025-09-14
2025,2,0023,13738,2,1.0,ROSTER,2025 R/F,2025-09-14
2025,2,0023,14860,1,5.35,ROSTER,2025 SRFA,2025-09-14
2025,2,0023,15889,1,4.5,ROSTER,2025 RRFA,2025-09-14
2025,2,0023,15933,1,1.1,ROSTER,2025 ERFA,2025-09-14
2025,2,0023,17151,4,1.07,ROSTER,2025 3.22,2025-09-14
2025,2,0023,15288,1,1.9,ROSTER,2025 UFA,2025-09-14
2025,2,0023,14210,1,5.6,ROSTER,2025 UFA,2025-09-14
2025,2,0023,10768,1,6.4,ROSTER,2025 UFA,2025-09-14
2025,2,0023,16166,1,1.9,ROSTER,2025 UFA,2025-09-14
2025,2,0023,14086,1,1.8,ROSTER,2025 UFA,2025-09-14
2025,2,0023,11723,1,3.7,ROSTER,2025 UFA,2025-09-14
2025,2,0023,13223,1,4.3,ROSTER,2025 UFA,2025-09-14
2025,2,0023,13723,1,5.2,ROSTER,2025 UFA,2025-09-14
2025,2,0023,15003,1,2.0,ROSTER,2025 UFA,2025-09-14
2025,2,0023,15331,1,5.7,ROSTER,2025 UFA,2025-09-14
2025,2,0023,9064,1,2.5,ROSTER,2025 UFA,2025-09-14
2025,2,0023,17047,4,1.46,ROSTER,2025 2.15,2025-09-14
2025,2,0023,16610,3,1.29,ROSTER,2024 3.06,2025-09-14
2025,2,0023,17106,4,1.74,ROSTER,2025 2.08,2025-09-14
2025,2,0023,17190,3,0.9,ROSTER,2025 UDFA,2025-09-14
2025,2,0023,17149,4,1.1,ROSTER,2025 3.19,2025-09-14
2025,2,0023,15856,2,5.46,ROSTER,2025 oEXT,2025-09-14
2025,2,0023,15263,2,1.0,ROSTER,2025 R/F,2025-09-14
2025,2,0023,17124,4,0.94,ROSTER,2025 5.18,2025-09-14
2025,2,0023,17159,4,1.0,ROSTER,2025 4.10,2025-09-14
2025,2,0023,14168,1,2.1,ROSTER,2025 UFA,2025-09-14
2025,2,0023,16294,1,1.9,ROSTER,2025 UFA,2025-09-14
2025,2,0023,16601,1,1.0,ROSTER,2025 UFA,2025-09-14
2025,2,0023,15241,1,2.0,ROSTER,2025 UFA,2025-09-14
2025,2,0023,16642,3,0.99,INJURED_RESERVE,2024 5.05,2025-09-14
2025,2,0024,15284,1,26.21,ROSTER,2025 5YO,2025-09-14
2025,2,0024,14783,2,37.7,ROSTER,2024 oEXT,2025-09-14
2025,2,0024,15834,1,3.45,ROSTER,2022 1.12,2025-09-14
2025,2,0024,13737,1,6.13,ROSTER,2022 UFA,2025-09-14
2025,2,0024,13629,2,12.1,ROSTER,2022 UFA,2025-09-14
2025,2,0024,16253,2,1.14,ROSTER,2023 4.06,2025-09-14
2025,2,0024,16235,2,1.07,ROSTER,2023 5.06,2025-09-14
2025,2,0024,14802,3,16.97,ROSTER,2025 oEXT,2025-09-14
2025,2,0024,15319,1,5.47,ROSTER,2023 oEXT,2025-09-14
2025,2,0024,16620,3,3.67,ROSTER,2024 1.08,2025-09-14
2025,2,0024,16696,3,1.69,ROSTER,2024 2.08,2025-09-14
2025,2,0024,16690,3,1.06,ROSTER,2024 4.08,2025-09-14
2025,2,0024,15785,1,1.1,ROSTER,2024 R/F,2025-09-14
2025,2,0024,16283,1,1.1,ROSTER,2024 R/F,2025-09-14
2025,2,0024,15749,1,3.98,ROSTER,2023 oEXT,2025-09-14
2025,2,0024,15452,2,8.88,ROSTER,2025 oEXT,2025-09-14
2025,2,0024,14412,1,7.59,ROSTER,2024 oEXT,2025-09-14
2025,2,0024,13224,2,1.0,ROSTER,2025 R/F,2025-09-14
2025,2,0024,16152,2,8.38,ROSTER,2023 1.02,2025-09-14
2025,2,0024,15357,1,15.29,ROSTER,2025 NEFT,2025-09-14
2025,2,0024,15859,1,5.35,ROSTER,2025 SRFA,2025-09-14
2025,2,0024,13770,1,1.1,ROSTER,2025 ERFA,2025-09-14
2025,2,0024,13671,2,7.79,ROSTER,2025 B/R,2025-09-14
2025,2,0024,17043,4,4.32,ROSTER,2025 1.07,2025-09-14
2025,2,0024,17122,4,1.6,ROSTER,2025 2.11,2025-09-14
2025,2,0024,17135,4,1.26,ROSTER,2025 3.07,2025-09-14
2025,2,0024,17141,4,1.01,ROSTER,2025 4.07,2025-09-14
2025,2,0024,17105,4,0.95,ROSTER,2025 5.07,2025-09-14
2025,2,0024,13844,1,1.9,ROSTER,2025 UFA,2025-09-14
2025,2,0024,15979,1,2.3,ROSTER,2025 UFA,2025-09-14
2025,2,0024,14903,1,2.0,ROSTER,2025 UFA,2025-09-14
2025,2,0024,11348,1,1.9,ROSTER,2025 UFA,2025-09-14
2025,2,0024,14877,1,1.9,ROSTER,2025 UFA,2025-09-14
2025,2,0024,12739,1,2.9,ROSTER,2025 UFA,2025-09-14
2025,2,0024,15362,1,1.9,ROSTER,2025 UFA,2025-09-14
2025,2,0024,10816,1,1.9,ROSTER,2025 UFA,2025-09-14
2025,2,0024,14879,1,1.8,ROSTER,2025 UFA,2025-09-14
2025,2,0024,14918,1,1.9,ROSTER,2025 UFA,2025-09-14
2025,2,0024,14887,1,1.9,ROSTER,2025 UFA,2025-09-14
2025,2,0024,17059,3,0.9,ROSTER,2025 UDFA,2025-09-14
2025,2,0024,17268,3,0.9,ROSTER,2025 UDFA,2025-09-14
2025,2,0024,17195,3,0.9,ROSTER,2025 UDFA,2025-09-14
2025,2,0024,17188,3,0.9,ROSTER,2025 UDFA,2025-09-14
2025,2,0024,17143,3,0.9,ROSTER,2025 UDFA,2025-09-14
2025,2,0024,17179,3,0.9,ROSTER,2025 UDFA,2025-09-14
2025,2,0024,15382,1,1.1,INJURED_RESERVE,2025 ERFA,2025-09-14
2025,2,0024,16204,2,1.36,INJURED_RESERVE,2023 3.06,2025-09-14
2025,2,0025,14832,3,22.41,ROSTER,2023 iEXT,2025-09-14
2025,2,0025,14104,2,21.02,ROSTER,2022 iEXT,2025-09-14
2025,2,0025,15802,3,6.68,ROSTER,2024 iEXT,2025-09-14
2025,2,0025,15713,1,1.18,ROSTER,2022 4.13,2025-09-14
2025,2,0025,14590,2,4.04,ROSTER,2024 iEXT,2025-09-14
2025,2,0025,15698,5,34.16,ROSTER,2025 oEXT,2025-09-14
2025,2,0025,16213,2,3.73,ROSTER,2023 1.09,2025-09-14
2025,2,0025,16254,2,1.75,ROSTER,2023 2.09,2025-09-14
2025,2,0025,16241,2,1.32,ROSTER,2023 3.09,2025-09-14
2025,2,0025,16207,2,1.06,ROSTER,2023 5.09,2025-09-14
2025,2,0025,15710,1,3.41,ROSTER,2022 5.13^,2025-09-14
2025,2,0025,13592,1,1.1,ROSTER,2024 R/F,2025-09-14
2025,2,0025,14249,1,5.38,ROSTER,2024 SRFA,2025-09-14
2025,2,0025,7836,1,6.38,ROSTER,2024 B/R,2025-09-14
2025,2,0025,16639,3,2.34,ROSTER,2024 1.15,2025-09-14
2025,2,0025,16694,3,1.44,ROSTER,2024 2.15,2025-09-14
2025,2,0025,16707,3,1.0,ROSTER,2024 4.21,2025-09-14
2025,2,0025,16676,3,0.99,ROSTER,2024 5.09,2025-09-14
2025,2,0025,16717,3,0.98,ROSTER,2024 5.18,2025-09-14
2025,2,0025,12305,1,3.25,ROSTER,2024 UFA,2025-09-14
2025,2,0025,13251,2,6.7,ROSTER,2025 oEXT,2025-09-14
2025,2,0025,16688,3,1.03,ROSTER,2024 4.12,2025-09-14
2025,2,0025,15768,1,1.91,ROSTER,2022 2.10,2025-09-14
2025,2,0025,15805,6,9.33,ROSTER,2025 iEXT,2025-09-14
2025,2,0025,15809,5,6.78,ROSTER,2025 iEXT,2025-09-14
2025,2,0025,16102,2,1.0,ROSTER,2025 R/F,2025-09-14
2025,2,0025,16870,2,1.0,ROSTER,2025 R/F,2025-09-14
2025,2,0025,14956,2,1.0,ROSTER,2025 R/F,2025-09-14
2025,2,0025,14219,2,1.0,ROSTER,2025 R/F,2025-09-14
2025,2,0025,16729,1,1.1,ROSTER,2025 ERFA,2025-09-14
2025,2,0025,13130,2,14.25,ROSTER,2025 B/R,2025-09-14
2025,2,0025,17121,4,2.72,ROSTER,2025 1.13,2025-09-14
2025,2,0025,17045,4,1.52,ROSTER,2025 2.13,2025-09-14
2025,2,0025,17033,4,1.17,ROSTER,2025 3.13,2025-09-14
2025,2,0025,17053,4,1.0,ROSTER,2025 4.09,2025-09-14
2025,2,0025,17175,3,0.9,ROSTER,2025 UDFA,2025-09-14
2025,2,0025,13245,1,1.8,ROSTER,2025 UFA,2025-09-14
2025,2,0025,15681,1,1.8,ROSTER,2025 UFA,2025-09-14
2025,2,0025,17186,3,0.9,ROSTER,2025 UDFA,2025-09-14
2025,2,0025,13772,1,1.8,ROSTER,2025 UFA,2025-09-14
2025,2,0025,15857,2,1.0,ROSTER,2025 R/F,2025-09-14
2025,2,0025,16752,1,1.1,ROSTER,2025 ERFA,2025-09-14
2025,2,0025,15396,1,1.8,ROSTER,2025 UFA,2025-09-14
2025,2,0025,13303,1,1.0,ROSTER,2025 UFA,2025-09-14
2025,2,0025,10945,1,1.0,ROSTER,2025 UFA,2025-09-14
2025,2,0025,13832,1,1.1,INJURED_RESERVE,2025 ERFA,2025-09-14
2025,2,0025,16159,2,1.1,INJURED_RESERVE,2023 4.15,2025-09-14
2025,2,0025,17036,4,0.98,INJURED_RESERVE,2025 4.13,2025-09-14
2025,2,0025,13299,1,18.15,INJURED_RESERVE,2023 B/R,2025-09-14
2025,2,0026,15846,1,3.41,ROSTER,2022 2.12^,2025-09-14
2025,2,0026,15761,1,3.41,ROSTER,2022 4.21^,2025-09-14
2025,2,0026,14149,1,8.09,ROSTER,2022 iEXT,2025-09-14
2025,2,0026,16262,2,1.11,ROSTER,2023 4.11,2025-09-14
2025,2,0026,14180,1,1.81,ROSTER,2023 UFA,2025-09-14
2025,2,0026,14147,1,24.61,ROSTER,2022 iEXT,2025-09-14
2025,2,0026,12741,1,11.11,ROSTER,2023 iEXT,2025-09-14
2025,2,0026,15259,2,4.16,ROSTER,2024 iEXT,2025-09-14
2025,2,0026,14102,2,12.72,ROSTER,2023 oEXT,2025-09-14
2025,2,0026,14186,1,1.1,ROSTER,2024 R/F,2025-09-14
2025,2,0026,14071,2,15.48,ROSTER,2024 iEXT,2025-09-14
2025,2,0026,16618,3,3.38,ROSTER,2024 1.09,2025-09-14
2025,2,0026,16582,3,1.65,ROSTER,2024 2.09,2025-09-14
2025,2,0026,16700,3,1.13,ROSTER,2024 3.17,2025-09-14
2025,2,0026,16673,3,1.03,ROSTER,2024 4.13,2025-09-14
2025,2,0026,16662,3,1.02,ROSTER,2024 4.17,2025-09-14
2025,2,0026,16670,3,0.99,ROSTER,2024 5.07,2025-09-14
2025,2,0026,16672,2,0.94,ROSTER,2024 UDFA,2025-09-14
2025,2,0026,16723,2,0.94,ROSTER,2024 UDFA,2025-09-14
2025,2,0026,16719,2,0.94,ROSTER,2024 UDFA,2025-09-14
2025,2,0026,16282,2,5.38,ROSTER,2024 SRFA,2025-09-14
2025,2,0026,14179,3,8.68,ROSTER,2025 oEXT,2025-09-14
2025,2,0026,14138,3,16.82,ROSTER,2025 oEXT,2025-09-14
2025,2,0026,15756,1,6.45,ROSTER,2022 1.05,2025-09-14
2025,2,0026,16178,1,0.98,ROSTER,2023 UDFA,2025-09-14
2025,2,0026,14159,1,11.19,ROSTER,2024 UFA,2025-09-14
2025,2,0026,14235,2,1.0,ROSTER,2025 R/F,2025-09-14
2025,2,0026,16712,2,1.0,ROSTER,2025 R/F,2025-09-14
2025,2,0026,13593,1,35.95,ROSTER,2025 NEFT,2025-09-14
2025,2,0026,15871,3,7.46,ROSTER,2025 FRFA,2025-09-14
2025,2,0026,13743,3,7.2,ROSTER,2025 B/R,2025-09-14
2025,2,0026,12956,1,1.1,ROSTER,2025 ERFA,2025-09-14
2025,2,0026,17070,4,2.45,ROSTER,2025 1.15,2025-09-14
2025,2,0026,17046,4,0.98,ROSTER,2025 4.15,2025-09-14
2025,2,0026,17146,4,0.97,ROSTER,2025 4.17,2025-09-14
2025,2,0026,12831,2,1.0,ROSTER,2025 R/F,2025-09-14
2025,2,0026,17058,3,0.9,ROSTER,2025 UDFA,2025-09-14
2025,2,0026,15345,3,3.6,ROSTER,2025 UFA,2025-09-14
2025,2,0026,13813,1,6.3,ROSTER,2025 UFA,2025-09-14
2025,2,0026,14489,1,1.0,ROSTER,2025 UFA,2025-09-14
2025,2,0026,14861,1,1.8,ROSTER,2025 UFA,2025-09-14
2025,2,0026,16635,3,1.04,ROSTER,2024 4.11,2025-09-14
2025,2,0026,16699,3,1.24,ROSTER,2024 3.09,2025-09-14
2025,2,0026,17050,3,0.9,ROSTER,2025 UDFA,2025-09-14
2025,2,0026,13138,1,1.8,ROSTER,2025 UFA,2025-09-14
2025,2,0026,16194,2,1.8,TAXI_SQUAD,2023 2.08,2025-09-14
2025,2,0026,16432,1,1.1,TAXI_SQUAD,2025 ERFA,2025-09-14
2025,2,0027,13589,1,25.7,ROSTER,2021 EXT,2025-09-14
2025,2,0027,15282,1,26.21,ROSTER,2025 5YO,2025-09-14
2025,2,0027,15808,1,2.89,ROSTER,2022 1.15,2025-09-14
2025,2,0027,15742,2,3.74,ROSTER,2023 iEXT,2025-09-14
2025,2,0027,16280,2,1.56,ROSTER,2023 2.14,2025-09-14
2025,2,0027,16164,2,1.24,ROSTER,2023 3.14,2025-09-14
2025,2,0027,16222,2,1.1,ROSTER,2023 4.14,2025-09-14
2025,2,0027,16255,2,1.06,ROSTER,2023 5.14,2025-09-14
2025,2,0027,15418,1,1.81,ROSTER,2023 UFA,2025-09-14
2025,2,0027,13132,1,8.49,ROSTER,2023 UFA,2025-09-14
2025,2,0027,16617,3,2.75,ROSTER,2024 1.12,2025-09-14
2025,2,0027,16603,3,1.2,ROSTER,2024 3.12,2025-09-14
2025,2,0027,16733,3,1.03,ROSTER,2024 4.14,2025-09-14
2025,2,0027,16680,2,0.94,ROSTER,2024 UDFA,2025-09-14
2025,2,0027,13674,2,5.94,ROSTER,2024 B/R,2025-09-14
2025,2,0027,16679,3,1.54,ROSTER,2024 2.12,2025-09-14
2025,2,0027,10292,2,1.0,ROSTER,2025 R/F,2025-09-14
2025,2,0027,14893,1,11.22,ROSTER,2025 TT,2025-09-14
2025,2,0027,15393,2,4.1,ROSTER,2025 RRFA,2025-09-14
2025,2,0027,12186,4,5.53,ROSTER,2025 B/R,2025-09-14
2025,2,0027,17075,4,3.33,ROSTER,2025 1.10,2025-09-14
2025,2,0027,17039,4,2.05,ROSTER,2025 2.03,2025-09-14
2025,2,0027,17078,4,1.91,ROSTER,2025 2.05,2025-09-14
2025,2,0027,17138,4,1.3,ROSTER,2025 3.05,2025-09-14
2025,2,0027,17086,4,1.09,ROSTER,2025 3.20,2025-09-14
2025,2,0027,17127,4,1.02,ROSTER,2025 4.05,2025-09-14
2025,2,0027,17037,4,0.96,ROSTER,2025 4.19,2025-09-14
2025,2,0027,17145,4,0.95,ROSTER,2025 5.05,2025-09-14
2025,2,0027,17152,4,0.94,ROSTER,2025 5.17,2025-09-14
2025,2,0027,17182,4,0.94,ROSTER,2025 5.19,2025-09-14
2025,2,0027,15777,1,1.1,ROSTER,2025 ERFA,2025-09-14
2025,2,0027,13146,2,16.25,ROSTER,2025 UFA,2025-09-14
2025,2,0027,12686,3,2.0,ROSTER,2025 UFA,2025-09-14
2025,2,0027,11721,1,7.2,ROSTER,2025 UFA,2025-09-14
2025,2,0027,13697,3,2.79,ROSTER,2025 UFA,2025-09-14
2025,2,0027,14978,1,1.8,ROSTER,2025 UFA,2025-09-14
2025,2,0027,13683,1,3.3,ROSTER,2025 UFA,2025-09-14
2025,2,0027,17177,3,0.9,ROSTER,2025 UDFA,2025-09-14
2025,2,0027,15668,1,1.0,ROSTER,2025 UFA,2025-09-14
2025,2,0027,16695,1,1.0,ROSTER,2025 UFA,2025-09-14
2025,2,0027,14252,2,1.0,ROSTER,2025 R/F,2025-09-14
2025,2,0027,15836,1,1.8,ROSTER,2025 UFA,2025-09-14
2025,2,0027,15851,1,1.0,ROSTER,2025 UFA,2025-09-14
2025,2,0027,16787,1,1.9,ROSTER,2025 UFA,2025-09-14
2025,2,0027,16912,1,1.0,ROSTER,2025 UFA,2025-09-14
2025,2,0027,16149,2,2.66,INJURED_RESERVE,2023 1.14,2025-09-14
2025,2,0027,15862,1,3.41,INJURED_RESERVE,2022 5.16^,2025-09-14
2025,2,0027,16711,3,0.98,INJURED_RESERVE,2024 5.12,2025-09-14
2025,2,0027,16809,1,1.1,INJURED_RESERVE,2025 ERFA,2025-09-14
2025,2,0027,17223,3,0.9,INJURED_RESERVE,2025 UDFA,2025-09-14
2025,2,0027,13307,1,8.89,TAXI_SQUAD,2024 UFA,2025-09-14
2025,2,0028,15721,1,3.41,ROSTER,2022 2.08^,2025-09-14
2025,2,0028,14940,1,7.27,ROSTER,2023 FRFA,2025-09-14
2025,2,0028,16150,2,3.0,ROSTER,2023 1.12,2025-09-14
2025,2,0028,16189,2,1.25,ROSTER,2023 3.13,2025-09-14
2025,2,0028,16303,2,1.12,ROSTER,2023 4.10,2025-09-14
2025,2,0028,12801,1,40.76,ROSTER,2024 B/R,2025-09-14
2025,2,0028,14889,1,1.87,ROSTER,2024 UFA,2025-09-14
2025,2,0028,14153,2,12.67,ROSTER,2024 UFA,2025-09-14
2025,2,0028,12221,1,20.59,ROSTER,2024 UFA,2025-09-14
2025,2,0028,16583,3,1.47,ROSTER,2024 2.14,2025-09-14
2025,2,0028,16330,2,1.06,ROSTER,2023 5.12,2025-09-14
2025,2,0028,16211,2,1.08,ROSTER,2023 5.03,2025-09-14
2025,2,0028,16661,3,1.16,ROSTER,2024 3.15,2025-09-14
2025,2,0028,16691,3,1.01,ROSTER,2024 4.20,2025-09-14
2025,2,0028,16584,3,4.02,ROSTER,2024 1.07,2025-09-14
2025,2,0028,14162,1,19.21,ROSTER,2023 oEXT,2025-09-14
2025,2,0028,13268,1,3.6,ROSTER,2024 oEXT,2025-09-14
2025,2,0028,13610,1,11.08,ROSTER,2024 UFA,2025-09-14
2025,2,0028,13332,2,1.0,ROSTER,2025 R/F,2025-09-14
2025,2,0028,11947,2,1.0,ROSTER,2025 R/F,2025-09-14
2025,2,0028,13289,2,1.0,ROSTER,2025 R/F,2025-09-14
2025,2,0028,15290,4,25.25,ROSTER,2025 B/R,2025-09-14
2025,2,0028,15261,2,8.29,ROSTER,2025 oEXT,2025-09-14
2025,2,0028,13672,1,1.1,ROSTER,2025 ERFA,2025-09-14
2025,2,0028,17147,4,1.64,ROSTER,2025 2.10,2025-09-14
2025,2,0028,11760,2,1.0,ROSTER,2025 R/F,2025-09-14
2025,2,0028,15398,2,1.0,ROSTER,2025 R/F,2025-09-14
2025,2,0028,16228,2,1.2,ROSTER,2023 3.19,2025-09-14
2025,2,0028,16193,1,1.8,ROSTER,2025 UFA,2025-09-14
2025,2,0028,17104,4,3.93,ROSTER,2025 1.08,2025-09-14
2025,2,0028,15972,1,5.1,ROSTER,2025 UFA,2025-09-14
2025,2,0028,13717,1,1.8,ROSTER,2025 UFA,2025-09-14
2025,2,0028,13325,1,1.8,ROSTER,2025 UFA,2025-09-14
2025,2,0028,15301,1,1.8,ROSTER,2025 UFA,2025-09-14
2025,2,0028,12218,1,1.3,ROSTER,2025 UFA,2025-09-14
2025,2,0028,13266,1,1.0,ROSTER,2025 UFA,2025-09-14
2025,2,0028,16731,1,1.0,ROSTER,2025 UFA,2025-09-14
2025,2,0028,17157,4,1.01,ROSTER,2025 4.08,2025-09-14
2025,2,0028,16314,1,1.0,ROSTER,2025 UFA,2025-09-14
2025,2,0028,16708,3,0.98,ROSTER,2024 5.14,2025-09-14
2025,2,0028,17150,4,0.95,ROSTER,2025 5.08,2025-09-14
2025,2,0028,15409,2,1.0,ROSTER,2025 R/F,2025-09-14
2025,2,0028,15833,2,1.0,ROSTER,2025 R/F,2025-09-14
2025,2,0028,16246,1,0.98,ROSTER,2023 UDFA,2025-09-14
2025,2,0028,17161,3,0.9,ROSTER,2025 UDFA,2025-09-14
2025,2,0028,16597,3,2.6,INJURED_RESERVE,2024 1.13,2025-09-14
2025,2,0028,15789,1,4.71,INJURED_RESERVE,2022 1.08,2025-09-14
2025,2,0028,15390,2,1.87,INJURED_RESERVE,2024 oEXT,2025-09-14
2025,2,0028,17142,4,0.94,INJURED_RESERVE,2025 5.16,2025-09-14
2025,2,0028,11768,1,1.0,TAXI_SQUAD,2025 UFA,2025-09-14
2025,2,0029,13696,3,12.97,ROSTER,2024 oEXT,2025-09-14
2025,2,0029,15839,1,1.1,ROSTER,2024 R/F,2025-09-14
2025,2,0029,14056,1,27.12,ROSTER,2024 oEXT,2025-09-14
2025,2,0029,14974,1,13.41,ROSTER,2024 iEXT,2025-09-14
2025,2,0029,16655,3,1.62,ROSTER,2024 2.10,2025-09-14
2025,2,0029,16643,3,1.13,ROSTER,2024 3.18,2025-09-14
2025,2,0029,16747,3,1.04,ROSTER,2024 4.10,2025-09-14
2025,2,0029,15378,3,3.27,ROSTER,2024 iEXT,2025-09-14
2025,2,0029,16245,1,1.29,ROSTER,2023 3.11,2025-09-14
2025,2,0029,16171,2,1.91,ROSTER,2023 2.06,2025-09-14
2025,2,0029,14897,3,17.72,ROSTER,2024 oEXT,2025-09-14
2025,2,0029,16649,3,1.01,ROSTER,2024 4.19,2025-09-14
2025,2,0029,15428,3,5.35,ROSTER,2025 SRFA,2025-09-14
2025,2,0029,15755,1,2.24,ROSTER,2022 2.05,2025-09-14
2025,2,0029,15812,1,1.3,ROSTER,2022 3.19,2025-09-14
2025,2,0029,14472,1,5.38,ROSTER,2024 SRFA,2025-09-14
2025,2,0029,15253,1,12.6,ROSTER,2025 B/R,2025-09-14
2025,2,0029,17071,4,7.03,ROSTER,2025 1.03,2025-09-14
2025,2,0029,17113,4,1.79,ROSTER,2025 2.07,2025-09-14
2025,2,0029,17069,4,1.11,ROSTER,2025 3.18,2025-09-14
2025,2,0029,17073,4,1.06,ROSTER,2025 3.23,2025-09-14
2025,2,0029,15237,3,13.59,ROSTER,2025 UFA,2025-09-14
2025,2,0029,16300,2,1.0,ROSTER,2025 R/F,2025-09-14
2025,2,0029,16703,2,1.0,ROSTER,2025 R/F,2025-09-14
2025,2,0029,16736,2,1.0,ROSTER,2025 R/F,2025-09-14
2025,2,0029,16585,2,1.0,ROSTER,2025 R/F,2025-09-14
2025,2,0029,16624,3,0.98,ROSTER,2024 5.17,2025-09-14
2025,2,0029,17099,3,0.9,ROSTER,2025 UDFA,2025-09-14
2025,2,0029,17241,4,0.96,ROSTER,2025 5.01,2025-09-14
2025,2,0029,17222,4,0.96,ROSTER,2025 5.02,2025-09-14
2025,2,0029,17172,4,0.94,ROSTER,2025 5.15,2025-09-14
2025,2,0029,16722,2,0.94,ROSTER,2024 UDFA,2025-09-14
2025,2,0029,17066,4,0.94,ROSTER,2025 5.14,2025-09-14
2025,2,0029,17076,4,0.93,ROSTER,2025 5.22,2025-09-14
2025,2,0029,16633,2,0.94,ROSTER,2024 UDFA,2025-09-14
2025,2,0029,17096,4,0.94,ROSTER,2025 5.12,2025-09-14
2025,2,0029,17185,4,0.94,ROSTER,2025 5.20,2025-09-14
2025,2,0029,17154,4,0.94,ROSTER,2025 5.10,2025-09-14
2025,2,0029,17256,3,0.9,ROSTER,2025 UDFA,2025-09-14
2025,2,0029,17160,3,0.9,ROSTER,2025 UDFA,2025-09-14
2025,2,0029,17158,3,0.9,ROSTER,2025 UDFA,2025-09-14
2025,2,0029,17255,3,0.9,ROSTER,2025 UDFA,2025-09-14
2025,2,0029,17117,4,0.97,ROSTER,2025 4.18,2025-09-14
2025,2,0029,17196,1,1.0,ROSTER,2025 UFA,2025-09-14
2025,2,0029,15351,2,4.94,INJURED_RESERVE,2025 B/R,2025-09-14
2025,2,0029,15855,2,1.0,INJURED_RESERVE,2025 R/F,2025-09-14
2025,2,0029,16628,3,1.08,INJURED_RESERVE,2024 4.05,2025-09-14
2025,2,0029,16734,3,1.0,INJURED_RESERVE,2024 4.22,2025-09-14
2025,2,0029,16604,3,1.25,INJURED_RESERVE,2024 3.08,2025-09-14
2025,2,0030,13198,1,12.49,ROSTER,2020 EXT,2025-09-14
2025,2,0030,13116,4,37.7,ROSTER,2023 oEXT,2025-09-14
2025,2,0030,13714,3,5.49,ROSTER,2025 iEXT,2025-09-14
2025,2,0030,15281,5,18.74,ROSTER,2024 iEXT,2025-09-14
2025,2,0030,14171,1,7.67,ROSTER,2022 iEXT,2025-09-14
2025,2,0030,15762,1,3.41,ROSTER,2022 2.01^,2025-09-14
2025,2,0030,16169,2,2.41,ROSTER,2023 1.16,2025-09-14
2025,2,0030,16214,2,2.21,ROSTER,2023 2.02,2025-09-14
2025,2,0030,16267,1,0.98,ROSTER,2023 UDFA,2025-09-14
2025,2,0030,14836,4,39.2,ROSTER,2024 iEXT,2025-09-14
2025,2,0030,16616,3,4.94,ROSTER,2024 1.05,2025-09-14
2025,2,0030,16594,3,1.8,ROSTER,2024 2.06,2025-09-14
2025,2,0030,16724,3,1.0,ROSTER,2024 4.23,2025-09-14
2025,2,0030,15395,2,2.51,ROSTER,2024 iEXT,2025-09-14
2025,2,0030,15835,3,4.06,ROSTER,2025 iEXT,2025-09-14
2025,2,0030,15391,2,1.0,ROSTER,2025 R/F,2025-09-14
2025,2,0030,13448,1,1.1,ROSTER,2025 ERFA,2025-09-14
2025,2,0030,17068,4,2.33,ROSTER,2025 1.16,2025-09-14
2025,2,0030,17032,4,2.14,ROSTER,2025 2.02,2025-09-14
2025,2,0030,17144,4,1.43,ROSTER,2025 2.16,2025-09-14
2025,2,0030,17103,4,1.21,ROSTER,2025 3.10,2025-09-14
2025,2,0030,17128,4,1.08,ROSTER,2025 3.21,2025-09-14
2025,2,0030,17119,4,0.99,ROSTER,2025 4.11,2025-09-14
2025,2,0030,17097,3,0.9,ROSTER,2025 UDFA,2025-09-14
2025,2,0030,13920,2,1.9,ROSTER,2025 UFA,2025-09-14
2025,2,0030,15293,3,4.05,ROSTER,2025 UFA,2025-09-14
2025,2,0030,16444,2,1.0,ROSTER,2025 R/F,2025-09-14
2025,2,0030,15366,3,2.43,ROSTER,2025 UFA,2025-09-14
2025,2,0030,13604,1,26.48,ROSTER,2025 NEFT,2025-09-14
2025,2,0030,13839,1,14.75,ROSTER,2024 iEXT,2025-09-14
2025,2,0030,15387,2,1.86,ROSTER,2025 UFA,2025-09-14
2025,2,0030,15872,1,1.1,ROSTER,2025 ERFA,2025-09-14
2025,2,0030,14169,1,1.0,ROSTER,2025 UFA,2025-09-14
2025,2,0030,12764,1,1.8,ROSTER,2025 UFA,2025-09-14
2025,2,0030,13688,1,1.0,ROSTER,2025 UFA,2025-09-14
2025,2,0030,15081,2,1.0,ROSTER,2025 R/F,2025-09-14
2025,2,0030,15845,1,1.1,ROSTER,2025 ERFA,2025-09-14
2025,2,0030,16295,1,1.8,ROSTER,2025 UFA,2025-09-14
2025,2,0030,16671,3,1.07,ROSTER,2024 4.07,2025-09-14
2025,2,0030,15819,1,1.0,ROSTER,2025 UFA,2025-09-14
2025,2,0030,17352,1,1.0,ROSTER,2025 UFA,2025-09-14
2025,2,0030,12437,1,1.0,ROSTER,2025 UFA,2025-09-14
2025,2,0030,14953,1,1.0,ROSTER,2025 UFA,2025-09-14
2025,2,0030,13447,1,1.0,ROSTER,2025 UFA,2025-09-14
2025,2,0030,16145,1,1.1,ROSTER,2025 ERFA,2025-09-14
2025,2,0030,16665,3,1.86,INJURED_RESERVE,2024 2.05,2025-09-14
2025,2,0030,17136,4,1.33,INJURED_RESERVE,2025 3.04,2025-09-14
2025,2,0031,12611,3,24.53,ROSTER,2024 oEXT,2025-09-14
2025,2,0031,14797,2,5.96,ROSTER,2024 oEXT,2025-09-14
2025,2,0031,15751,1,9.82,ROSTER,2022 1.02+,2025-09-14
2025,2,0031,15817,1,1.86,ROSTER,2022 2.11,2025-09-14
2025,2,0031,16161,2,9.94,ROSTER,2023 1.01,2025-09-14
2025,2,0031,16185,2,5.54,ROSTER,2023 1.05,2025-09-14
2025,2,0031,13690,1,6.53,ROSTER,2023 UFA,2025-09-14
2025,2,0031,14414,1,2.83,ROSTER,2023 UFA,2025-09-14
2025,2,0031,14908,2,5.35,ROSTER,2023 UFA,2025-09-14
2025,2,0031,16581,3,4.43,ROSTER,2024 1.06,2025-09-14
2025,2,0031,13630,1,6.27,ROSTER,2024 UFA,2025-09-14
2025,2,0031,14921,2,6.44,ROSTER,2024 UFA,2025-09-14
2025,2,0031,13764,1,2.41,ROSTER,2024 UFA,2025-09-14
2025,2,0031,14217,1,5.23,ROSTER,2024 UFA,2025-09-14
2025,2,0031,13317,1,1.87,ROSTER,2024 UFA,2025-09-14
2025,2,0031,14215,2,1.87,ROSTER,2024 UFA,2025-09-14
2025,2,0031,14823,1,3.25,ROSTER,2024 UFA,2025-09-14
2025,2,0031,13172,2,1.87,ROSTER,2024 UFA,2025-09-14
2025,2,0031,15873,2,1.87,ROSTER,2024 UFA,2025-09-14
2025,2,0031,16598,3,1.01,ROSTER,2024 4.18,2025-09-14
2025,2,0031,16666,3,0.99,ROSTER,2024 5.06,2025-09-14
2025,2,0031,13163,1,22.63,ROSTER,2022 B/R,2025-09-14
2025,2,0031,14669,1,3.26,ROSTER,2025 RRFA,2025-09-14
2025,2,0031,14260,1,1.9,ROSTER,2025 B/R,2025-09-14
2025,2,0031,16846,1,1.1,ROSTER,2025 ERFA,2025-09-14
2025,2,0031,17112,4,3.61,ROSTER,2025 1.09,2025-09-14
2025,2,0031,17115,4,1.69,ROSTER,2025 2.09,2025-09-14
2025,2,0031,17167,4,0.93,ROSTER,2025 5.21,2025-09-14
2025,2,0031,13869,2,1.86,ROSTER,2025 UFA,2025-09-14
2025,2,0031,15361,2,2.85,ROSTER,2025 UFA,2025-09-14
2025,2,0031,15404,3,6.75,ROSTER,2025 UFA,2025-09-14
2025,2,0031,15788,3,1.86,ROSTER,2025 UFA,2025-09-14
2025,2,0031,15869,3,4.68,ROSTER,2025 UFA,2025-09-14
2025,2,0031,13193,2,4.56,ROSTER,2025 UFA,2025-09-14
2025,2,0031,13700,3,7.2,ROSTER,2025 UFA,2025-09-14
2025,2,0031,14157,2,11.5,ROSTER,2025 UFA,2025-09-14
2025,2,0031,15923,2,3.99,ROSTER,2025 UFA,2025-09-14
2025,2,0031,13959,1,1.8,ROSTER,2025 UFA,2025-09-14
2025,2,0031,12676,1,3.1,ROSTER,2025 UFA,2025-09-14
2025,2,0031,15385,1,2.9,ROSTER,2025 UFA,2025-09-14
2025,2,0031,14302,1,1.9,ROSTER,2025 UFA,2025-09-14
2025,2,0031,15375,1,1.0,ROSTER,2025 UFA,2025-09-14
2025,2,0031,14954,1,1.0,ROSTER,2025 UFA,2025-09-14
2025,2,0031,15752,1,7.33,INJURED_RESERVE,2022 1.04,2025-09-14
2025,2,0031,15821,1,5.35,INJURED_RESERVE,2022 2.02^,2025-09-14
2025,2,0032,15350,4,10.07,ROSTER,2024 iEXT,2025-09-14
2025,2,0032,14322,3,9.66,ROSTER,2024 oEXT,2025-09-14
2025,2,0032,15715,1,3.41,ROSTER,2022 2.03^,2025-09-14
2025,2,0032,15853,1,1.25,ROSTER,2022 4.02,2025-09-14
2025,2,0032,15329,3,9.15,ROSTER,2024 iEXT,2025-09-14
2025,2,0032,16239,2,2.82,ROSTER,2023 1.13,2025-09-14
2025,2,0032,11150,1,13.29,ROSTER,2023 UFA,2025-09-14
2025,2,0032,14882,2,18.77,ROSTER,2025 oEXT,2025-09-14
2025,2,0032,16414,1,1.81,ROSTER,2023 iEXT,2025-09-14
2025,2,0032,16184,2,1.86,ROSTER,2023 2.07,2025-09-14
2025,2,0032,15832,1,5.35,ROSTER,2022 4.03^,2025-09-14
2025,2,0032,16167,2,1.59,ROSTER,2023 2.13,2025-09-14
2025,2,0032,16181,3,8.83,ROSTER,2025 iEXT,2025-09-14
2025,2,0032,12860,2,1.81,ROSTER,2023 iEXT,2025-09-14
2025,2,0032,15913,1,1.1,ROSTER,2024 R/F,2025-09-14
2025,2,0032,12697,2,13.46,ROSTER,2025 oEXT,2025-09-14
2025,2,0032,14835,3,14.03,ROSTER,2024 B/R,2025-09-14
2025,2,0032,16627,3,3.14,ROSTER,2024 1.10,2025-09-14
2025,2,0032,16644,3,1.51,ROSTER,2024 2.13,2025-09-14
2025,2,0032,16593,3,1.26,ROSTER,2024 3.07,2025-09-14
2025,2,0032,13431,2,2.17,ROSTER,2024 iEXT,2025-09-14
2025,2,0032,15779,1,1.14,ROSTER,2022 4.18,2025-09-14
2025,2,0032,15469,2,3.49,ROSTER,2024 iEXT,2025-09-14
2025,2,0032,16455,2,2.31,ROSTER,2025 oEXT,2025-09-14
2025,2,0032,15363,3,1.87,ROSTER,2024 oEXT,2025-09-14
2025,2,0032,14225,4,22.99,ROSTER,2023 iEXT,2025-09-14
2025,2,0032,16704,2,1.09,ROSTER,2024 4.03,2025-09-14
2025,2,0032,15850,1,3.41,ROSTER,2022 3.18^,2025-09-14
2025,2,0032,16269,2,1.0,ROSTER,2025 R/F,2025-09-14
2025,2,0032,14930,1,1.1,ROSTER,2025 ERFA,2025-09-14
2025,2,0032,13987,1,1.09,ROSTER,2025 ERFA,2025-09-14
2025,2,0032,14778,3,18.63,ROSTER,2025 B/R,2025-09-14
2025,2,0032,17137,4,1.49,ROSTER,2025 2.14,2025-09-14
2025,2,0032,17052,4,1.37,ROSTER,2025 3.02,2025-09-14
2025,2,0032,17131,4,1.15,ROSTER,2025 3.14,2025-09-14
2025,2,0032,17049,4,0.98,ROSTER,2025 4.14,2025-09-14
2025,2,0032,17083,4,2.58,ROSTER,2025 1.14,2025-09-14
2025,2,0032,11222,1,1.8,ROSTER,2025 UFA,2025-09-14
2025,2,0032,17087,2,1.87,ROSTER,2025 UFA,2025-09-14
2025,2,0032,16346,2,1.0,ROSTER,2025 R/F,2025-09-14
2025,2,0032,16227,2,1.0,ROSTER,2025 R/F,2025-09-14
2025,2,0032,16063,1,1.0,ROSTER,2025 UFA,2025-09-14
2025,2,0032,16281,1,1.0,ROSTER,2025 UFA,2025-09-14
2025,2,0032,16759,1,1.1,ROSTER,2025 UFA,2025-09-14
2025,2,0032,13131,2,16.76,INJURED_RESERVE,2024 iEXT,2025-09-14
2025,2,0032,15858,1,1.57,INJURED_RESERVE,2022 3.03,2025-09-14
2025,2,0032,16350,2,3.71,TAXI_SQUAD,2024 iEXT,2025-09-14
