season,week,franchise_id,player_id,salary,contractInfo,contractYear,status
2023,22,0001,14109,9.55,2022 iEXT,2,ROSTER
2023,22,0001,14892,5.75,2023 iEXT,4,ROSTER
2023,22,0001,13684,7.36,2021 EXT,1,ROSTER
2023,22,0001,15366,1.17,2021 3.12,2,ROSTER
2023,22,0001,12245,1.57,2021 UFA,2,ROSTER
2023,22,0001,14889,2.13,2020 2.01,1,ROSTER
2023,22,0001,15708,9.64,2022 1.01,3,ROSTER
2023,22,0001,13733,17.04,2021 EXT,2,ROSTER
2023,22,0001,15238,4.07,2021 1.07,2,ROSTER
2023,22,0001,14412,0.99,2023 ERFA,1,ROSTER
2023,22,0001,13723,6.0,2023 SRFA,4,ROSTER
2023,22,0001,16226,1.58,2023 2.06,4,ROSTER
2023,22,0001,14405,7.54,2023 iEXT,4,ROSTER
2023,22,0001,13690,3.87,2023 UFA,3,ROSTER
2023,22,0001,13192,5.13,2023 UFA,2,ROSTER
2023,22,0001,14122,1.5,2023 UFA,2,ROSTER
2023,22,0001,14180,1.4,2023 UFA,1,ROSTER
2023,22,0001,12782,1.4,2023 UFA,1,ROSTER
2023,22,0001,14798,1.4,2023 UFA,1,ROSTER
2023,22,0001,15833,0.94,2022 5.06,3,ROSTER
2023,22,0001,13707,0.99,2023 ERFA,1,ROSTER
2023,22,0001,13229,0.99,2022 R/F,1,ROSTER
2023,22,0001,11872,0.9,2023 UFA,1,ROSTER
2023,22,0001,16163,0.9,2023 4.16,4,ROSTER
2023,22,0001,10703,8.2,2023 B/R,2,ROSTER
2023,22,0001,12625,0.9,2023 UFA,1,ROSTER
2023,22,0001,13317,0.9,2023 UFA,1,ROSTER
2023,22,0001,13216,0.9,2023 UFA,1,ROSTER
2023,22,0001,15395,0.9,2023 UFA,1,ROSTER
2023,22,0001,15446,0.9,2023 UFA,1,ROSTER
2023,22,0001,14337,0.9,2023 UFA,1,ROSTER
2023,22,0001,14911,0.9,2023 UFA,1,ROSTER
2023,22,0001,15979,0.9,2023 UFA,1,ROSTER
2023,22,0001,13298,0.9,2023 UFA,1,ROSTER
2023,22,0001,11985,1.56,2023 oEXT,1,ROSTER
2023,22,0001,12263,8.1,2023 UFA,1,ROSTER
2023,22,0001,13767,0.9,2023 R/F,2,ROSTER
2023,22,0001,14224,0.99,2022 R/F,1,ROSTER
2023,22,0001,12791,0.9,2023 UFA,1,ROSTER
2023,22,0001,13727,0.9,2023 UFA,1,ROSTER
2023,22,0001,15375,0.9,2023 UFA,1,ROSTER
2023,22,0001,15856,1.4,2023 UFA,1,ROSTER
2023,22,0001,16180,0.87,2023 5.11,4,ROSTER
2023,22,0001,15089,0.9,2023 UFA,1,ROSTER
2023,22,0001,12305,8.1,2023 UFA,1,ROSTER
2023,22,0001,12676,1.5,2023 UFA,1,INJURED_RESERVE
2023,22,0002,13713,6.44,2021 EXT,1,ROSTER
2023,22,0002,14153,5.28,2022 iEXT,2,ROSTER
2023,22,0002,14857,2.74,2020 4.11^,1,ROSTER
2023,22,0002,14168,6.95,2022 iEXT,2,ROSTER
2023,22,0002,13839,3.82,2021 EXT,1,ROSTER
2023,22,0002,15794,1.24,2022 3.06,3,ROSTER
2023,22,0002,15853,0.97,2022 4.12,3,ROSTER
2023,22,0002,15762,2.67,2022 1.13,3,ROSTER
2023,22,0002,14249,2.75,2022 UFA,1,ROSTER
2023,22,0002,14897,2.74,2020 2.10^,1,ROSTER
2023,22,0002,15261,1.04,2021 4.04,2,ROSTER
2023,22,0002,15818,0.92,2022 5.10,3,ROSTER
2023,22,0002,13674,3.71,2020 EXT,2,ROSTER
2023,22,0002,15757,1.07,2022 3.19,3,ROSTER
2023,22,0002,11348,0.9,2023 R/F,2,ROSTER
2023,22,0002,14073,26.65,2023 NEFT,1,ROSTER
2023,22,0002,14832,4.81,2020 1.06,1,ROSTER
2023,22,0002,12301,4.3,2023 SRFA,1,ROSTER
2023,22,0002,13424,4.3,2023 SRFA,1,ROSTER
2023,22,0002,14974,6.5,2023 RRFA,1,ROSTER
2023,22,0002,16149,1.64,2023 2.05,4,ROSTER
2023,22,0002,16258,0.94,2023 4.07,4,ROSTER
2023,22,0002,16275,0.86,2023 5.22,4,ROSTER
2023,22,0002,13245,9.5,2023 UFA,2,ROSTER
2023,22,0002,10292,2.3,2023 UFA,1,ROSTER
2023,22,0002,11671,15.9,2023 UFA,1,ROSTER
2023,22,0002,12239,3.1,2023 UFA,1,ROSTER
2023,22,0002,16262,0.93,2023 4.09,4,ROSTER
2023,22,0002,13888,1.5,2023 UFA,1,ROSTER
2023,22,0002,16457,1.5,2023 UFA,1,ROSTER
2023,22,0002,15756,4.75,2022 1.06,3,ROSTER
2023,22,0002,13426,1.5,2023 UFA,1,ROSTER
2023,22,0002,15177,1.5,2023 UFA,1,ROSTER
2023,22,0002,14802,9.64,2020 1.01+,1,ROSTER
2023,22,0002,15448,1.6,2023 UFA,1,ROSTER
2023,22,0002,15356,0.99,2021 4.15,2,ROSTER
2023,22,0002,16270,0.81,2023 UDFA,3,ROSTER
2023,22,0002,12711,3.9,2023 UFA,1,ROSTER
2023,22,0002,11313,0.9,2023 UFA,1,ROSTER
2023,22,0002,9064,1.5,2023 UFA,1,ROSTER
2023,22,0002,15758,1.35,2022 3.01,3,ROSTER
2023,22,0002,15807,1.08,2022 3.18,3,INJURED_RESERVE
2023,22,0002,16251,0.91,2023 4.15,4,INJURED_RESERVE
2023,22,0002,14799,3.29,2020 1.10,1,INJURED_RESERVE
2023,22,0002,14779,12.51,2023 iEXT,6,INJURED_RESERVE
2023,22,0003,15241,2.42,2021 1.14,2,ROSTER
2023,22,0003,15809,1.85,2022 2.05,3,ROSTER
2023,22,0003,15819,1.47,2022 2.13,3,ROSTER
2023,22,0003,14877,3.58,2020 1.09,1,ROSTER
2023,22,0003,13844,0.99,2023 ERFA,1,ROSTER
2023,22,0003,16185,4.09,2023 1.06,4,ROSTER
2023,22,0003,16188,3.08,2023 1.09,4,ROSTER
2023,22,0003,16212,2.09,2023 1.15,4,ROSTER
2023,22,0003,16184,1.32,2023 2.13,4,ROSTER
2023,22,0003,16165,1.11,2023 3.07,4,ROSTER
2023,22,0003,14157,10.56,2023 UFA,5,ROSTER
2023,22,0003,14159,11.9,2023 UFA,4,ROSTER
2023,22,0003,14171,10.2,2023 UFA,4,ROSTER
2023,22,0003,12718,2.38,2023 UFA,2,ROSTER
2023,22,0003,14127,6.65,2023 UFA,2,ROSTER
2023,22,0003,12620,25.23,2021 EXT,4,ROSTER
2023,22,0003,16252,0.99,2023 3.18,4,ROSTER
2023,22,0003,14852,1.45,2020 2.13,1,ROSTER
2023,22,0003,15972,0.9,2023 UFA,1,ROSTER
2023,22,0003,15799,0.9,2023 R/F,2,ROSTER
2023,22,0003,16284,0.87,2023 5.09,4,ROSTER
2023,22,0003,16240,0.86,2023 5.15,4,ROSTER
2023,22,0003,13354,0.9,2023 R/F,2,ROSTER
2023,22,0003,14147,16.0,2023 UFA,5,ROSTER
2023,22,0003,13414,0.9,2023 UFA,1,ROSTER
2023,22,0003,14789,0.9,2023 UFA,1,ROSTER
2023,22,0003,15849,0.9,2023 UFA,1,ROSTER
2023,22,0003,15832,0.98,2022 4.11,3,ROSTER
2023,22,0003,10697,1.4,2023 UFA,1,ROSTER
2023,22,0003,14927,2.74,2020 3.10^,1,ROSTER
2023,22,0003,16385,0.9,2023 UFA,1,ROSTER
2023,22,0003,14268,0.9,2023 UFA,1,ROSTER
2023,22,0003,14861,0.9,2023 UFA,1,ROSTER
2023,22,0003,13223,0.9,2023 UFA,1,ROSTER
2023,22,0003,16193,0.9,2023 UFA,1,ROSTER
2023,22,0003,11760,0.9,2023 UFA,1,ROSTER
2023,22,0003,11793,0.9,2023 UFA,1,ROSTER
2023,22,0003,16283,0.86,2023 5.14,4,INJURED_RESERVE
2023,22,0003,15811,0.97,2022 4.13,3,INJURED_RESERVE
2023,22,0003,13622,0.9,2023 UFA,1,INJURED_RESERVE
2023,22,0004,12650,7.99,2020 EXT,1,ROSTER
2023,22,0004,14867,1.08,2020 4.07,1,ROSTER
2023,22,0004,13198,10.84,2020 EXT,1,ROSTER
2023,22,0004,14928,2.74,2020 3.03^,1,ROSTER
2023,22,0004,13782,3.63,2021 TToff,1,ROSTER
2023,22,0004,15368,0.95,2021 5.12,2,ROSTER
2023,22,0004,15281,6.55,2021 1.03,2,ROSTER
2023,22,0004,14782,8.66,2023 iEXT,4,ROSTER
2023,22,0004,15753,8.12,2022 1.02,3,ROSTER
2023,22,0004,15857,0.92,2022 5.07,3,ROSTER
2023,22,0004,14247,2.24,2022 iEXT,2,ROSTER
2023,22,0004,13281,2.31,2022 UFA,1,ROSTER
2023,22,0004,12767,4.11,2021 SRFA,1,ROSTER
2023,22,0004,15904,1.5,2023 oEXT,2,ROSTER
2023,22,0004,14149,2.38,2021 EXT,2,ROSTER
2023,22,0004,14590,0.9,2023 R/F,2,ROSTER
2023,22,0004,15802,0.99,2023 ERFA,1,ROSTER
2023,22,0004,11150,6.01,2023 FRFA,3,ROSTER
2023,22,0004,16190,2.85,2023 1.10,4,ROSTER
2023,22,0004,16223,2.65,2023 1.11,4,ROSTER
2023,22,0004,14900,1.4,2023 UFA,1,ROSTER
2023,22,0004,14518,2.25,2023 UFA,3,ROSTER
2023,22,0004,11721,2.95,2023 UFA,2,ROSTER
2023,22,0004,13748,1.5,2023 UFA,1,ROSTER
2023,22,0004,9431,7.1,2023 UFA,1,ROSTER
2023,22,0004,14805,1.69,2020 2.07,1,ROSTER
2023,22,0004,12083,0.99,2022 R/F,1,ROSTER
2023,22,0004,15826,1.69,2023 iEXT,3,ROSTER
2023,22,0004,16016,1.4,2023 UFA,1,ROSTER
2023,22,0004,13132,12.46,2022 iEXT,2,ROSTER
2023,22,0004,11286,1.4,2023 UFA,1,ROSTER
2023,22,0004,15710,0.85,2022 UDFA,2,ROSTER
2023,22,0004,16306,0.9,2023 UFA,1,ROSTER
2023,22,0004,13332,0.9,2023 UFA,1,ROSTER
2023,22,0004,15361,1.19,2021 3.10,2,ROSTER
2023,22,0004,16220,0.9,2023 UFA,1,ROSTER
2023,22,0004,12785,0.9,2023 UFA,1,ROSTER
2023,22,0004,14143,1.4,2023 UFA,1,ROSTER
2023,22,0004,14223,2.1,2023 UFA,1,ROSTER
2023,22,0004,14717,0.9,2023 UFA,1,ROSTER
2023,22,0004,14982,0.9,2023 UFA,1,ROSTER
2023,22,0004,15709,0.9,2023 UFA,1,ROSTER
2023,22,0004,14836,3.91,2020 1.08,1,ROSTER
2023,22,0004,14056,19.75,2023 5YO,1,ROSTER
2023,22,0004,13730,0.99,2022 R/F,1,ROSTER
2023,22,0004,13156,0.9,2023 UFA,1,INJURED_RESERVE
2023,22,0004,15874,1.5,2023 UFA,1,INJURED_RESERVE
2023,22,0004,13230,2.74,2023 ORFA2,3,INJURED_RESERVE
2023,22,0004,13307,22.1,2023 UFA,1,INJURED_RESERVE
2023,22,0005,13116,31.16,2023 oEXT,6,ROSTER
2023,22,0005,15352,1.74,2021 2.06,2,ROSTER
2023,22,0005,15754,3.89,2022 1.08,3,ROSTER
2023,22,0005,15808,1.73,2022 2.07,3,ROSTER
2023,22,0005,15759,1.38,2022 2.16,3,ROSTER
2023,22,0005,15256,2.92,2021 1.11,2,ROSTER
2023,22,0005,11244,34.85,2023 NEFT,1,ROSTER
2023,22,0005,13742,4.3,2023 SRFA,3,ROSTER
2023,22,0005,16171,1.76,2023 2.03,4,ROSTER
2023,22,0005,16194,1.69,2023 2.04,4,ROSTER
2023,22,0005,16189,1.35,2023 2.12,4,ROSTER
2023,22,0005,16231,1.15,2023 3.05,4,ROSTER
2023,22,0005,13404,20.3,2023 UFA,1,ROSTER
2023,22,0005,13697,2.55,2023 UFA,4,ROSTER
2023,22,0005,13920,1.5,2023 UFA,1,ROSTER
2023,22,0005,11232,11.0,2023 UFA,1,ROSTER
2023,22,0005,13837,8.0,2023 RRFA,1,ROSTER
2023,22,0005,13668,4.75,2023 oEXT,1,ROSTER
2023,22,0005,15263,0.97,2021 5.01,1,ROSTER
2023,22,0005,16206,0.91,2023 4.14,3,ROSTER
2023,22,0005,13288,0.99,2023 ERFA,1,ROSTER
2023,22,0005,16253,0.88,2023 5.06,3,ROSTER
2023,22,0005,16246,0.81,2023 UDFA,3,ROSTER
2023,22,0005,16282,0.81,2023 UDFA,3,ROSTER
2023,22,0005,15789,3.29,2022 1.10,3,ROSTER
2023,22,0005,14322,2.2,2023 UFA,1,ROSTER
2023,22,0005,15836,1.04,2022 4.01,3,ROSTER
2023,22,0005,13848,3.51,2023 oEXT,2,ROSTER
2023,22,0005,15911,1.1,2022 3.15,3,ROSTER
2023,22,0005,14930,0.99,2023 ERFA,1,ROSTER
2023,22,0005,12697,0.9,2023 UFA,1,ROSTER
2023,22,0005,14244,0.9,2023 UFA,1,ROSTER
2023,22,0005,13119,0.9,2023 UFA,1,ROSTER
2023,22,0005,13296,0.99,2022 R/F,1,ROSTER
2023,22,0005,14414,0.9,2023 UFA,1,ROSTER
2023,22,0005,14217,0.99,2022 R/F,1,ROSTER
2023,22,0005,12176,0.9,2023 UFA,1,ROSTER
2023,22,0005,15923,0.9,2023 UFA,1,ROSTER
2023,22,0005,13764,0.9,2023 UFA,1,ROSTER
2023,22,0005,11706,1.4,2023 UFA,1,ROSTER
2023,22,0005,15696,0.9,2023 UFA,1,ROSTER
2023,22,0005,16166,0.9,2023 UFA,1,ROSTER
2023,22,0005,16384,0.9,2023 UFA,1,ROSTER
2023,22,0005,15859,0.9,2023 R/F,2,ROSTER
2023,22,0005,14910,14.5,2023 UFA,1,ROSTER
2023,22,0005,13704,2.75,2022 UFA,1,INJURED_RESERVE
2023,22,0005,15349,1.59,2021 2.09,2,INJURED_RESERVE
2023,22,0005,14163,9.08,2023 oEXT,3,INJURED_RESERVE
2023,22,0006,14783,21.44,2023 iEXT,2,ROSTER
2023,22,0006,14840,17.0,2023 iEXT,6,ROSTER
2023,22,0006,13131,2.82,2019 EXT,2,ROSTER
2023,22,0006,12801,40.56,2022 iEXT,1,ROSTER
2023,22,0006,15282,3.14,2021 1.10,2,ROSTER
2023,22,0006,15378,1.39,2021 2.15,2,ROSTER
2023,22,0006,13268,0.99,2022 R/F,1,ROSTER
2023,22,0006,15715,2.08,2022 2.02,3,ROSTER
2023,22,0006,15846,1.44,2022 2.14,3,ROSTER
2023,22,0006,15871,0.95,2022 5.02,3,ROSTER
2023,22,0006,14225,21.0,2023 B/R,2,ROSTER
2023,22,0006,14921,4.3,2023 SRFA,4,ROSTER
2023,22,0006,16197,1.99,2023 1.16,4,ROSTER
2023,22,0006,16183,1.24,2023 2.16,4,ROSTER
2023,22,0006,16286,0.91,2023 4.13,4,ROSTER
2023,22,0006,16259,0.86,2023 5.26,3,ROSTER
2023,22,0006,16324,0.81,2023 UDFA,3,ROSTER
2023,22,0006,16216,1.01,2023 3.16,3,ROSTER
2023,22,0006,10789,1.4,2023 UFA,1,ROSTER
2023,22,0006,16207,0.81,2023 UDFA,3,ROSTER
2023,22,0006,16330,0.86,2023 5.18,4,ROSTER
2023,22,0006,16303,0.86,2023 5.16,3,ROSTER
2023,22,0006,12141,0.9,2023 UFA,1,ROSTER
2023,22,0006,12698,0.99,2022 R/F,1,ROSTER
2023,22,0006,14137,1.71,2023 UFA,2,ROSTER
2023,22,0006,13164,37.41,2023 NEFT,1,ROSTER
2023,22,0006,13777,0.9,2023 UFA,1,ROSTER
2023,22,0006,15855,0.96,2022 4.16,3,ROSTER
2023,22,0006,15761,1.02,2022 4.04,3,ROSTER
2023,22,0006,15800,0.9,2023 UFA,1,ROSTER
2023,22,0006,14141,1.5,2023 UFA,2,ROSTER
2023,22,0006,10868,0.9,2023 UFA,1,ROSTER
2023,22,0006,11768,0.9,2023 UFA,1,ROSTER
2023,22,0006,12349,1.0,2023 UFA,1,ROSTER
2023,22,0006,14924,0.9,2023 UFA,1,ROSTER
2023,22,0006,16441,1.4,2023 UFA,1,ROSTER
2023,22,0006,12476,1.4,2023 UFA,1,ROSTER
2023,22,0006,15862,0.9,2023 UFA,1,ROSTER
2023,22,0006,15271,0.95,2021 5.15,2,ROSTER
2023,22,0006,13685,0.9,2023 UFA,1,ROSTER
2023,22,0006,15409,0.9,2023 UFA,1,ROSTER
2023,22,0006,13263,0.9,2023 UFA,1,ROSTER
2023,22,0006,12952,0.9,2023 UFA,1,ROSTER
2023,22,0006,14215,0.9,2023 UFA,1,ROSTER
2023,22,0006,15928,0.99,2023 ERFA,1,INJURED_RESERVE
2023,22,0006,15452,0.88,2021 UDFA,1,INJURED_RESERVE
2023,22,0006,15390,0.9,2023 R/F,2,INJURED_RESERVE
2023,22,0006,15373,2.3,2021 1.15,2,INJURED_RESERVE
2023,22,0007,15284,3.4,2021 1.09,2,ROSTER
2023,22,0007,15288,2.56,2021 1.13,2,ROSTER
2023,22,0007,15289,1.8,2021 2.05,2,ROSTER
2023,22,0007,15396,0.95,2021 5.11,1,ROSTER
2023,22,0007,13236,2.42,2021 UFA,1,ROSTER
2023,22,0007,15386,0.98,2021 4.18,1,ROSTER
2023,22,0007,15258,1.69,2021 2.07,2,ROSTER
2023,22,0007,15711,6.95,2022 1.03,3,ROSTER
2023,22,0007,15894,0.85,2022 UDFA,1,ROSTER
2023,22,0007,13635,27.06,2022 UFA,2,ROSTER
2023,22,0007,13760,5.5,2022 UFA,2,ROSTER
2023,22,0007,15813,0.85,2022 UDFA,1,ROSTER
2023,22,0007,15907,0.85,2022 UDFA,1,ROSTER
2023,22,0007,15777,0.95,2022 4.17,2,ROSTER
2023,22,0007,15240,7.62,2021 1.02,2,ROSTER
2023,22,0007,15329,5.71,2021 1.04,2,ROSTER
2023,22,0007,15869,0.9,2023 R/F,2,ROSTER
2023,22,0007,16161,6.93,2023 1.02,4,ROSTER
2023,22,0007,16230,1.2,2023 3.02,4,ROSTER
2023,22,0007,15829,0.94,2022 5.05,2,ROSTER
2023,22,0007,11317,7.38,2021 EXT,1,ROSTER
2023,22,0007,16244,0.97,2023 4.02,4,ROSTER
2023,22,0007,16168,0.95,2023 4.06,4,ROSTER
2023,22,0007,16291,0.86,2023 5.20,4,ROSTER
2023,22,0007,16351,0.81,2023 UDFA,3,ROSTER
2023,22,0007,15445,1.4,2023 UFA,1,ROSTER
2023,22,0007,16080,1.98,2023 UFA,3,ROSTER
2023,22,0007,12764,9.6,2023 UFA,2,ROSTER
2023,22,0007,12218,3.04,2023 UFA,2,ROSTER
2023,22,0007,16362,0.81,2023 UDFA,3,ROSTER
2023,22,0007,13085,1.4,2023 UFA,1,ROSTER
2023,22,0007,13138,6.13,2020 FRFA,1,ROSTER
2023,22,0007,13959,1.4,2023 UFA,1,ROSTER
2023,22,0007,13774,1.4,2023 UFA,1,ROSTER
2023,22,0007,13606,1.54,2022 UFA,1,ROSTER
2023,22,0007,15121,0.9,2023 UFA,1,ROSTER
2023,22,0007,16268,0.9,2023 UFA,1,ROSTER
2023,22,0007,15252,0.9,2023 UFA,1,ROSTER
2023,22,0007,15385,1.34,2021 3.01,2,ROSTER
2023,22,0007,15626,0.9,2023 UFA,1,ROSTER
2023,22,0007,15331,1.31,2021 3.03,2,ROSTER
2023,22,0007,15082,0.9,2023 UFA,1,ROSTER
2023,22,0007,14675,0.9,2023 UFA,1,ROSTER
2023,22,0007,11945,0.9,2023 UFA,1,ROSTER
2023,22,0007,16227,0.9,2023 UFA,1,ROSTER
2023,22,0007,15868,0.9,2022 5.26,1,INJURED_RESERVE
2023,22,0007,10700,23.02,2023 oEXT,1,INJURED_RESERVE
2023,22,0007,14059,10.64,2023 UFA,2,INJURED_RESERVE
2023,22,0007,14838,1.64,2020 2.08,1,INJURED_RESERVE
2023,22,0007,13762,3.96,2022 UFA,1,INJURED_RESERVE
2023,22,0007,14182,0.99,2022 R/F,1,INJURED_RESERVE
2023,22,0008,14136,24.49,2023 iEXT,4,ROSTER
2023,22,0008,14887,2.65,2020 1.13,1,ROSTER
2023,22,0008,15381,1.49,2021 2.12,2,ROSTER
2023,22,0008,15346,1.32,2021 3.02,2,ROSTER
2023,22,0008,15364,1.08,2021 3.20,1,ROSTER
2023,22,0008,15259,1.01,2021 4.10,2,ROSTER
2023,22,0008,12270,2.31,2022 UFA,1,ROSTER
2023,22,0008,11761,0.99,2022 R/F,1,ROSTER
2023,22,0008,15817,1.41,2022 2.15,3,ROSTER
2023,22,0008,12686,16.5,2022 B/R,1,ROSTER
2023,22,0008,15283,2.19,2021 1.16,2,ROSTER
2023,22,0008,15351,1.65,2021 2.08,2,ROSTER
2023,22,0008,10775,8.0,2023 B/R,2,ROSTER
2023,22,0008,11644,12.44,2023 iEXT,3,ROSTER
2023,22,0008,16214,2.33,2023 1.13,4,ROSTER
2023,22,0008,16175,1.29,2023 2.14,4,ROSTER
2023,22,0008,16204,1.02,2023 3.15,4,ROSTER
2023,22,0008,16187,1.49,2023 2.08,4,ROSTER
2023,22,0008,15565,3.27,2023 iEXT,4,ROSTER
2023,22,0008,10816,1.4,2023 UFA,1,ROSTER
2023,22,0008,16414,1.5,2023 iEXT,3,ROSTER
2023,22,0008,14104,24.22,2023 5YO,1,ROSTER
2023,22,0008,16159,0.81,2023 UDFA,3,ROSTER
2023,22,0008,15887,1.66,2023 iEXT,4,ROSTER
2023,22,0008,16383,0.81,2023 UDFA,3,ROSTER
2023,22,0008,15419,0.9,2023 UFA,1,ROSTER
2023,22,0008,15880,0.9,2023 UFA,1,ROSTER
2023,22,0008,14400,0.9,2023 UFA,1,ROSTER
2023,22,0008,13301,0.9,2023 R/F,2,ROSTER
2023,22,0008,12291,0.9,2023 UFA,1,ROSTER
2023,22,0008,14219,0.9,2023 UFA,1,ROSTER
2023,22,0008,16344,1.59,2023 iEXT,4,ROSTER
2023,22,0008,16308,0.9,2023 UFA,1,ROSTER
2023,22,0008,13266,0.9,2023 UFA,1,ROSTER
2023,22,0008,16238,0.9,2023 UFA,1,ROSTER
2023,22,0008,14057,1.0,2023 UFA,1,ROSTER
2023,22,0008,16154,0.9,2023 UFA,1,ROSTER
2023,22,0008,13418,1.4,2023 UFA,1,ROSTER
2023,22,0008,15840,1.13,2022 3.13,3,ROSTER
2023,22,0008,13806,0.99,2022 R/F,1,ROSTER
2023,22,0008,13133,0.9,2023 UFA,1,ROSTER
2023,22,0008,15076,0.9,2023 UFA,1,ROSTER
2023,22,0008,13610,13.6,2021 EXT,2,ROSTER
2023,22,0008,15860,0.97,2022 4.14,3,ROSTER
2023,22,0008,13257,0.9,2023 UFA,1,ROSTER
2023,22,0009,13189,6.05,2021 B/R,1,ROSTER
2023,22,0009,14158,3.86,2022 iEXT,2,ROSTER
2023,22,0009,15350,2.73,2021 1.12,2,ROSTER
2023,22,0009,15290,1.94,2021 2.03,2,ROSTER
2023,22,0009,12752,3.63,2021 B/R,1,ROSTER
2023,22,0009,12739,5.32,2021 UFA,1,ROSTER
2023,22,0009,12221,17.28,2019 EXT,1,ROSTER
2023,22,0009,12779,4.39,2022 SRFA,1,ROSTER
2023,22,0009,15749,0.95,2022 5.03,2,ROSTER
2023,22,0009,14956,1.65,2022 UFA,1,ROSTER
2023,22,0009,13590,7.71,2021 EXT,3,ROSTER
2023,22,0009,14162,13.5,2022 iEXT,3,ROSTER
2023,22,0009,15693,0.96,2022 4.15,3,ROSTER
2023,22,0009,11647,4.39,2022 SRFA,1,ROSTER
2023,22,0009,14148,4.69,2022 iEXT,3,ROSTER
2023,22,0009,15830,1.74,2022 iEXT,3,ROSTER
2023,22,0009,15441,3.0,2023 iEXT,3,ROSTER
2023,22,0009,14080,3.16,2022 iEXT,1,ROSTER
2023,22,0009,15721,1.12,2022 3.14,2,ROSTER
2023,22,0009,14221,3.0,2023 ORFA5,2,ROSTER
2023,22,0009,16213,3.69,2023 1.07,4,ROSTER
2023,22,0009,14896,2.74,2020 2.02^,1,ROSTER
2023,22,0009,14842,6.3,2023 iEXT,5,ROSTER
2023,22,0009,14882,1.5,2023 UFA,3,ROSTER
2023,22,0009,13470,3.63,2021 UFA,1,ROSTER
2023,22,0009,16276,0.99,2023 3.19,4,ROSTER
2023,22,0009,16196,0.89,2023 4.19,4,ROSTER
2023,22,0009,13737,3.63,2022 UFA,2,ROSTER
2023,22,0009,14179,2.38,2023 UFA,2,ROSTER
2023,22,0009,15496,0.9,2023 UFA,1,ROSTER
2023,22,0009,14017,2.7,2023 UFA,1,ROSTER
2023,22,0009,15901,2.9,2023 UFA,1,ROSTER
2023,22,0009,14257,1.5,2023 UFA,1,ROSTER
2023,22,0009,14108,0.9,2023 UFA,1,ROSTER
2023,22,0009,16181,1.0,2023 3.17,4,ROSTER
2023,22,0009,15895,1.5,2023 iEXT,3,ROSTER
2023,22,0009,16013,0.9,2023 UFA,1,ROSTER
2023,22,0009,16346,0.9,2023 UFA,1,ROSTER
2023,22,0009,15379,1.13,2021 3.14,2,ROSTER
2023,22,0009,15985,0.9,2023 UFA,1,ROSTER
2023,22,0009,12860,0.9,2023 UFA,1,ROSTER
2023,22,0009,13776,0.9,2023 UFA,1,ROSTER
2023,22,0009,14966,0.9,2023 UFA,1,ROSTER
2023,22,0009,15332,0.9,2023 UFA,1,ROSTER
2023,22,0009,16201,0.9,2023 UFA,1,ROSTER
2023,22,0009,16152,8.22,2023 1.01,4,INJURED_RESERVE
2023,22,0009,14260,2.0,2023 UFA,2,INJURED_RESERVE
2023,22,0009,12652,8.0,2023 B/R,1,INJURED_RESERVE
2023,22,0009,16432,0.9,2023 UFA,1,INJURED_RESERVE
2023,22,0009,16064,0.9,2023 UFA,1,INJURED_RESERVE
2023,22,0009,15766,3.56,2022 1.09,3,INJURED_RESERVE
2023,22,0009,16158,0.86,2023 5.25,4,INJURED_RESERVE
2023,22,0009,14105,9.9,2023 UFA,3,INJURED_RESERVE
2023,22,0010,11938,13.31,2022 iEXT,1,ROSTER
2023,22,0010,13706,3.48,2020 EXT,1,ROSTER
2023,22,0010,13589,20.46,2021 EXT,4,ROSTER
2023,22,0010,14907,2.04,2022 iEXT,2,ROSTER
2023,22,0010,11769,6.55,2019 EXT,1,ROSTER
2023,22,0010,15755,2.85,2022 1.12,3,ROSTER
2023,22,0010,15822,2.52,2022 1.14,3,ROSTER
2023,22,0010,15768,2.17,2022 2.01,3,ROSTER
2023,22,0010,12611,6.0,2019 EXT,1,ROSTER
2023,22,0010,15815,1.91,2022 2.04,3,ROSTER
2023,22,0010,13646,10.45,2022 UFA,2,ROSTER
2023,22,0010,13710,1.54,2022 UFA,1,ROSTER
2023,22,0010,15812,1.14,2022 3.12,3,ROSTER
2023,22,0010,13703,0.99,2022 R/F,1,ROSTER
2023,22,0010,14926,2.67,2022 iEXT,2,ROSTER
2023,22,0010,15422,1.5,2023 oEXT,3,ROSTER
2023,22,0010,13204,3.41,2022 UFA,2,ROSTER
2023,22,0010,12796,0.9,2023 R/F,2,ROSTER
2023,22,0010,12626,26.65,2023 NEFT,1,ROSTER
2023,22,0010,16263,1.38,2023 2.11,4,ROSTER
2023,22,0010,16221,1.27,2023 2.15,4,ROSTER
2023,22,0010,16225,0.92,2023 4.12,4,ROSTER
2023,22,0010,16255,0.87,2023 5.12,4,ROSTER
2023,22,0010,10976,1.5,2023 UFA,5,ROSTER
2023,22,0010,13134,1.5,2023 UFA,3,ROSTER
2023,22,0010,12175,13.04,2023 UFA,5,ROSTER
2023,22,0010,13176,6.3,2023 UFA,3,ROSTER
2023,22,0010,13299,9.87,2019 EXT,1,ROSTER
2023,22,0010,15798,0.85,2022 UDFA,2,ROSTER
2023,22,0010,14847,1.21,2020 3.09,1,ROSTER
2023,22,0010,14904,1.52,2022 iEXT,2,ROSTER
2023,22,0010,14086,0.9,2023 R/F,2,ROSTER
2023,22,0010,13479,1.4,2023 UFA,1,ROSTER
2023,22,0010,15109,1.4,2023 UFA,1,ROSTER
2023,22,0010,13699,1.54,2022 UFA,1,ROSTER
2023,22,0010,15003,1.5,2023 UFA,1,ROSTER
2023,22,0010,15714,1.17,2022 3.10,3,ROSTER
2023,22,0010,12751,0.9,2023 UFA,1,ROSTER
2023,22,0010,14716,0.9,2023 UFA,1,ROSTER
2023,22,0010,13252,1.4,2023 UFA,1,ROSTER
2023,22,0010,15787,1.09,2022 3.16,2,ROSTER
2023,22,0010,10945,1.0,2023 UFA,1,ROSTER
2023,22,0010,16178,5.1,2023 UFA,1,ROSTER
2023,22,0010,16151,1.54,2023 2.07,4,INJURED_RESERVE
2023,22,0010,16153,0.88,2023 5.04,4,INJURED_RESERVE
2023,22,0010,14800,2.0,2023 UFA,1,INJURED_RESERVE
2023,22,0010,15437,4.0,2023 ORFAN,3,INJURED_RESERVE
2023,22,0010,14075,3.69,2023 UFA,3,INJURED_RESERVE
2023,22,0010,15797,1.06,2022 3.20,2,INJURED_RESERVE
2023,22,0010,12233,1.4,2023 UFA,1,INJURED_RESERVE
2023,22,0011,14835,14.34,2023 iEXT,5,ROSTER
2023,22,0011,13772,5.94,2021 EXT,2,ROSTER
2023,22,0011,14218,4.62,2021 EXT,2,ROSTER
2023,22,0011,15308,1.86,2021 2.04,2,ROSTER
2023,22,0011,14079,13.06,2023 oEXT,2,ROSTER
2023,22,0011,14138,11.24,2022 iEXT,3,ROSTER
2023,22,0011,15404,2.82,2023 iEXT,5,ROSTER
2023,22,0011,12225,12.54,2022 TToff,2,ROSTER
2023,22,0011,14102,10.01,2022 iEXT,4,ROSTER
2023,22,0011,14210,2.66,2023 oEXT,2,ROSTER
2023,22,0011,15779,0.95,2022 5.01,2,ROSTER
2023,22,0011,15418,0.99,2022 R/F,1,ROSTER
2023,22,0011,13284,3.62,2021 EXT,2,ROSTER
2023,22,0011,13630,15.46,2022 oEXT,2,ROSTER
2023,22,0011,14803,6.14,2020 1.04,1,ROSTER
2023,22,0011,16169,1.91,2023 2.01,4,ROSTER
2023,22,0011,16164,1.13,2023 3.06,3,ROSTER
2023,22,0011,16260,0.96,2023 4.03,3,ROSTER
2023,22,0011,16266,0.95,2023 4.05,3,ROSTER
2023,22,0011,16235,0.89,2023 5.01,3,ROSTER
2023,22,0011,16269,0.89,2023 5.02,3,ROSTER
2023,22,0011,15001,1.4,2023 UFA,1,ROSTER
2023,22,0011,15751,6.05,2022 1.04,3,ROSTER
2023,22,0011,13869,0.9,2023 R/F,2,ROSTER
2023,22,0011,15393,0.88,2021 UDFA,1,ROSTER
2023,22,0011,13294,0.9,2023 R/F,2,ROSTER
2023,22,0011,15239,3.71,2021 1.08,2,ROSTER
2023,22,0011,14947,0.9,2023 UFA,1,ROSTER
2023,22,0011,14067,1.4,2023 UFA,1,ROSTER
2023,22,0011,14208,9.12,2023 UFA,2,ROSTER
2023,22,0011,13128,0.9,2023 UFA,1,ROSTER
2023,22,0011,12754,0.9,2023 UFA,1,ROSTER
2023,22,0011,13303,0.9,2023 R/F,2,ROSTER
2023,22,0011,13146,11.62,2020 EXT,1,ROSTER
2023,22,0011,14841,0.9,2023 UFA,1,ROSTER
2023,22,0011,16236,0.9,2023 UFA,1,ROSTER
2023,22,0011,14925,0.9,2023 UFA,1,ROSTER
2023,22,0011,15094,0.9,2023 UFA,1,ROSTER
2023,22,0011,14263,0.9,2023 UFA,1,ROSTER
2023,22,0011,7836,16.0,2023 B/R,2,ROSTER
2023,22,0011,12842,0.9,2023 UFA,1,ROSTER
2023,22,0011,14669,0.9,2023 UFA,1,ROSTER
2023,22,0011,13113,12.19,2019 EXT,2,INJURED_RESERVE
2023,22,0011,13633,14.25,2021 EXT,2,INJURED_RESERVE
2023,22,0011,16009,0.9,2023 UFA,1,INJURED_RESERVE
2023,22,0012,13319,21.53,2020 EXT,2,ROSTER
2023,22,0012,13593,18.79,2021 EXT,3,ROSTER
2023,22,0012,12750,1.86,2023 oEXT,3,ROSTER
2023,22,0012,13743,6.13,2021 EXT,3,ROSTER
2023,22,0012,14167,12.35,2022 iEXT,4,ROSTER
2023,22,0012,14085,6.12,2022 FRFA,2,ROSTER
2023,22,0012,12828,3.3,2022 RRFA,2,ROSTER
2023,22,0012,15692,5.33,2022 1.05,3,ROSTER
2023,22,0012,15884,0.91,2022 5.13,3,ROSTER
2023,22,0012,13693,2.64,2022 UFA,3,ROSTER
2023,22,0012,15863,0.9,2022 5.21,3,ROSTER
2023,22,0012,15870,0.85,2022 UDFA,1,ROSTER
2023,22,0012,15823,1.25,2022 3.05,3,ROSTER
2023,22,0012,15717,1.78,2022 2.06,3,ROSTER
2023,22,0012,14164,2.79,2023 oEXT,4,ROSTER
2023,22,0012,16018,0.9,2023 R/F,2,ROSTER
2023,22,0012,15392,0.9,2023 R/F,2,ROSTER
2023,22,0012,14978,0.9,2023 R/F,2,ROSTER
2023,22,0012,13163,22.0,2023 B/R,3,ROSTER
2023,22,0012,8930,0.99,2023 ERFA,1,ROSTER
2023,22,0012,16186,3.36,2023 1.08,4,ROSTER
2023,22,0012,16257,1.18,2023 3.03,4,ROSTER
2023,22,0012,16271,1.09,2023 3.09,4,ROSTER
2023,22,0012,16211,1.07,2023 3.10,4,ROSTER
2023,22,0012,16245,1.03,2023 3.14,4,ROSTER
2023,22,0012,13672,5.23,2023 UFA,2,ROSTER
2023,22,0012,14112,4.59,2023 UFA,3,ROSTER
2023,22,0012,14823,0.9,2023 UFA,1,ROSTER
2023,22,0012,16278,0.81,2023 UDFA,3,ROSTER
2023,22,0012,15914,0.85,2022 UDFA,2,ROSTER
2023,22,0012,16314,0.81,2023 UDFA,3,ROSTER
2023,22,0012,16305,0.81,2023 UDFA,3,ROSTER
2023,22,0012,16157,0.81,2023 UDFA,3,ROSTER
2023,22,0012,13987,0.9,2023 R/F,2,ROSTER
2023,22,0012,15723,0.9,2023 UFA,1,ROSTER
2023,22,0012,13172,2.1,2023 UFA,1,ROSTER
2023,22,0012,15873,0.9,2023 UFA,1,ROSTER
2023,22,0012,16174,0.9,2023 UFA,1,ROSTER
2023,22,0012,16192,0.81,2023 UDFA,3,ROSTER
2023,22,0012,12956,0.9,2023 UFA,1,ROSTER
2023,22,0012,16356,0.9,2023 UFA,1,ROSTER
2023,22,0012,14331,0.9,2023 UFA,1,ROSTER
2023,22,0012,14985,0.9,2023 UFA,1,ROSTER
2023,22,0012,14843,0.9,2021 UFA,-1,ROSTER
2023,22,0012,16333,0.9,2023 UFA,1,ROSTER
2023,22,0012,16210,0.88,2023 5.05,4,INJURED_RESERVE
2023,22,0012,12231,6.05,2022 B/R,3,INJURED_RESERVE
2023,22,0012,12736,0.9,2023 R/F,2,INJURED_RESERVE
2023,22,0012,16198,0.81,2023 UDFA,3,INJURED_RESERVE
2023,22,0013,12688,14.96,2020 EXT,2,ROSTER
2023,22,0013,12742,5.23,2020 EXT,1,ROSTER
2023,22,0013,14186,2.79,2023 oEXT,3,ROSTER
2023,22,0013,12735,1.57,2021 B/R,1,ROSTER
2023,22,0013,15237,9.02,2021 1.01,2,ROSTER
2023,22,0013,15365,1.53,2021 2.11,2,ROSTER
2023,22,0013,13793,3.63,2021 RRFA,1,ROSTER
2023,22,0013,13681,2.9,2021 EXT,2,ROSTER
2023,22,0013,15834,2.28,2022 1.16,3,ROSTER
2023,22,0013,15835,1.51,2022 2.12,3,ROSTER
2023,22,0013,15788,1.32,2022 3.02,3,ROSTER
2023,22,0013,15831,1.03,2022 4.02,3,ROSTER
2023,22,0013,15861,0.99,2022 4.08,3,ROSTER
2023,22,0013,14977,2.64,2022 UFA,2,ROSTER
2023,22,0013,15713,0.98,2022 4.10,3,ROSTER
2023,22,0013,12802,1.76,2022 UFA,2,ROSTER
2023,22,0013,13700,20.37,2023 oEXT,3,ROSTER
2023,22,0013,15293,2.09,2021 2.01,2,ROSTER
2023,22,0013,12075,6.12,2022 FRFA,2,ROSTER
2023,22,0013,14991,0.9,2023 R/F,2,ROSTER
2023,22,0013,13130,28.29,2023 EFT,1,ROSTER
2023,22,0013,12610,1.5,2023 B/R,2,ROSTER
2023,22,0013,16162,5.95,2023 1.03,4,ROSTER
2023,22,0013,16239,2.2,2023 1.14,4,ROSTER
2023,22,0013,16254,1.45,2023 2.09,4,ROSTER
2023,22,0013,16256,1.22,2023 3.01,4,ROSTER
2023,22,0013,16234,1.05,2023 3.12,4,ROSTER
2023,22,0013,16261,0.81,2023 UDFA,3,ROSTER
2023,22,0013,11728,1.9,2023 UFA,2,ROSTER
2023,22,0013,10768,2.5,2023 UFA,1,ROSTER
2023,22,0013,13157,5.0,2023 UFA,1,ROSTER
2023,22,0013,13675,1.5,2023 UFA,1,ROSTER
2023,22,0013,16218,0.81,2023 UDFA,3,ROSTER
2023,22,0013,10260,0.99,2022 R/F,1,ROSTER
2023,22,0013,15977,1.5,2023 UFA,1,ROSTER
2023,22,0013,14879,1.4,2023 UFA,1,ROSTER
2023,22,0013,16319,0.9,2023 UFA,1,ROSTER
2023,22,0013,13231,0.9,2023 UFA,1,ROSTER
2023,22,0013,16287,0.9,2023 UFA,1,ROSTER
2023,22,0013,16393,1.4,2023 UFA,1,ROSTER
2023,22,0013,14227,0.9,2023 UFA,1,ROSTER
2023,22,0013,16203,0.92,2023 4.11,3,ROSTER
2023,22,0013,13719,0.9,2023 UFA,1,ROSTER
2023,22,0013,15780,0.9,2023 UFA,1,INJURED_RESERVE
2023,22,0013,13671,13.4,2020 EXT,2,INJURED_RESERVE
2023,22,0013,13224,4.39,2022 SRFA,1,INJURED_RESERVE
2023,22,0014,12187,12.14,2021 EXT,2,ROSTER
2023,22,0014,13604,11.87,2021 EXT,3,ROSTER
2023,22,0014,14918,2.74,2020 5.14^,1,ROSTER
2023,22,0014,14909,2.74,2020 4.15^,1,ROSTER
2023,22,0014,15255,1.03,2021 4.06,2,ROSTER
2023,22,0014,15254,5.05,2021 1.05,2,ROSTER
2023,22,0014,15292,1.18,2021 3.11,2,ROSTER
2023,22,0014,15345,1.56,2021 2.10,2,ROSTER
2023,22,0014,15387,1.43,2021 2.14,2,ROSTER
2023,22,0014,14870,1.07,2020 4.10,1,ROSTER
2023,22,0014,15806,2.39,2022 1.15,3,ROSTER
2023,22,0014,12186,27.5,2022 UFA,1,ROSTER
2023,22,0014,15712,1.19,2022 3.09,3,ROSTER
2023,22,0014,15851,1.28,2022 3.04,3,ROSTER
2023,22,0014,14933,0.99,2022 R/F,1,ROSTER
2023,22,0014,13214,20.17,2021 EXT,3,ROSTER
2023,22,0014,13193,0.9,2023 R/F,2,ROSTER
2023,22,0014,8851,0.99,2023 ERFA,1,ROSTER
2023,22,0014,15698,6.01,2023 FRFA,2,ROSTER
2023,22,0014,9051,1.5,2023 UFA,1,ROSTER
2023,22,0014,11679,6.0,2023 UFA,1,ROSTER
2023,22,0014,12677,1.4,2023 UFA,1,ROSTER
2023,22,0014,14860,1.4,2023 UFA,1,ROSTER
2023,22,0014,10762,3.0,2023 UFA,1,ROSTER
2023,22,0014,16148,4.58,2023 1.05,4,ROSTER
2023,22,0014,16191,1.1,2023 3.08,4,ROSTER
2023,22,0014,16241,0.94,2023 4.08,4,ROSTER
2023,22,0014,12831,0.9,2023 R/F,2,ROSTER
2023,22,0014,15394,0.9,2023 R/F,2,ROSTER
2023,22,0014,16267,0.81,2023 UDFA,3,ROSTER
2023,22,0014,16264,0.87,2023 5.08,4,ROSTER
2023,22,0014,15955,0.9,2023 R/F,2,ROSTER
2023,22,0014,12773,0.9,2023 UFA,1,ROSTER
2023,22,0014,15559,0.9,2023 UFA,1,ROSTER
2023,22,0014,13251,6.6,2022 UFA,2,ROSTER
2023,22,0014,15820,0.85,2022 UDFA,2,ROSTER
2023,22,0014,16167,1.83,2023 2.02,4,ROSTER
2023,22,0014,14878,1.47,2020 2.12,1,ROSTER
2023,22,0014,14948,0.9,2023 UFA,1,ROSTER
2023,22,0014,13791,0.9,2023 UFA,1,ROSTER
2023,22,0014,12287,4.5,2023 oEXT,1,ROSTER
2023,22,0014,14903,3.0,2023 B/R,2,INJURED_RESERVE
2023,22,0014,13154,12.63,2021 EXT,2,INJURED_RESERVE
2023,22,0014,15858,1.3,2022 3.03,3,INJURED_RESERVE
2023,22,0014,15821,1.63,2022 2.09,3,INJURED_RESERVE
2023,22,0014,16011,6.0,2023 TToff,1,INJURED_RESERVE
2023,22,0015,14797,3.04,2020 1.11,1,ROSTER
2023,22,0015,13714,7.61,2021 EXT,2,ROSTER
2023,22,0015,13692,2.25,2021 EXT,1,ROSTER
2023,22,0015,15287,1.2,2021 3.09,2,ROSTER
2023,22,0015,14833,5.41,2020 1.05,1,ROSTER
2023,22,0015,15253,4.5,2021 1.06,2,ROSTER
2023,22,0015,14235,0.99,2022 R/F,1,ROSTER
2023,22,0015,15805,3.05,2022 1.11,3,ROSTER
2023,22,0015,15850,1.16,2022 3.11,3,ROSTER
2023,22,0015,15890,0.91,2022 5.18,2,ROSTER
2023,22,0015,13696,10.56,2022 UFA,2,ROSTER
2023,22,0015,13702,1.54,2022 UFA,1,ROSTER
2023,22,0015,15845,0.92,2022 5.11,1,ROSTER
2023,22,0015,14908,1.14,2020 3.15,1,ROSTER
2023,22,0015,13066,0.99,2023 ERFA,1,ROSTER
2023,22,0015,13276,0.99,2023 ERFA,1,ROSTER
2023,22,0015,16233,2.48,2023 1.12,4,ROSTER
2023,22,0015,16224,1.06,2023 3.11,4,ROSTER
2023,22,0015,16280,1.04,2023 3.13,4,ROSTER
2023,22,0015,16176,0.9,2023 4.17,4,ROSTER
2023,22,0015,16281,0.87,2023 5.10,4,ROSTER
2023,22,0015,13289,1.4,2023 UFA,1,ROSTER
2023,22,0015,13718,1.4,2023 UFA,1,ROSTER
2023,22,0015,11675,22.5,2023 UFA,3,ROSTER
2023,22,0015,11757,11.4,2023 UFA,2,ROSTER
2023,22,0015,13850,1.62,2023 UFA,2,ROSTER
2023,22,0015,12447,1.62,2023 UFA,2,ROSTER
2023,22,0015,12678,5.4,2023 UFA,3,ROSTER
2023,22,0015,11674,9.6,2023 UFA,2,ROSTER
2023,22,0015,9596,0.9,2023 R/F,2,ROSTER
2023,22,0015,15734,0.85,2022 UDFA,1,ROSTER
2023,22,0015,13258,0.9,2023 R/F,2,ROSTER
2023,22,0015,15405,1.4,2023 UFA,1,ROSTER
2023,22,0015,15384,0.9,2023 UFA,1,ROSTER
2023,22,0015,14251,0.9,2023 UFA,1,ROSTER
2023,22,0015,10267,2.53,2021 EXT,1,ROSTER
2023,22,0015,11947,0.9,2023 UFA,1,ROSTER
2023,22,0015,13139,4.3,2023 SRFA,3,ROSTER
2023,22,0015,10266,8.47,2023 FRFA,2,ROSTER
2023,22,0015,14358,1.5,2023 UFA,1,ROSTER
2023,22,0015,14146,0.9,2023 UFA,1,ROSTER
2023,22,0015,13759,0.9,2023 UFA,1,ROSTER
2023,22,0015,15355,1.45,2021 2.13,2,ROSTER
2023,22,0015,12795,6.65,2023 UFA,2,INJURED_RESERVE
2023,22,0015,16215,1.41,2023 2.10,4,INJURED_RESERVE
2023,22,0015,14777,20.26,2023 iEXT,5,INJURED_RESERVE
2023,22,0016,14940,5.26,2022 oEXT,5,ROSTER
2023,22,0016,14845,2.99,2022 oEXT,5,ROSTER
2023,22,0016,14778,7.04,2020 1.03+,1,ROSTER
2023,22,0016,14071,15.68,2023 5YO,1,ROSTER
2023,22,0016,13952,2.59,2022 oEXT,1,ROSTER
2023,22,0016,15697,1.67,2022 2.08,3,ROSTER
2023,22,0016,15742,4.72,2023 iEXT,3,ROSTER
2023,22,0016,15889,3.73,2023 oEXT,6,ROSTER
2023,22,0016,15752,4.28,2022 1.07,3,ROSTER
2023,22,0016,15357,1.29,2021 3.04,2,ROSTER
2023,22,0016,13813,12.0,2023 SRFA,3,ROSTER
2023,22,0016,16150,5.18,2023 1.04,4,ROSTER
2023,22,0016,13717,3.3,2022 UFA,2,ROSTER
2023,22,0016,13253,2.13,2022 oEXT,3,ROSTER
2023,22,0016,14303,1.5,2023 UFA,2,ROSTER
2023,22,0016,13775,1.4,2023 UFA,1,ROSTER
2023,22,0016,14630,1.4,2023 UFA,1,ROSTER
2023,22,0016,15362,1.25,2021 3.05,2,ROSTER
2023,22,0016,16228,1.16,2023 3.04,4,ROSTER
2023,22,0016,15716,1.08,2022 3.17,2,ROSTER
2023,22,0016,16390,0.9,2023 UFA,1,ROSTER
2023,22,0016,16342,0.81,2023 UDFA,3,ROSTER
2023,22,0016,16199,0.81,2023 UDFA,3,ROSTER
2023,22,0016,16205,0.93,2023 4.10,4,ROSTER
2023,22,0016,16222,0.96,2023 4.04,4,ROSTER
2023,22,0016,16265,0.88,2023 5.03,4,ROSTER
2023,22,0016,15380,0.88,2021 UDFA,1,ROSTER
2023,22,0016,15337,1.5,2023 UFA,1,ROSTER
2023,22,0016,15484,0.9,2023 UFA,1,ROSTER
2023,22,0016,12741,7.77,2023 iEXT,2,ROSTER
2023,22,0016,14995,5.94,2023 iEXT,3,ROSTER
2023,22,0016,13208,7.93,2022 oEXT,2,ROSTER
2023,22,0016,14894,1.5,2023 UFA,1,ROSTER
2023,22,0016,16145,0.9,2023 UFA,1,ROSTER
2023,22,0016,16195,1.0,2023 UFA,1,ROSTER
2023,22,0016,11222,20.7,2023 RRFA,1,ROSTER
2023,22,0016,15330,0.9,2023 UFA,1,ROSTER
2023,22,0016,15319,1.21,2021 3.08,2,ROSTER
2023,22,0016,16219,1.4,2023 UFA,1,ROSTER
2023,22,0016,15301,1.23,2021 3.07,1,ROSTER
2023,22,0016,15363,0.9,2023 UFA,1,ROSTER
2023,22,0016,15881,1.4,2023 UFA,1,ROSTER
2023,22,0016,14063,0.9,2023 UFA,1,ROSTER
2023,22,0016,13832,1.5,2023 UFA,1,ROSTER
2023,22,0016,13629,22.55,2021 B/R,3,ROSTER
2023,22,0017,15253,2.73,2021 1.12,2,ROSTER
2023,22,0017,15806,3.56,2022 1.09,3,ROSTER
2023,22,0017,15822,2.52,2022 1.14,3,ROSTER
2023,22,0017,13236,3.17,2019 EXT,1,ROSTER
2023,22,0017,15379,1.45,2021 2.13,2,ROSTER
2023,22,0017,13693,2.89,2023 oEXT,3,ROSTER
2023,22,0017,11222,12.12,2023 oEXT,2,ROSTER
2023,22,0017,14109,20.41,2023 oEXT,3,ROSTER
2023,22,0017,12698,3.91,2023 oEXT,2,ROSTER
2023,22,0017,14221,3.3,2023 oEXT,2,ROSTER
2023,22,0017,10260,0.99,2023 ERFA,1,ROSTER
2023,22,0017,16162,5.18,2023 1.04,4,ROSTER
2023,22,0017,16226,2.09,2023 1.15,4,ROSTER
2023,22,0017,16256,1.69,2023 2.04,4,ROSTER
2023,22,0017,16240,0.92,2023 4.12,4,ROSTER
2023,22,0017,16286,0.9,2023 4.18,4,ROSTER
2023,22,0017,16265,0.87,2023 5.13,4,ROSTER
2023,22,0017,16010,0.9,2023 UFA,1,ROSTER
2023,22,0017,11671,13.5,2023 UFA,3,ROSTER
2023,22,0017,11382,1.4,2023 UFA,1,ROSTER
2023,22,0017,14302,0.9,2023 UFA,1,ROSTER
2023,22,0017,12245,0.9,2023 UFA,1,ROSTER
2023,22,0017,14982,0.9,2023 UFA,1,ROSTER
2023,22,0017,15818,0.9,2023 UFA,1,ROSTER
2023,22,0017,13189,1.57,2021 UFA,1,ROSTER
2023,22,0017,13066,0.9,2023 UFA,1,ROSTER
2023,22,0017,15402,0.9,2023 UFA,1,ROSTER
2023,22,0017,12215,0.9,2023 UFA,1,ROSTER
2023,22,0017,14930,0.99,2023 ERFA,1,ROSTER
2023,22,0017,15852,0.91,2022 5.10,3,ROSTER
2023,22,0017,16165,1.1,2023 3.08,4,ROSTER
2023,22,0017,16223,3.36,2023 1.08,4,ROSTER
2023,22,0017,16444,0.9,2023 UFA,1,ROSTER
2023,22,0017,12677,0.9,2023 UFA,1,ROSTER
2023,22,0017,11688,0.9,2023 UFA,1,ROSTER
2023,22,0017,13156,0.9,2023 UFA,1,ROSTER
2023,22,0017,16203,0.9,2023 4.17,4,ROSTER
2023,22,0017,16441,0.9,2023 UFA,1,ROSTER
2023,22,0017,16458,0.9,2023 UFA,1,ROSTER
2023,22,0017,9064,0.9,2023 UFA,1,ROSTER
2023,22,0017,10413,0.9,2023 UFA,1,ROSTER
2023,22,0017,16217,0.81,2023 UDFA,3,INJURED_RESERVE
2023,22,0017,15840,0.92,2022 5.01,3,INJURED_RESERVE
2023,22,0017,14260,4.3,2023 SRFA,3,INJURED_RESERVE
2023,22,0017,14777,20.49,2023 iEXT,6,INJURED_RESERVE
2023,22,0017,14113,0.9,2023 UFA,1,INJURED_RESERVE
2023,22,0017,13224,0.9,2023 R/F,2,INJURED_RESERVE
2023,22,0018,15237,9.02,2021 1.01,2,ROSTER
2023,22,0018,15287,1.34,2021 3.01,2,ROSTER
2023,22,0018,15366,1.24,2021 3.06,2,ROSTER
2023,22,0018,15255,1.01,2021 4.01,2,ROSTER
2023,22,0018,15380,0.96,2021 5.01,1,ROSTER
2023,22,0018,15288,2.3,2021 1.15,2,ROSTER
2023,22,0018,11721,18.15,2021 TToff,1,ROSTER
2023,22,0018,13742,6.73,2023 oEXT,2,ROSTER
2023,22,0018,15815,2.28,2022 1.16,3,ROSTER
2023,22,0018,15851,1.44,2022 2.14,3,ROSTER
2023,22,0018,15364,3.04,2023 oEXT,2,ROSTER
2023,22,0018,13837,5.57,2022 iEXT,2,ROSTER
2023,22,0018,14926,2.74,2020 2.08^,1,ROSTER
2023,22,0018,13214,21.18,2021 B/R,3,ROSTER
2023,22,0018,15708,9.64,2022 1.01,3,ROSTER
2023,22,0018,13168,0.99,2023 ERFA,1,ROSTER
2023,22,0018,13176,4.3,2023 SRFA,2,ROSTER
2023,22,0018,14861,4.3,2023 SRFA,2,ROSTER
2023,22,0018,16188,3.69,2023 1.07,4,ROSTER
2023,22,0018,16190,2.65,2023 1.11,4,ROSTER
2023,22,0018,16231,1.38,2023 2.11,4,ROSTER
2023,22,0018,16271,1.11,2023 3.07,4,ROSTER
2023,22,0018,14630,1.4,2023 UFA,1,ROSTER
2023,22,0018,13265,1.4,2023 UFA,1,ROSTER
2023,22,0018,14137,3.2,2023 UFA,1,ROSTER
2023,22,0018,13284,2.66,2023 UFA,2,ROSTER
2023,22,0018,16261,0.86,2023 5.16,4,ROSTER
2023,22,0018,12782,1.4,2023 UFA,1,ROSTER
2023,22,0018,15904,0.9,2023 UFA,1,ROSTER
2023,22,0018,15405,1.4,2023 UFA,1,ROSTER
2023,22,0018,11286,0.9,2023 UFA,1,ROSTER
2023,22,0018,14995,0.9,2023 UFA,1,ROSTER
2023,22,0018,15394,0.9,2023 UFA,1,ROSTER
2023,22,0018,16342,1.1,2023 UFA,1,ROSTER
2023,22,0018,14200,0.9,2023 UFA,1,ROSTER
2023,22,0018,14303,0.9,2023 R/F,2,ROSTER
2023,22,0018,13146,7.5,2023 UFA,1,ROSTER
2023,22,0018,12625,0.9,2023 UFA,1,ROSTER
2023,22,0018,15826,0.9,2023 UFA,1,ROSTER
2023,22,0018,16196,0.9,2023 UFA,1,ROSTER
2023,22,0018,15559,0.9,2023 UFA,1,ROSTER
2023,22,0018,8851,0.9,2023 UFA,1,ROSTER
2023,22,0018,15094,0.9,2023 UFA,1,ROSTER
2023,22,0018,14057,0.9,2023 UFA,1,ROSTER
2023,22,0018,16335,0.9,2023 UFA,1,ROSTER
2023,22,0018,14224,7.77,2023 NEFT,1,INJURED_RESERVE
2023,22,0018,12652,2.2,2023 B/R,2,INJURED_RESERVE
2023,22,0018,13252,4.24,2021 UFA,1,INJURED_RESERVE
2023,22,0018,15860,0.94,2022 4.23,3,INJURED_RESERVE
2023,22,0019,14782,8.64,2023 iEXT,6,ROSTER
2023,22,0019,15753,4.28,2022 1.07,3,ROSTER
2023,22,0019,15833,1.08,2022 3.17,2,ROSTER
2023,22,0019,15798,0.85,2022 UDFA,2,ROSTER
2023,22,0019,13760,5.67,2023 iEXT,4,ROSTER
2023,22,0019,15240,3.71,2021 1.08,2,ROSTER
2023,22,0019,15712,1.1,2022 3.15,3,ROSTER
2023,22,0019,12175,15.07,2022 B/R,2,ROSTER
2023,22,0019,15884,0.9,2022 5.15,3,ROSTER
2023,22,0019,11644,12.51,2023 oEXT,2,ROSTER
2023,22,0019,14900,1.57,2023 oEXT,1,ROSTER
2023,22,0019,11728,6.05,2023 oEXT,2,ROSTER
2023,22,0019,12831,2.22,2023 oEXT,1,ROSTER
2023,22,0019,13730,2.42,2023 oEXT,2,ROSTER
2023,22,0019,14028,1.54,2023 oEXT,1,ROSTER
2023,22,0019,11244,25.0,2023 NEFToff,3,ROSTER
2023,22,0019,14167,11.0,2023 B/R,4,ROSTER
2023,22,0019,13806,0.99,2023 ERFA,1,ROSTER
2023,22,0019,13668,3.33,2023 UFA,2,ROSTER
2023,22,0019,16252,1.0,2023 3.17,4,ROSTER
2023,22,0019,16263,1.16,2023 3.04,4,ROSTER
2023,22,0019,16236,0.86,2023 5.21,4,ROSTER
2023,22,0019,16166,0.86,2023 5.20,4,ROSTER
2023,22,0019,16206,0.86,2023 5.22,4,ROSTER
2023,22,0019,16291,0.86,2023 5.19,4,ROSTER
2023,22,0019,16268,0.86,2023 5.17,4,ROSTER
2023,22,0019,16175,1.02,2023 3.15,4,ROSTER
2023,22,0019,11706,0.9,2023 UFA,1,ROSTER
2023,22,0019,16393,0.9,2023 UFA,1,ROSTER
2023,22,0019,14947,1.5,2023 UFA,1,ROSTER
2023,22,0019,10266,12.8,2023 NEFT,1,ROSTER
2023,22,0019,11390,0.9,2023 UFA,1,ROSTER
2023,22,0019,11945,0.9,2023 UFA,1,ROSTER
2023,22,0019,15177,0.9,2023 UFA,1,ROSTER
2023,22,0019,16537,0.9,2023 UFA,1,ROSTER
2023,22,0019,13426,0.9,2023 UFA,1,ROSTER
2023,22,0019,14669,0.9,2023 UFA,1,ROSTER
2023,22,0019,14978,0.9,2023 UFA,1,ROSTER
2023,22,0019,15723,0.9,2023 UFA,1,ROSTER
2023,22,0019,13595,0.9,2023 UFA,1,ROSTER
2023,22,0019,14803,0.9,2023 UFA,1,ROSTER
2023,22,0019,13193,0.9,2023 UFA,1,ROSTER
2023,22,0019,12287,4.5,2023 oEXT,2,ROSTER
2023,22,0019,14911,0.9,2023 UFA,1,ROSTER
2023,22,0019,13704,6.01,2023 SRFA,2,INJURED_RESERVE
2023,22,0019,14163,9.08,2023 oEXT,3,INJURED_RESERVE
2023,22,0019,16158,0.81,2023 UDFA,3,INJURED_RESERVE
2023,22,0020,10976,1.86,2020 UFA,2,ROSTER
2023,22,0020,13692,1.73,2021 EXT,2,ROSTER
2023,22,0020,14892,4.3,2020 3.15^,1,ROSTER
2023,22,0020,12229,1.99,2020 UFA,1,ROSTER
2023,22,0020,13646,4.64,2021 EXT,2,ROSTER
2023,22,0020,13685,0.99,2022 R/F,1,ROSTER
2023,22,0020,14948,0.99,2022 R/F,1,ROSTER
2023,22,0020,14852,1.47,2020 2.12,1,ROSTER
2023,22,0020,15864,0.85,2022 UDFA,1,ROSTER
2023,22,0020,13590,2.64,2022 UFA,2,ROSTER
2023,22,0020,12678,2.53,2022 UFA,1,ROSTER
2023,22,0020,14896,3.29,2020 1.10,1,ROSTER
2023,22,0020,14268,5.72,2022 UFA,1,ROSTER
2023,22,0020,12186,27.5,2022 UFA,1,ROSTER
2023,22,0020,13717,3.19,2022 UFA,2,ROSTER
2023,22,0020,15907,2.53,2022 iEXT,3,ROSTER
2023,22,0020,12620,30.75,2021 EXT,5,ROSTER
2023,22,0020,15861,0.95,2023 ERFA,1,ROSTER
2023,22,0020,11010,0.99,2023 ERFA,1,ROSTER
2023,22,0020,13202,2.74,2023 ORFA5,1,ROSTER
2023,22,0020,16258,1.27,2023 2.15,4,ROSTER
2023,22,0020,16264,0.89,2023 5.02,4,ROSTER
2023,22,0020,16333,0.81,2023 UDFA,3,ROSTER
2023,22,0020,16369,0.81,2023 UDFA,3,ROSTER
2023,22,0020,16278,0.81,2023 UDFA,3,ROSTER
2023,22,0020,16201,0.81,2023 UDFA,3,ROSTER
2023,22,0020,14842,2.74,2020 2.05^,1,ROSTER
2023,22,0020,14182,1.4,2023 UFA,1,ROSTER
2023,22,0020,11232,12.4,2023 UFA,1,ROSTER
2023,22,0020,13133,1.5,2023 UFA,1,ROSTER
2023,22,0020,14105,10.1,2023 UFA,1,ROSTER
2023,22,0020,14123,1.5,2023 UFA,1,ROSTER
2023,22,0020,12140,3.51,2021 UFA,1,ROSTER
2023,22,0020,12976,0.9,2023 UFA,1,ROSTER
2023,22,0020,16341,0.9,2023 UFA,1,ROSTER
2023,22,0020,15034,4.4,2021 EXT,1,ROSTER
2023,22,0020,15445,0.9,2023 UFA,1,ROSTER
2023,22,0020,15499,0.9,2023 UFA,1,ROSTER
2023,22,0020,16274,0.86,2023 5.26,4,ROSTER
2023,22,0020,12711,4.39,2022 SRFA,2,ROSTER
2023,22,0020,15898,0.85,2022 UDFA,1,ROSTER
2023,22,0020,15385,1.39,2021 2.15,2,ROSTER
2023,22,0020,14927,2.74,2020 2.15^,1,ROSTER
2023,22,0020,15330,1.5,2023 UFA,1,ROSTER
2023,22,0020,12263,7.1,2023 UFA,1,ROSTER
2023,22,0020,16361,0.81,2023 UDFA,3,INJURED_RESERVE
2023,22,0020,16251,0.95,2023 4.05,4,INJURED_RESERVE
2023,22,0020,16152,6.93,2023 1.02,4,INJURED_RESERVE
2023,22,0021,14158,5.71,2023 iEXT,4,ROSTER
2023,22,0021,14168,5.94,2022 iEXT,2,ROSTER
2023,22,0021,13208,6.38,2020 EXT,1,ROSTER
2023,22,0021,14779,11.71,2023 iEXT,6,ROSTER
2023,22,0021,14840,15.63,2023 iEXT,3,ROSTER
2023,22,0021,14223,3.32,2022 iEXT,3,ROSTER
2023,22,0021,15289,2.09,2021 2.01,2,ROSTER
2023,22,0021,14247,3.94,2023 iEXT,3,ROSTER
2023,22,0021,15766,3.05,2022 1.11,3,ROSTER
2023,22,0021,15755,1.85,2022 2.05,3,ROSTER
2023,22,0021,15794,1.22,2022 3.07,3,ROSTER
2023,22,0021,15812,1.07,2022 3.19,3,ROSTER
2023,22,0021,15346,1.36,2021 2.16,2,ROSTER
2023,22,0021,15823,1.13,2022 3.13,3,ROSTER
2023,22,0021,14877,5.41,2023 iEXT,4,ROSTER
2023,22,0021,15293,2.42,2021 1.14,2,ROSTER
2023,22,0021,14179,4.3,2023 SRFA,1,ROSTER
2023,22,0021,14974,4.3,2023 SRFA,2,ROSTER
2023,22,0021,16212,1.76,2023 2.03,4,ROSTER
2023,22,0021,16171,1.58,2023 2.06,4,ROSTER
2023,22,0021,16187,1.18,2023 3.03,4,ROSTER
2023,22,0021,12734,4.39,2022 SRFA,1,ROSTER
2023,22,0021,14244,1.5,2023 UFA,1,ROSTER
2023,22,0021,15256,3.4,2021 1.09,2,ROSTER
2023,22,0021,15845,0.99,2022 4.09,3,ROSTER
2023,22,0021,16281,0.97,2023 4.02,4,ROSTER
2023,22,0021,15301,1.5,2023 UFA,1,ROSTER
2023,22,0021,15887,1.78,2023 iEXT,2,ROSTER
2023,22,0021,13777,1.5,2023 UFA,1,ROSTER
2023,22,0021,16282,1.0,2023 UFA,1,ROSTER
2023,22,0021,14894,2.59,2023 iEXT,2,ROSTER
2023,22,0021,13251,9.8,2023 UFA,1,ROSTER
2023,22,0021,14472,1.5,2023 UFA,1,ROSTER
2023,22,0021,12750,2.86,2022 oEXT,1,ROSTER
2023,22,0021,15331,1.53,2021 2.11,2,ROSTER
2023,22,0021,14358,0.9,2023 UFA,1,ROSTER
2023,22,0021,16385,0.9,2023 UFA,1,ROSTER
2023,22,0021,14878,0.9,2023 UFA,1,ROSTER
2023,22,0021,13119,0.9,2023 UFA,1,ROSTER
2023,22,0021,11317,5.5,2023 UFA,1,ROSTER
2023,22,0021,14903,4.3,2020 6.04^,1,INJURED_RESERVE
2023,22,0021,14799,0.9,2023 UFA,1,INJURED_RESERVE
2023,22,0021,13633,18.21,2022 iEXT,2,INJURED_RESERVE
2023,22,0022,13470,4.97,2021 EXT,2,ROSTER
2023,22,0022,15365,1.29,2021 3.04,2,ROSTER
2023,22,0022,11680,8.59,2021 UFA,1,ROSTER
2023,22,0022,12217,2.42,2021 UFA,1,ROSTER
2023,22,0022,14889,2.24,2020 1.16,1,ROSTER
2023,22,0022,15308,1.86,2021 2.04,2,ROSTER
2023,22,0022,15692,1.91,2022 2.04,3,ROSTER
2023,22,0022,12714,1.56,2023 oEXT,2,ROSTER
2023,22,0022,13281,1.54,2022 UFA,1,ROSTER
2023,22,0022,12308,2.42,2022 UFA,1,ROSTER
2023,22,0022,14164,2.78,2023 oEXT,3,ROSTER
2023,22,0022,14813,3.52,2022 UFA,2,ROSTER
2023,22,0022,15173,1.57,2023 oEXT,2,ROSTER
2023,22,0022,16016,1.5,2023 oEXT,2,ROSTER
2023,22,0022,13212,2.42,2022 UFA,1,ROSTER
2023,22,0022,13959,1.5,2023 oEXT,2,ROSTER
2023,22,0022,12075,9.43,2021 EXT,2,ROSTER
2023,22,0022,13263,1.54,2022 UFA,1,ROSTER
2023,22,0022,15869,0.9,2023 R/F,2,ROSTER
2023,22,0022,13258,0.9,2023 R/F,2,ROSTER
2023,22,0022,14136,12.0,2023 B/R,3,ROSTER
2023,22,0022,11675,28.3,2020 EXT,1,ROSTER
2023,22,0022,14405,0.99,2023 ERFA,1,ROSTER
2023,22,0022,16018,0.99,2023 ERFA,1,ROSTER
2023,22,0022,12626,15.0,2023 RRFA,2,ROSTER
2023,22,0022,16224,1.22,2023 3.01,4,ROSTER
2023,22,0022,16276,1.05,2023 3.12,4,ROSTER
2023,22,0022,16168,0.98,2023 4.01,4,ROSTER
2023,22,0022,12238,3.8,2023 UFA,2,ROSTER
2023,22,0022,12720,2.47,2023 UFA,2,ROSTER
2023,22,0022,11761,2.5,2023 UFA,1,ROSTER
2023,22,0022,16351,0.86,2023 5.25,4,ROSTER
2023,22,0022,16193,0.86,2023 5.15,4,ROSTER
2023,22,0022,16284,0.87,2023 5.10,4,ROSTER
2023,22,0022,15694,1.78,2022 2.06,3,ROSTER
2023,22,0022,14823,0.9,2023 UFA,1,ROSTER
2023,22,0022,15446,1.5,2023 UFA,1,ROSTER
2023,22,0022,16195,0.9,2023 UFA,1,ROSTER
2023,22,0022,15337,0.9,2023 UFA,1,ROSTER
2023,22,0022,11947,0.9,2023 UFA,1,ROSTER
2023,22,0022,13726,5.81,2021 FRFA,1,ROSTER
2023,22,0022,13431,0.9,2023 UFA,1,ROSTER
2023,22,0022,13172,2.4,2023 UFA,1,ROSTER
2023,22,0022,13115,0.9,2023 UFA,1,ROSTER
2023,22,0022,14143,8.0,2023 RRFA,1,ROSTER
2023,22,0022,15437,4.39,2023 oEXT,2,INJURED_RESERVE
2023,22,0022,10700,15.79,2023 oEXT,2,INJURED_RESERVE
2023,22,0023,13782,3.39,2021 EXT,2,ROSTER
2023,22,0023,13723,7.49,2021 EXT,1,ROSTER
2023,22,0023,14907,6.11,2023 oEXT,2,ROSTER
2023,22,0023,12181,3.39,2021 UFA,1,ROSTER
2023,22,0023,15352,1.8,2021 2.05,2,ROSTER
2023,22,0023,15386,1.06,2021 3.24,1,ROSTER
2023,22,0023,14833,7.04,2020 1.03,1,ROSTER
2023,22,0023,15484,0.88,2021 UDFA,1,ROSTER
2023,22,0023,15754,4.75,2022 1.06,3,ROSTER
2023,22,0023,15876,0.85,2022 UDFA,1,ROSTER
2023,22,0023,10703,24.31,2022 UFA,1,ROSTER
2023,22,0023,13706,3.96,2022 UFA,1,ROSTER
2023,22,0023,15856,0.85,2022 UDFA,2,ROSTER
2023,22,0023,15849,0.91,2022 5.09,3,ROSTER
2023,22,0023,13738,2.54,2021 B/R,1,ROSTER
2023,22,0023,16233,2.85,2023 1.10,4,ROSTER
2023,22,0023,16244,1.41,2023 2.10,4,ROSTER
2023,22,0023,16285,0.9,2023 4.16,4,ROSTER
2023,22,0023,16243,0.81,2023 UDFA,3,ROSTER
2023,22,0023,11647,1.4,2023 UFA,1,ROSTER
2023,22,0023,13354,1.4,2023 UFA,1,ROSTER
2023,22,0023,13245,16.0,2023 UFA,1,ROSTER
2023,22,0023,13288,7.1,2023 UFA,1,ROSTER
2023,22,0023,10292,7.4,2023 UFA,1,ROSTER
2023,22,0023,10783,8.0,2023 UFA,1,ROSTER
2023,22,0023,12239,6.0,2023 UFA,1,ROSTER
2023,22,0023,14218,8.5,2023 UFA,1,ROSTER
2023,22,0023,9431,5.6,2023 UFA,1,ROSTER
2023,22,0023,10762,3.5,2023 UFA,1,ROSTER
2023,22,0023,14237,0.9,2023 UFA,1,ROSTER
2023,22,0023,13378,0.9,2023 UFA,1,ROSTER
2023,22,0023,16174,0.81,2023 UDFA,3,ROSTER
2023,22,0023,15758,1.28,2022 3.04,3,ROSTER
2023,22,0023,16191,0.94,2023 4.07,4,ROSTER
2023,22,0023,16216,0.96,2023 4.03,4,ROSTER
2023,22,0023,16266,0.96,2023 4.04,4,ROSTER
2023,22,0023,16230,1.07,2023 3.10,4,ROSTER
2023,22,0023,14086,1.5,2023 UFA,1,ROSTER
2023,22,0023,13164,9.68,2021 UFA,1,ROSTER
2023,22,0023,16390,1.9,2023 UFA,1,ROSTER
2023,22,0023,15787,0.95,2022 4.19,3,ROSTER
2023,22,0023,15972,1.5,2023 UFA,1,ROSTER
2023,22,0023,16344,0.9,2023 UFA,1,ROSTER
2023,22,0023,12610,1.5,2023 UFA,1,ROSTER
2023,22,0023,15271,0.96,2021 4.20,1,ROSTER
2023,22,0023,15807,1.25,2022 3.05,3,INJURED_RESERVE
2023,22,0024,11674,11.37,2021 B/R,1,ROSTER
2023,22,0024,15284,3.14,2021 1.10,2,ROSTER
2023,22,0024,13414,2.54,2021 UFA,1,ROSTER
2023,22,0024,12688,12.34,2021 UFA,2,ROSTER
2023,22,0024,14783,4.3,2020 4.04^,1,ROSTER
2023,22,0024,13710,4.48,2021 TToff,1,ROSTER
2023,22,0024,13772,4.39,2022 SRFA,1,ROSTER
2023,22,0024,15834,2.85,2022 1.12,3,ROSTER
2023,22,0024,15717,1.24,2022 3.06,2,ROSTER
2023,22,0024,15824,1.12,2022 3.14,2,ROSTER
2023,22,0024,13759,1.43,2022 UFA,1,ROSTER
2023,22,0024,14412,1.54,2022 UFA,1,ROSTER
2023,22,0024,13737,5.06,2022 UFA,3,ROSTER
2023,22,0024,13296,4.19,2023 oEXT,2,ROSTER
2023,22,0024,15749,3.29,2023 oEXT,3,ROSTER
2023,22,0024,12767,6.71,2022 UFA,1,ROSTER
2023,22,0024,15357,1.25,2021 3.05,2,ROSTER
2023,22,0024,13700,8.47,2021 UFA,2,ROSTER
2023,22,0024,13306,6.66,2020 UFA,1,ROSTER
2023,22,0024,13204,1.54,2022 UFA,2,ROSTER
2023,22,0024,13629,10.0,2022 UFA,4,ROSTER
2023,22,0024,13718,2.63,2023 RRFA,1,ROSTER
2023,22,0024,16186,4.09,2023 1.06,4,ROSTER
2023,22,0024,16253,0.95,2023 4.06,4,ROSTER
2023,22,0024,11769,10.0,2023 UFA,1,ROSTER
2023,22,0024,13917,1.4,2023 UFA,1,ROSTER
2023,22,0024,13810,5.32,2023 UFA,2,ROSTER
2023,22,0024,15422,1.4,2023 UFA,1,ROSTER
2023,22,0024,10697,4.5,2023 UFA,1,ROSTER
2023,22,0024,13260,4.84,2021 UFA,1,ROSTER
2023,22,0024,12754,0.9,2023 R/F,1,ROSTER
2023,22,0024,16235,0.88,2023 5.06,4,ROSTER
2023,22,0024,16314,0.81,2023 UDFA,1,ROSTER
2023,22,0024,14802,4.81,2020 1.06+,1,ROSTER
2023,22,0024,15032,0.9,2023 UFA,1,ROSTER
2023,22,0024,15319,4.52,2023 oEXT,3,ROSTER
2023,22,0024,15376,1.21,2021 3.08,1,INJURED_RESERVE
2023,22,0024,15811,0.97,2022 4.14,1,INJURED_RESERVE
2023,22,0024,13727,1.4,2023 UFA,1,INJURED_RESERVE
2023,22,0024,16204,1.13,2023 3.06,4,INJURED_RESERVE
2023,22,0024,13671,13.87,2023 UFA,2,INJURED_RESERVE
2023,22,0024,16011,4.3,2023 SRFA,1,INJURED_RESERVE
2023,22,0024,15373,2.19,2021 1.16,2,INJURED_RESERVE
2023,22,0024,13762,6.05,2022 UFA,1,INJURED_RESERVE
2023,22,0024,15452,0.95,2021 5.12,2,INJURED_RESERVE
2023,22,0025,14832,18.52,2023 iEXT,5,ROSTER
2023,22,0025,14909,2.74,2020 3.07^,1,ROSTER
2023,22,0025,13684,6.81,2021 EXT,2,ROSTER
2023,22,0025,14104,17.37,2022 iEXT,4,ROSTER
2023,22,0025,15404,1.0,2021 4.06,2,ROSTER
2023,22,0025,13774,1.5,2023 oEXT,2,ROSTER
2023,22,0025,15805,3.29,2022 1.10,3,ROSTER
2023,22,0025,15809,2.67,2022 1.13,3,ROSTER
2023,22,0025,15768,1.58,2022 2.10,3,ROSTER
2023,22,0025,15836,1.16,2022 3.11,3,ROSTER
2023,22,0025,15802,0.85,2022 UDFA,2,ROSTER
2023,22,0025,15713,0.97,2022 4.13,3,ROSTER
2023,22,0025,15396,0.96,2021 5.06,2,ROSTER
2023,22,0025,14590,0.9,2023 R/F,2,ROSTER
2023,22,0025,13299,15.0,2023 B/R,3,ROSTER
2023,22,0025,13675,0.99,2023 ERFA,1,ROSTER
2023,22,0025,15698,6.01,2023 FRFA,2,ROSTER
2023,22,0025,12752,4.6,2023 RRFA,2,ROSTER
2023,22,0025,16213,3.08,2023 1.09,4,ROSTER
2023,22,0025,16254,1.45,2023 2.09,4,ROSTER
2023,22,0025,16241,1.09,2023 3.09,4,ROSTER
2023,22,0025,16159,0.91,2023 4.15,4,ROSTER
2023,22,0025,16207,0.87,2023 5.09,4,ROSTER
2023,22,0025,16347,0.86,2023 5.24,4,ROSTER
2023,22,0025,13632,5.42,2023 UFA,2,ROSTER
2023,22,0025,13130,30.4,2023 UFA,2,ROSTER
2023,22,0025,10816,2.19,2023 UFA,2,ROSTER
2023,22,0025,9051,4.7,2023 UFA,1,ROSTER
2023,22,0025,11938,3.9,2023 UFA,2,ROSTER
2023,22,0025,14249,1.4,2023 UFA,1,ROSTER
2023,22,0025,12291,0.9,2023 UFA,1,ROSTER
2023,22,0025,11387,1.1,2023 UFA,1,ROSTER
2023,22,0025,14489,0.9,2023 UFA,1,ROSTER
2023,22,0025,13617,1.4,2023 UFA,1,ROSTER
2023,22,0025,15378,1.56,2021 2.10,2,ROSTER
2023,22,0025,10789,0.9,2023 UFA,1,ROSTER
2023,22,0025,14595,0.9,2023 UFA,1,ROSTER
2023,22,0025,15263,0.95,2021 5.10,1,ROSTER
2023,22,0025,15710,0.91,2022 5.13,3,ROSTER
2023,22,0025,14252,0.9,2023 UFA,1,ROSTER
2023,22,0025,7836,14.92,2023 UFA,2,ROSTER
2023,22,0025,14716,0.9,2023 UFA,1,ROSTER
2023,22,0025,14717,0.9,2023 UFA,1,ROSTER
2023,22,0025,13968,0.9,2023 UFA,1,ROSTER
2023,22,0025,16180,0.93,2023 4.09,4,INJURED_RESERVE
2023,22,0025,14075,2.5,2023 UFA,1,INJURED_RESERVE
2023,22,0025,12305,5.2,2021 EXT,1,INJURED_RESERVE
2023,22,0025,15239,4.5,2021 1.06,2,INJURED_RESERVE
2023,22,0025,15796,0.9,2022 5.19,3,INJURED_RESERVE
2023,22,0026,14210,2.66,2023 oEXT,2,ROSTER
2023,22,0026,13593,10.13,2021 EXT,2,ROSTER
2023,22,0026,15419,0.88,2021 UDFA,1,ROSTER
2023,22,0026,15392,0.88,2021 UDFA,1,ROSTER
2023,22,0026,13952,0.99,2022 R/F,1,ROSTER
2023,22,0026,10457,0.99,2022 R/F,1,ROSTER
2023,22,0026,15846,1.51,2022 2.12,3,ROSTER
2023,22,0026,15761,0.95,2022 4.21,3,ROSTER
2023,22,0026,10775,6.6,2022 UFA,2,ROSTER
2023,22,0026,15871,0.85,2022 UDFA,2,ROSTER
2023,22,0026,14991,4.07,2022 UFA,1,ROSTER
2023,22,0026,14149,6.68,2022 iEXT,3,ROSTER
2023,22,0026,15757,1.14,2022 3.12,3,ROSTER
2023,22,0026,13303,0.9,2023 R/F,2,ROSTER
2023,22,0026,13743,5.0,2023 B/R,1,ROSTER
2023,22,0026,14122,0.99,2023 ERFA,1,ROSTER
2023,22,0026,13434,0.99,2023 ERFA,1,ROSTER
2023,22,0026,16194,1.49,2023 2.08,4,ROSTER
2023,22,0026,14138,9.64,2022 iEXT,1,ROSTER
2023,22,0026,16262,0.92,2023 4.11,4,ROSTER
2023,22,0026,14918,1.5,2023 UFA,2,ROSTER
2023,22,0026,14180,1.5,2023 UFA,3,ROSTER
2023,22,0026,13404,31.1,2023 UFA,1,ROSTER
2023,22,0026,14071,7.7,2023 UFA,1,ROSTER
2023,22,0026,12735,1.4,2023 UFA,1,ROSTER
2023,22,0026,14147,20.34,2022 iEXT,3,ROSTER
2023,22,0026,12741,9.18,2023 iEXT,3,ROSTER
2023,22,0026,11348,1.0,2023 UFA,1,ROSTER
2023,22,0026,14080,1.5,2023 UFA,2,ROSTER
2023,22,0026,14845,4.3,2023 SRFA,3,ROSTER
2023,22,0026,13707,3.06,2021 EXT,1,ROSTER
2023,22,0026,15756,5.33,2022 1.05,3,ROSTER
2023,22,0026,14879,1.1,2023 UFA,1,ROSTER
2023,22,0026,16178,0.81,2023 UDFA,3,ROSTER
2023,22,0026,14208,9.12,2023 UFA,2,ROSTER
2023,22,0026,13869,0.9,2023 UFA,1,ROSTER
2023,22,0026,15409,0.98,2021 4.12,2,ROSTER
2023,22,0026,15259,1.14,2021 3.13,2,ROSTER
2023,22,0026,14102,10.51,2023 oEXT,4,ROSTER
2023,22,0026,13681,5.83,2022 UFA,1,ROSTER
2023,22,0026,13716,1.4,2023 UFA,1,ROSTER
2023,22,0026,9861,0.9,2023 UFA,1,ROSTER
2023,22,0026,14067,0.9,2023 UFA,1,ROSTER
2023,22,0026,14079,0.9,2023 UFA,1,ROSTER
2023,22,0026,16153,0.88,2023 5.08,4,INJURED_RESERVE
2023,22,0027,13589,21.24,2021 EXT,3,ROSTER
2023,22,0027,14153,6.25,2023 oEXT,1,ROSTER
2023,22,0027,12187,10.89,2021 UFA,1,ROSTER
2023,22,0027,15282,4.07,2021 1.07,2,ROSTER
2023,22,0027,15345,1.69,2021 2.07,2,ROSTER
2023,22,0027,15362,1.04,2021 3.25,2,ROSTER
2023,22,0027,13674,9.17,2021 EXT,2,ROSTER
2023,22,0027,14518,2.79,2023 oEXT,2,ROSTER
2023,22,0027,13703,1.76,2022 UFA,2,ROSTER
2023,22,0027,14956,1.87,2022 UFA,1,ROSTER
2023,22,0027,15693,1.38,2022 2.16,3,ROSTER
2023,22,0027,15808,2.39,2022 1.15,3,ROSTER
2023,22,0027,13850,2.18,2021 UFA,1,ROSTER
2023,22,0027,12700,2.53,2022 UFA,1,ROSTER
2023,22,0027,15742,3.09,2023 iEXT,4,ROSTER
2023,22,0027,14215,4.3,2023 SRFA,1,ROSTER
2023,22,0027,16080,2.74,2023 ORFAN,1,ROSTER
2023,22,0027,16149,2.2,2023 1.14,4,ROSTER
2023,22,0027,16280,1.29,2023 2.14,4,ROSTER
2023,22,0027,16164,1.03,2023 3.14,4,ROSTER
2023,22,0027,16222,0.91,2023 4.14,4,ROSTER
2023,22,0027,16255,0.87,2023 5.14,4,ROSTER
2023,22,0027,10768,2.85,2023 UFA,2,ROSTER
2023,22,0027,12718,3.33,2023 UFA,3,ROSTER
2023,22,0027,12447,4.75,2023 UFA,2,ROSTER
2023,22,0027,15418,1.5,2023 UFA,3,ROSTER
2023,22,0027,12176,1.5,2023 UFA,2,ROSTER
2023,22,0027,13403,0.9,2023 UFA,1,ROSTER
2023,22,0027,13844,0.9,2023 UFA,1,ROSTER
2023,22,0027,15888,0.9,2023 R/F,2,ROSTER
2023,22,0027,15565,0.9,2023 R/F,2,ROSTER
2023,22,0027,15862,0.9,2022 5.16,3,ROSTER
2023,22,0027,16199,0.81,2023 UDFA,3,ROSTER
2023,22,0027,13216,0.9,2023 UFA,1,ROSTER
2023,22,0027,13339,0.9,2023 UFA,1,ROSTER
2023,22,0027,13888,1.5,2023 UFA,1,ROSTER
2023,22,0027,13132,7.02,2023 UFA,3,ROSTER
2023,22,0027,14251,1.9,2023 UFA,1,ROSTER
2023,22,0027,14017,1.5,2023 UFA,1,ROSTER
2023,22,0027,11872,0.9,2023 UFA,1,ROSTER
2023,22,0027,14370,0.9,2023 UFA,1,ROSTER
2023,22,0027,16192,1.5,2023 UFA,1,ROSTER
2023,22,0027,15788,0.9,2023 UFA,1,ROSTER
2023,22,0027,15847,0.96,2022 4.16,3,ROSTER
2023,22,0027,13253,2.13,2021 EXT,2,ROSTER
2023,22,0027,13154,20.0,2023 B/R,2,INJURED_RESERVE
2023,22,0027,13307,3.75,2021 UFA,1,INJURED_RESERVE
2023,22,0027,15797,1.02,2022 4.05,3,INJURED_RESERVE
2023,22,0027,12686,10.78,2022 UFA,2,INJURED_RESERVE
2023,22,0027,11768,0.9,2023 UFA,1,INJURED_RESERVE
2023,22,0028,11679,10.56,2019 EXT,1,ROSTER
2023,22,0028,14805,1.36,2020 2.16,1,ROSTER
2023,22,0028,12801,43.38,2023 oEXT,1,ROSTER
2023,22,0028,12764,7.38,2023 oEXT,1,ROSTER
2023,22,0028,15254,5.05,2021 1.05,2,ROSTER
2023,22,0028,14867,1.08,2020 4.08,1,ROSTER
2023,22,0028,12301,5.34,2023 oEXT,1,ROSTER
2023,22,0028,15697,1.35,2022 3.01,3,ROSTER
2023,22,0028,15721,1.67,2022 2.08,3,ROSTER
2023,22,0028,15789,3.89,2022 1.08,3,ROSTER
2023,22,0028,15831,1.0,2022 4.08,2,ROSTER
2023,22,0028,15290,1.2,2021 3.09,2,ROSTER
2023,22,0028,14199,0.9,2023 R/F,2,ROSTER
2023,22,0028,13319,26.65,2023 NEFT,1,ROSTER
2023,22,0028,11228,1.5,2023 B/R,1,ROSTER
2023,22,0028,15894,0.85,2023 ERFA,1,ROSTER
2023,22,0028,13424,4.3,2023 SRFA,1,ROSTER
2023,22,0028,14940,6.01,2023 FRFA,3,ROSTER
2023,22,0028,13268,1.4,2023 UFA,1,ROSTER
2023,22,0028,12349,1.4,2023 UFA,1,ROSTER
2023,22,0028,13775,1.4,2023 UFA,1,ROSTER
2023,22,0028,14933,0.9,2023 UFA,1,ROSTER
2023,22,0028,16150,2.48,2023 1.12,4,ROSTER
2023,22,0028,16189,1.04,2023 3.13,4,ROSTER
2023,22,0028,13231,0.9,2023 UFA,1,ROSTER
2023,22,0028,15777,0.9,2023 UFA,1,ROSTER
2023,22,0028,16211,0.89,2023 5.03,4,ROSTER
2023,22,0028,16330,0.87,2023 5.12,4,ROSTER
2023,22,0028,16260,0.88,2023 5.04,4,ROSTER
2023,22,0028,16246,0.81,2023 UDFA,3,ROSTER
2023,22,0028,16228,0.99,2023 3.19,4,ROSTER
2023,22,0028,16289,0.81,2023 UDFA,3,ROSTER
2023,22,0028,16303,0.93,2023 4.10,4,ROSTER
2023,22,0028,13695,0.9,2023 UFA,1,ROSTER
2023,22,0028,8930,0.9,2023 UFA,1,ROSTER
2023,22,0028,15356,1.08,2021 3.21,2,ROSTER
2023,22,0028,13317,0.9,2023 UFA,1,ROSTER
2023,22,0028,14056,19.75,2023 5YO,1,ROSTER
2023,22,0028,13298,0.99,2023 ERFA,1,ROSTER
2023,22,0028,16339,0.9,2023 UFA,1,ROSTER
2023,22,0028,15355,1.49,2021 2.12,2,ROSTER
2023,22,0028,13301,0.9,2023 R/F,2,ROSTER
2023,22,0028,15390,0.95,2021 5.13,1,INJURED_RESERVE
2023,22,0029,12742,5.81,2021 EXT,1,ROSTER
2023,22,0029,14798,1.31,2020 3.03,1,ROSTER
2023,22,0029,14841,1.56,2020 2.10,1,ROSTER
2023,22,0029,14897,2.74,2020 2.09^,1,ROSTER
2023,22,0029,14928,2.74,2020 3.01^,1,ROSTER
2023,22,0029,14858,1.21,2020 3.09,1,ROSTER
2023,22,0029,14162,15.87,2023 oEXT,3,ROSTER
2023,22,0029,15241,2.92,2021 1.11,2,ROSTER
2023,22,0029,15375,0.98,2021 4.11,2,ROSTER
2023,22,0029,15368,0.95,2021 5.11,2,ROSTER
2023,22,0029,13635,17.82,2021 EXT,1,ROSTER
2023,22,0029,12221,12.71,2021 B/R,1,ROSTER
2023,22,0029,14217,0.99,2022 R/F,1,ROSTER
2023,22,0029,14341,0.99,2022 R/F,1,ROSTER
2023,22,0029,15696,0.98,2022 4.11,3,ROSTER
2023,22,0029,15261,0.98,2021 4.10,2,ROSTER
2023,22,0029,15957,0.91,2022 5.11,3,ROSTER
2023,22,0029,13713,6.6,2022 UFA,1,ROSTER
2023,22,0029,14085,5.5,2022 UFA,1,ROSTER
2023,22,0029,13223,3.96,2022 UFA,1,ROSTER
2023,22,0029,15799,0.9,2023 R/F,2,ROSTER
2023,22,0029,12323,0.9,2023 R/F,2,ROSTER
2023,22,0029,16148,5.95,2023 1.03,4,ROSTER
2023,22,0029,16197,1.91,2023 2.01,4,ROSTER
2023,22,0029,16183,1.24,2023 2.16,4,ROSTER
2023,22,0029,16176,0.91,2023 4.13,4,ROSTER
2023,22,0029,13630,12.1,2022 B/R,1,ROSTER
2023,22,0029,16221,1.01,2023 3.16,4,ROSTER
2023,22,0029,16269,0.88,2023 5.05,4,ROSTER
2023,22,0029,16299,0.81,2023 UDFA,3,ROSTER
2023,22,0029,13696,8.3,2023 UFA,1,ROSTER
2023,22,0029,13793,4.0,2023 UFA,1,ROSTER
2023,22,0029,13697,6.5,2023 UFA,1,ROSTER
2023,22,0029,14073,25.1,2023 UFA,1,ROSTER
2023,22,0029,15001,1.5,2023 UFA,1,ROSTER
2023,22,0029,13294,1.4,2023 UFA,1,ROSTER
2023,22,0029,14905,0.9,2023 UFA,1,ROSTER
2023,22,0029,12744,0.9,2023 UFA,1,ROSTER
2023,22,0029,13479,1.4,2023 UFA,1,ROSTER
2023,22,0029,16014,1.5,2023 UFA,1,ROSTER
2023,22,0029,15369,1.5,2023 UFA,1,ROSTER
2023,22,0029,14400,1.5,2023 UFA,1,ROSTER
2023,22,0029,13113,18.13,2020 EXT,3,ROSTER
2023,22,0030,11757,12.64,2022 iEXT,1,ROSTER
2023,22,0030,14159,8.2,2023 oEXT,1,ROSTER
2023,22,0030,13198,10.32,2020 EXT,3,ROSTER
2023,22,0030,13116,31.15,2023 oEXT,6,ROSTER
2023,22,0030,13714,5.35,2021 EXT,3,ROSTER
2023,22,0030,15281,6.55,2021 1.03,2,ROSTER
2023,22,0030,14171,6.34,2022 iEXT,3,ROSTER
2023,22,0030,13813,6.12,2022 FRFA,1,ROSTER
2023,22,0030,15762,2.17,2022 2.01,3,ROSTER
2023,22,0030,15819,1.63,2022 2.09,3,ROSTER
2023,22,0030,13839,6.61,2023 iEXT,2,ROSTER
2023,22,0030,13604,12.52,2022 oEXT,2,ROSTER
2023,22,0030,15835,1.41,2022 2.15,3,ROSTER
2023,22,0030,15381,1.32,2021 3.02,2,ROSTER
2023,22,0030,15283,1.94,2021 2.03,2,ROSTER
2023,22,0030,15351,1.59,2021 2.09,2,ROSTER
2023,22,0030,13920,1.09,2023 ERFA,1,ROSTER
2023,22,0030,14127,5.28,2023 SRFA,1,ROSTER
2023,22,0030,16169,1.99,2023 1.16,4,ROSTER
2023,22,0030,16214,1.83,2023 2.02,4,ROSTER
2023,22,0030,16234,1.2,2023 3.02,4,ROSTER
2023,22,0030,16257,0.99,2023 3.18,4,ROSTER
2023,22,0030,13764,1.6,2023 UFA,1,ROSTER
2023,22,0030,15441,1.4,2023 UFA,1,ROSTER
2023,22,0030,11313,2.28,2023 UFA,2,ROSTER
2023,22,0030,16267,0.81,2023 UDFA,3,ROSTER
2023,22,0030,15448,1.0,2023 UFA,1,ROSTER
2023,22,0030,16383,0.81,2023 UDFA,3,ROSTER
2023,22,0030,16013,0.9,2023 UFA,1,ROSTER
2023,22,0030,13748,0.9,2023 R/F,2,ROSTER
2023,22,0030,14254,0.9,2023 R/F,2,ROSTER
2023,22,0030,9596,0.9,2023 UFA,1,ROSTER
2023,22,0030,10868,0.9,2023 UFA,1,ROSTER
2023,22,0030,15889,0.9,2023 UFA,1,ROSTER
2023,22,0030,14836,3.04,2020 1.11+,1,ROSTER
2023,22,0030,14257,1.5,2023 UFA,1,ROSTER
2023,22,0030,16151,1.64,2023 2.05,4,ROSTER
2023,22,0030,12785,0.9,2023 UFA,1,ROSTER
2023,22,0030,15395,0.9,2023 UFA,1,ROSTER
2023,22,0030,15759,1.2,2022 3.08,3,ROSTER
2023,22,0030,11936,0.9,2023 R/F,2,ROSTER
2023,22,0030,13266,0.9,2023 UFA,1,ROSTER
2023,22,0030,12225,6.4,2023 UFA,1,ROSTER
2023,22,0030,12650,0.9,2023 UFA,1,ROSTER
2023,22,0030,15911,0.9,2023 UFA,1,ROSTER
2023,22,0030,13610,12.19,2021 EXT,1,INJURED_RESERVE
2023,22,0030,14059,1.0,2023 UFA,1,INJURED_RESERVE
2023,22,0030,16215,1.35,2023 2.12,4,INJURED_RESERVE
2023,22,0030,15349,1.74,2021 2.06,2,INJURED_RESERVE
2023,22,0030,13418,1.1,2023 UFA,1,INJURED_RESERVE
2023,22,0030,13688,0.9,2023 UFA,1,INJURED_RESERVE
2023,22,0030,15928,0.9,2023 UFA,1,INJURED_RESERVE
2023,22,0031,12739,3.84,2021 EXT,2,ROSTER
2023,22,0031,12611,6.03,2019 EXT,1,ROSTER
2023,22,0031,12218,9.32,2020 FRFA,1,ROSTER
2023,22,0031,14797,2.82,2020 1.12,1,ROSTER
2023,22,0031,15238,7.62,2021 1.02,2,ROSTER
2023,22,0031,14810,2.04,2020 2.02,1,ROSTER
2023,22,0031,15387,1.43,2021 2.14,2,ROSTER
2023,22,0031,13163,18.7,2022 B/R,3,ROSTER
2023,22,0031,12779,6.12,2022 FRFA,2,ROSTER
2023,22,0031,12083,4.39,2022 SRFA,2,ROSTER
2023,22,0031,15751,8.12,2022 1.02,3,ROSTER
2023,22,0031,11985,1.56,2023 oEXT,1,ROSTER
2023,22,0031,12270,2.31,2022 UFA,1,ROSTER
2023,22,0031,13702,1.54,2022 UFA,2,ROSTER
2023,22,0031,15752,6.05,2022 1.04,3,ROSTER
2023,22,0031,15817,1.54,2022 2.11,3,ROSTER
2023,22,0031,13733,16.61,2022 UFA,2,ROSTER
2023,22,0031,12676,3.0,2023 B/R,1,ROSTER
2023,22,0031,14921,4.3,2023 SRFA,1,ROSTER
2023,22,0031,15873,2.63,2023 RRFA,1,ROSTER
2023,22,0031,16161,8.22,2023 1.01,4,ROSTER
2023,22,0031,16185,4.58,2023 1.05,4,ROSTER
2023,22,0031,16242,0.86,2023 5.18,4,ROSTER
2023,22,0031,16279,0.81,2023 UDFA,3,ROSTER
2023,22,0031,16277,0.81,2023 UDFA,3,ROSTER
2023,22,0031,15384,1.5,2023 UFA,2,ROSTER
2023,22,0031,13690,5.4,2023 UFA,3,ROSTER
2023,22,0031,14910,1.4,2023 UFA,1,ROSTER
2023,22,0031,14414,2.34,2023 UFA,3,ROSTER
2023,22,0031,14908,4.42,2023 UFA,4,ROSTER
2023,22,0031,13085,1.5,2023 UFA,3,ROSTER
2023,22,0031,14112,3.14,2023 UFA,2,ROSTER
2023,22,0031,13157,1.6,2023 UFA,1,ROSTER
2023,22,0031,13192,6.0,2023 oEXT,2,ROSTER
2023,22,0031,13754,0.9,2023 UFA,1,ROSTER
2023,22,0031,15979,0.9,2023 UFA,1,ROSTER
2023,22,0031,12758,1.0,2023 UFA,1,ROSTER
2023,22,0031,13139,3.09,2022 oEXT,1,ROSTER
2023,22,0031,15361,1.1,2021 3.17,2,ROSTER
2023,22,0031,14800,3.91,2020 1.08,1,INJURED_RESERVE
2023,22,0031,12795,4.68,2021 EXT,2,INJURED_RESERVE
2023,22,0031,12233,0.9,2023 UFA,1,INJURED_RESERVE
2023,22,0031,15821,2.08,2022 2.02,3,INJURED_RESERVE
2023,22,0031,12802,1.62,2023 UFA,2,INJURED_RESERVE
2023,22,0031,14904,1.5,2023 UFA,1,INJURED_RESERVE
2023,22,0031,15859,1.5,2023 UFA,1,INJURED_RESERVE
2023,22,0032,14778,8.2,2020 1.02,1,ROSTER
2023,22,0032,14835,16.02,2023 iEXT,3,ROSTER
2023,22,0032,14857,2.89,2021 EXT,1,ROSTER
2023,22,0032,13131,10.22,2020 EXT,2,ROSTER
2023,22,0032,15350,2.56,2021 1.13,2,ROSTER
2023,22,0032,14322,4.06,2022 oEXT,1,ROSTER
2023,22,0032,14148,4.57,2022 iEXT,2,ROSTER
2023,22,0032,14977,0.99,2022 R/F,1,ROSTER
2023,22,0032,14225,19.0,2023 iEXT,6,ROSTER
2023,22,0032,15711,6.95,2022 1.03,3,ROSTER
2023,22,0032,15715,1.99,2022 2.03,3,ROSTER
2023,22,0032,15850,1.08,2022 3.18,3,ROSTER
2023,22,0032,15853,1.04,2022 4.02,3,ROSTER
2023,22,0032,15779,0.95,2022 4.18,3,ROSTER
2023,22,0032,15716,0.94,2022 4.24,3,ROSTER
2023,22,0032,15329,5.71,2021 1.04,2,ROSTER
2023,22,0032,14157,12.8,2023 NEFT,1,ROSTER
2023,22,0032,13230,3.5,2023 B/R,2,ROSTER
2023,22,0032,14235,6.01,2023 FRFA,1,ROSTER
2023,22,0032,16239,2.33,2023 1.13,4,ROSTER
2023,22,0032,16245,1.06,2023 3.11,3,ROSTER
2023,22,0032,15393,1.5,2023 UFA,3,ROSTER
2023,22,0032,11150,10.98,2023 UFA,3,ROSTER
2023,22,0032,15714,1.17,2022 3.10,3,ROSTER
2023,22,0032,14882,4.79,2022 oEXT,2,ROSTER
2023,22,0032,16163,0.87,2023 5.11,3,ROSTER
2023,22,0032,13987,0.9,2023 R/F,2,ROSTER
2023,22,0032,15003,0.9,2023 UFA,1,ROSTER
2023,22,0032,15890,4.37,2023 iEXT,3,ROSTER
2023,22,0032,16414,1.5,2023 iEXT,3,ROSTER
2023,22,0032,16184,1.54,2023 2.07,4,ROSTER
2023,22,0032,15709,1.73,2022 2.07,3,ROSTER
2023,22,0032,13848,1.98,2022 UFA,1,ROSTER
2023,22,0032,15857,1.0,2023 UFA,1,ROSTER
2023,22,0032,15832,1.03,2022 4.03,3,ROSTER
2023,22,0032,15874,0.9,2023 UFA,1,ROSTER
2023,22,0032,16167,1.32,2023 2.13,4,ROSTER
2023,22,0032,16181,1.15,2023 3.05,3,ROSTER
2023,22,0032,15858,1.3,2022 3.03,3,ROSTER
2023,22,0032,12697,0.9,2023 UFA,1,ROSTER
2023,22,0032,13332,0.9,2023 UFA,1,ROSTER
2023,22,0032,12860,1.5,2023 iEXT,4,ROSTER
2023,22,0032,15363,0.9,2023 UFA,1,ROSTER
2023,22,0032,13232,0.9,2023 UFA,1,ROSTER
2023,22,0032,13134,0.99,2023 ERFA,1,ROSTER
